[2026-07-26 19:56:33.945] local.info: [2.416ms] [rows:1] SELECT * FROM `emps` WHERE `emps`.`id` = '13'
[Context] map[trace.traceContextKeyType:{Span:<nil> sc:{traceID:[0 0 0 0 0 0 0 0 0 0 0 0 0 0 0 0] spanID:[0 0 0 0 0 0 0 0] traceFlags:0 traceState:{list:[]} remote:false}}]
[2026-07-26 19:56:33.947] local.info: [0.731ms] [rows:1] SELECT * FROM `emps` WHERE user_id=13
[Context] map[trace.traceContextKeyType:{Span:<nil> sc:{traceID:[0 0 0 0 0 0 0 0 0 0 0 0 0 0 0 0] spanID:[0 0 0 0 0 0 0 0] traceFlags:0 traceState:{list:[]} remote:false}}]
[2026-07-26 19:56:33.947] local.info: [0.532ms] [rows:1] SELECT count(*) FROM `depts`
[Context] map[trace.traceContextKeyType:{Span:<nil> sc:{traceID:[0 0 0 0 0 0 0 0 0 0 0 0 0 0 0 0] spanID:[0 0 0 0 0 0 0 0] traceFlags:0 traceState:{list:[]} remote:false}}]
[2026-07-26 19:56:33.948] local.info: [0.186ms] [rows:1] SELECT count(*) FROM `emps`
[Context] map[trace.traceContextKeyType:{Span:<nil> sc:{traceID:[0 0 0 0 0 0 0 0 0 0 0 0 0 0 0 0] spanID:[0 0 0 0 0 0 0 0] traceFlags:0 traceState:{list:[]} remote:false}}]
[2026-07-26 19:56:33.951] local.info: [3.128ms] [rows:1] SELECT count(*) FROM `flows`
[Context] map[trace.traceContextKeyType:{Span:<nil> sc:{traceID:[0 0 0 0 0 0 0 0 0 0 0 0 0 0 0 0] spanID:[0 0 0 0 0 0 0 0] traceFlags:0 traceState:{list:[]} remote:false}}]
[2026-07-26 19:56:33.951] local.info: [0.336ms] [rows:1] SELECT count(*) FROM `templates`
[Context] map[trace.traceContextKeyType:{Span:<nil> sc:{traceID:[0 0 0 0 0 0 0 0 0 0 0 0 0 0 0 0] spanID:[0 0 0 0 0 0 0 0] traceFlags:0 traceState:{list:[]} remote:false}}]
[2026-07-26 19:56:33.952] local.info: [0.897ms] [rows:1] SELECT count(*) FROM `entries`
[Context] map[trace.traceContextKeyType:{Span:<nil> sc:{traceID:[0 0 0 0 0 0 0 0 0 0 0 0 0 0 0 0] spanID:[0 0 0 0 0 0 0 0] traceFlags:0 traceState:{list:[]} remote:false}}]
[2026-07-26 19:56:33.953] local.info: [0.412ms] [rows:1] SELECT count(*) FROM `procs` WHERE status=0
[Context] map[trace.traceContextKeyType:{Span:<nil> sc:{traceID:[0 0 0 0 0 0 0 0 0 0 0 0 0 0 0 0] spanID:[0 0 0 0 0 0 0 0] traceFlags:0 traceState:{list:[]} remote:false}}]
[2026-07-26 19:56:33.954] local.info: [0.261ms] [rows:1] SELECT * FROM `emps` WHERE `emps`.`id` = 13
[Context] map[trace.traceContextKeyType:{Span:<nil> sc:{traceID:[0 0 0 0 0 0 0 0 0 0 0 0 0 0 0 0] spanID:[0 0 0 0 0 0 0 0] traceFlags:0 traceState:{list:[]} remote:false}}]
[2026-07-26 19:56:33.954] local.info: [0.325ms] [rows:1] SELECT * FROM `flows` WHERE `flows`.`id` = 1
[Context] map[trace.traceContextKeyType:{Span:<nil> sc:{traceID:[0 0 0 0 0 0 0 0 0 0 0 0 0 0 0 0] spanID:[0 0 0 0 0 0 0 0] traceFlags:0 traceState:{list:[]} remote:false}}]
[2026-07-26 19:56:33.954] local.info: [0.313ms] [rows:1] SELECT * FROM `processes` WHERE `processes`.`id` = 2
[Context] map[trace.traceContextKeyType:{Span:<nil> sc:{traceID:[0 0 0 0 0 0 0 0 0 0 0 0 0 0 0 0] spanID:[0 0 0 0 0 0 0 0] traceFlags:0 traceState:{list:[]} remote:false}}]
[2026-07-26 19:56:33.955] local.info: [0.393ms] [rows:1] SELECT * FROM `procs` WHERE `procs`.`entry_id` IN (3,2,1) ORDER BY id desc LIMIT 1
[Context] map[trace.traceContextKeyType:{Span:<nil> sc:{traceID:[0 0 0 0 0 0 0 0 0 0 0 0 0 0 0 0] spanID:[0 0 0 0 0 0 0 0] traceFlags:0 traceState:{list:[]} remote:false}}]
[2026-07-26 19:56:33.955] local.info: [2.025ms] [rows:3] SELECT * FROM `entries` WHERE emp_id=13 AND pid=0 ORDER BY id desc
[Context] map[trace.traceContextKeyType:{Span:<nil> sc:{traceID:[0 0 0 0 0 0 0 0 0 0 0 0 0 0 0 0] spanID:[0 0 0 0 0 0 0 0] traceFlags:0 traceState:{list:[]} remote:false}}]
[2026-07-26 19:56:33.955] local.info: [0.318ms] [rows:0] SELECT * FROM `procs` WHERE emp_id=13 AND status=0 ORDER BY id desc
[Context] map[trace.traceContextKeyType:{Span:<nil> sc:{traceID:[0 0 0 0 0 0 0 0 0 0 0 0 0 0 0 0] spanID:[0 0 0 0 0 0 0 0] traceFlags:0 traceState:{list:[]} remote:false}}]
[2026-07-26 19:56:33.956] local.info: [0.286ms] [rows:2] SELECT * FROM `flows` WHERE is_publish=1 AND is_show=1
[Context] map[trace.traceContextKeyType:{Span:<nil> sc:{traceID:[0 0 0 0 0 0 0 0 0 0 0 0 0 0 0 0] spanID:[0 0 0 0 0 0 0 0] traceFlags:0 traceState:{list:[]} remote:false}}]
[2026-07-26 19:56:33.956] local.info: [0.233ms] [rows:1] SELECT * FROM `emps` WHERE `emps`.`id` = 13
[Context] map[trace.traceContextKeyType:{Span:<nil> sc:{traceID:[0 0 0 0 0 0 0 0 0 0 0 0 0 0 0 0] spanID:[0 0 0 0 0 0 0 0] traceFlags:0 traceState:{list:[]} remote:false}}]
[2026-07-26 19:56:33.957] local.info: [0.294ms] [rows:3] SELECT * FROM `entries` WHERE `entries`.`id` IN (3,2,1)
[Context] map[trace.traceContextKeyType:{Span:<nil> sc:{traceID:[0 0 0 0 0 0 0 0 0 0 0 0 0 0 0 0] spanID:[0 0 0 0 0 0 0 0] traceFlags:0 traceState:{list:[]} remote:false}}]
[2026-07-26 19:56:33.957] local.info: [1.048ms] [rows:3] SELECT * FROM `procs` WHERE emp_id=13 AND status!=0 ORDER BY id desc
[Context] map[trace.traceContextKeyType:{Span:<nil> sc:{traceID:[0 0 0 0 0 0 0 0 0 0 0 0 0 0 0 0] spanID:[0 0 0 0 0 0 0 0] traceFlags:0 traceState:{list:[]} remote:false}}]
[2026-07-26 19:56:33.957] local.info: [0.443ms] [rows:0] SELECT * FROM `cc_records` WHERE emp_id=13 ORDER BY id desc
[Context] map[trace.traceContextKeyType:{Span:<nil> sc:{traceID:[0 0 0 0 0 0 0 0 0 0 0 0 0 0 0 0] spanID:[0 0 0 0 0 0 0 0] traceFlags:0 traceState:{list:[]} remote:false}}]
[2026-07-26 19:56:38.06] local.info: [1.104ms] [rows:1] SELECT * FROM `emps` WHERE `workno` = '30013'
[Context] map[trace.traceContextKeyType:{Span:<nil> sc:{traceID:[0 0 0 0 0 0 0 0 0 0 0 0 0 0 0 0] spanID:[0 0 0 0 0 0 0 0] traceFlags:0 traceState:{list:[]} remote:false}}]
[2026-07-26 19:56:38.06] local.info: [0.448ms] [rows:1] SELECT * FROM `emps` WHERE workno='30013'
[Context] map[trace.traceContextKeyType:{Span:<nil> sc:{traceID:[0 0 0 0 0 0 0 0 0 0 0 0 0 0 0 0] spanID:[0 0 0 0 0 0 0 0] traceFlags:0 traceState:{list:[]} remote:false}}]
[2026-07-26 19:56:38.392] local.info: [0.720ms] [rows:1] SELECT * FROM `emps` WHERE `emps`.`id` = '13'
[Context] map[trace.traceContextKeyType:{Span:<nil> sc:{traceID:[0 0 0 0 0 0 0 0 0 0 0 0 0 0 0 0] spanID:[0 0 0 0 0 0 0 0] traceFlags:0 traceState:{list:[]} remote:false}}]
[2026-07-26 19:56:38.392] local.info: [0.465ms] [rows:1] SELECT * FROM `emps` WHERE user_id=13
[Context] map[trace.traceContextKeyType:{Span:<nil> sc:{traceID:[0 0 0 0 0 0 0 0 0 0 0 0 0 0 0 0] spanID:[0 0 0 0 0 0 0 0] traceFlags:0 traceState:{list:[]} remote:false}}]
[2026-07-26 19:56:38.393] local.info: [0.516ms] [rows:1] SELECT count(*) FROM `depts`
[Context] map[trace.traceContextKeyType:{Span:<nil> sc:{traceID:[0 0 0 0 0 0 0 0 0 0 0 0 0 0 0 0] spanID:[0 0 0 0 0 0 0 0] traceFlags:0 traceState:{list:[]} remote:false}}]
[2026-07-26 19:56:38.393] local.info: [0.177ms] [rows:1] SELECT count(*) FROM `emps`
[Context] map[trace.traceContextKeyType:{Span:<nil> sc:{traceID:[0 0 0 0 0 0 0 0 0 0 0 0 0 0 0 0] spanID:[0 0 0 0 0 0 0 0] traceFlags:0 traceState:{list:[]} remote:false}}]
[2026-07-26 19:56:38.394] local.info: [0.769ms] [rows:1] SELECT count(*) FROM `flows`
[Context] map[trace.traceContextKeyType:{Span:<nil> sc:{traceID:[0 0 0 0 0 0 0 0 0 0 0 0 0 0 0 0] spanID:[0 0 0 0 0 0 0 0] traceFlags:0 traceState:{list:[]} remote:false}}]
[2026-07-26 19:56:38.395] local.info: [0.730ms] [rows:1] SELECT count(*) FROM `templates`
[Context] map[trace.traceContextKeyType:{Span:<nil> sc:{traceID:[0 0 0 0 0 0 0 0 0 0 0 0 0 0 0 0] spanID:[0 0 0 0 0 0 0 0] traceFlags:0 traceState:{list:[]} remote:false}}]
[2026-07-26 19:56:38.395] local.info: [0.317ms] [rows:1] SELECT count(*) FROM `entries`
[Context] map[trace.traceContextKeyType:{Span:<nil> sc:{traceID:[0 0 0 0 0 0 0 0 0 0 0 0 0 0 0 0] spanID:[0 0 0 0 0 0 0 0] traceFlags:0 traceState:{list:[]} remote:false}}]
[2026-07-26 19:56:38.395] local.info: [0.344ms] [rows:1] SELECT count(*) FROM `procs` WHERE status=0
[Context] map[trace.traceContextKeyType:{Span:<nil> sc:{traceID:[0 0 0 0 0 0 0 0 0 0 0 0 0 0 0 0] spanID:[0 0 0 0 0 0 0 0] traceFlags:0 traceState:{list:[]} remote:false}}]
[2026-07-26 19:56:38.397] local.info: [0.624ms] [rows:1] SELECT * FROM `emps` WHERE `emps`.`id` = 13
[Context] map[trace.traceContextKeyType:{Span:<nil> sc:{traceID:[0 0 0 0 0 0 0 0 0 0 0 0 0 0 0 0] spanID:[0 0 0 0 0 0 0 0] traceFlags:0 traceState:{list:[]} remote:false}}]
[2026-07-26 19:56:38.398] local.info: [0.625ms] [rows:1] SELECT * FROM `flows` WHERE `flows`.`id` = 1
[Context] map[trace.traceContextKeyType:{Span:<nil> sc:{traceID:[0 0 0 0 0 0 0 0 0 0 0 0 0 0 0 0] spanID:[0 0 0 0 0 0 0 0] traceFlags:0 traceState:{list:[]} remote:false}}]
[2026-07-26 19:56:38.399] local.info: [0.517ms] [rows:1] SELECT * FROM `processes` WHERE `processes`.`id` = 2
[Context] map[trace.traceContextKeyType:{Span:<nil> sc:{traceID:[0 0 0 0 0 0 0 0 0 0 0 0 0 0 0 0] spanID:[0 0 0 0 0 0 0 0] traceFlags:0 traceState:{list:[]} remote:false}}]
[2026-07-26 19:56:38.4] local.info: [0.758ms] [rows:1] SELECT * FROM `procs` WHERE `procs`.`entry_id` IN (3,2,1) ORDER BY id desc LIMIT 1
[Context] map[trace.traceContextKeyType:{Span:<nil> sc:{traceID:[0 0 0 0 0 0 0 0 0 0 0 0 0 0 0 0] spanID:[0 0 0 0 0 0 0 0] traceFlags:0 traceState:{list:[]} remote:false}}]
[2026-07-26 19:56:38.4] local.info: [4.331ms] [rows:3] SELECT * FROM `entries` WHERE emp_id=13 AND pid=0 ORDER BY id desc
[Context] map[trace.traceContextKeyType:{Span:<nil> sc:{traceID:[0 0 0 0 0 0 0 0 0 0 0 0 0 0 0 0] spanID:[0 0 0 0 0 0 0 0] traceFlags:0 traceState:{list:[]} remote:false}}]
[2026-07-26 19:56:38.401] local.info: [0.919ms] [rows:0] SELECT * FROM `procs` WHERE emp_id=13 AND status=0 ORDER BY id desc
[Context] map[trace.traceContextKeyType:{Span:<nil> sc:{traceID:[0 0 0 0 0 0 0 0 0 0 0 0 0 0 0 0] spanID:[0 0 0 0 0 0 0 0] traceFlags:0 traceState:{list:[]} remote:false}}]
[2026-07-26 19:56:38.402] local.info: [0.511ms] [rows:2] SELECT * FROM `flows` WHERE is_publish=1 AND is_show=1
[Context] map[trace.traceContextKeyType:{Span:<nil> sc:{traceID:[0 0 0 0 0 0 0 0 0 0 0 0 0 0 0 0] spanID:[0 0 0 0 0 0 0 0] traceFlags:0 traceState:{list:[]} remote:false}}]
[2026-07-26 19:56:38.403] local.info: [0.532ms] [rows:1] SELECT * FROM `emps` WHERE `emps`.`id` = 13
[Context] map[trace.traceContextKeyType:{Span:<nil> sc:{traceID:[0 0 0 0 0 0 0 0 0 0 0 0 0 0 0 0] spanID:[0 0 0 0 0 0 0 0] traceFlags:0 traceState:{list:[]} remote:false}}]
[2026-07-26 19:56:38.404] local.info: [0.502ms] [rows:3] SELECT * FROM `entries` WHERE `entries`.`id` IN (3,2,1)
[Context] map[trace.traceContextKeyType:{Span:<nil> sc:{traceID:[0 0 0 0 0 0 0 0 0 0 0 0 0 0 0 0] spanID:[0 0 0 0 0 0 0 0] traceFlags:0 traceState:{list:[]} remote:false}}]
[2026-07-26 19:56:38.404] local.info: [1.946ms] [rows:3] SELECT * FROM `procs` WHERE emp_id=13 AND status!=0 ORDER BY id desc
[Context] map[trace.traceContextKeyType:{Span:<nil> sc:{traceID:[0 0 0 0 0 0 0 0 0 0 0 0 0 0 0 0] spanID:[0 0 0 0 0 0 0 0] traceFlags:0 traceState:{list:[]} remote:false}}]
[2026-07-26 19:56:38.404] local.info: [0.374ms] [rows:0] SELECT * FROM `cc_records` WHERE emp_id=13 ORDER BY id desc
[Context] map[trace.traceContextKeyType:{Span:<nil> sc:{traceID:[0 0 0 0 0 0 0 0 0 0 0 0 0 0 0 0] spanID:[0 0 0 0 0 0 0 0] traceFlags:0 traceState:{list:[]} remote:false}}]
[2026-07-26 19:56:43.437] local.info: [0.528ms] [rows:6] SELECT * FROM `emps` WHERE `emps`.`id` IN (1,3,6,9,12,15)
[Context] map[trace.traceContextKeyType:{Span:<nil> sc:{traceID:[0 0 0 0 0 0 0 0 0 0 0 0 0 0 0 0] spanID:[0 0 0 0 0 0 0 0] traceFlags:0 traceState:{list:[]} remote:false}}]
[2026-07-26 19:56:43.437] local.info: [0.362ms] [rows:6] SELECT * FROM `emps` WHERE `emps`.`id` IN (1,2,5,8,11,14)
[Context] map[trace.traceContextKeyType:{Span:<nil> sc:{traceID:[0 0 0 0 0 0 0 0 0 0 0 0 0 0 0 0] spanID:[0 0 0 0 0 0 0 0] traceFlags:0 traceState:{list:[]} remote:false}}]
[2026-07-26 19:56:43.437] local.info: [1.824ms] [rows:6] SELECT * FROM `depts`
[Context] map[trace.traceContextKeyType:{Span:<nil> sc:{traceID:[0 0 0 0 0 0 0 0 0 0 0 0 0 0 0 0] spanID:[0 0 0 0 0 0 0 0] traceFlags:0 traceState:{list:[]} remote:false}}]
[2026-07-26 19:56:44.636] local.info: [1.291ms] [rows:1] SELECT * FROM `emps` WHERE `emps`.`id` = '13'
[Context] map[trace.traceContextKeyType:{Span:<nil> sc:{traceID:[0 0 0 0 0 0 0 0 0 0 0 0 0 0 0 0] spanID:[0 0 0 0 0 0 0 0] traceFlags:0 traceState:{list:[]} remote:false}}]
[2026-07-26 19:56:44.637] local.info: [0.572ms] [rows:1] SELECT * FROM `emps` WHERE user_id=13
[Context] map[trace.traceContextKeyType:{Span:<nil> sc:{traceID:[0 0 0 0 0 0 0 0 0 0 0 0 0 0 0 0] spanID:[0 0 0 0 0 0 0 0] traceFlags:0 traceState:{list:[]} remote:false}}]
[2026-07-26 19:56:44.638] local.info: [0.720ms] [rows:1] SELECT count(*) FROM `depts`
[Context] map[trace.traceContextKeyType:{Span:<nil> sc:{traceID:[0 0 0 0 0 0 0 0 0 0 0 0 0 0 0 0] spanID:[0 0 0 0 0 0 0 0] traceFlags:0 traceState:{list:[]} remote:false}}]
[2026-07-26 19:56:44.638] local.info: [0.289ms] [rows:1] SELECT count(*) FROM `emps`
[Context] map[trace.traceContextKeyType:{Span:<nil> sc:{traceID:[0 0 0 0 0 0 0 0 0 0 0 0 0 0 0 0] spanID:[0 0 0 0 0 0 0 0] traceFlags:0 traceState:{list:[]} remote:false}}]
[2026-07-26 19:56:44.639] local.info: [0.488ms] [rows:1] SELECT count(*) FROM `flows`
[Context] map[trace.traceContextKeyType:{Span:<nil> sc:{traceID:[0 0 0 0 0 0 0 0 0 0 0 0 0 0 0 0] spanID:[0 0 0 0 0 0 0 0] traceFlags:0 traceState:{list:[]} remote:false}}]
[2026-07-26 19:56:44.639] local.info: [0.405ms] [rows:1] SELECT count(*) FROM `templates`
[Context] map[trace.traceContextKeyType:{Span:<nil> sc:{traceID:[0 0 0 0 0 0 0 0 0 0 0 0 0 0 0 0] spanID:[0 0 0 0 0 0 0 0] traceFlags:0 traceState:{list:[]} remote:false}}]
[2026-07-26 19:56:44.64] local.info: [0.217ms] [rows:1] SELECT count(*) FROM `entries`
[Context] map[trace.traceContextKeyType:{Span:<nil> sc:{traceID:[0 0 0 0 0 0 0 0 0 0 0 0 0 0 0 0] spanID:[0 0 0 0 0 0 0 0] traceFlags:0 traceState:{list:[]} remote:false}}]
[2026-07-26 19:56:44.64] local.info: [0.473ms] [rows:1] SELECT count(*) FROM `procs` WHERE status=0
[Context] map[trace.traceContextKeyType:{Span:<nil> sc:{traceID:[0 0 0 0 0 0 0 0 0 0 0 0 0 0 0 0] spanID:[0 0 0 0 0 0 0 0] traceFlags:0 traceState:{list:[]} remote:false}}]
[2026-07-26 19:56:44.642] local.info: [0.964ms] [rows:1] SELECT * FROM `emps` WHERE `emps`.`id` = 13
[Context] map[trace.traceContextKeyType:{Span:<nil> sc:{traceID:[0 0 0 0 0 0 0 0 0 0 0 0 0 0 0 0] spanID:[0 0 0 0 0 0 0 0] traceFlags:0 traceState:{list:[]} remote:false}}]
[2026-07-26 19:56:44.643] local.info: [0.465ms] [rows:1] SELECT * FROM `flows` WHERE `flows`.`id` = 1
[Context] map[trace.traceContextKeyType:{Span:<nil> sc:{traceID:[0 0 0 0 0 0 0 0 0 0 0 0 0 0 0 0] spanID:[0 0 0 0 0 0 0 0] traceFlags:0 traceState:{list:[]} remote:false}}]
[2026-07-26 19:56:44.643] local.info: [0.547ms] [rows:1] SELECT * FROM `processes` WHERE `processes`.`id` = 2
[Context] map[trace.traceContextKeyType:{Span:<nil> sc:{traceID:[0 0 0 0 0 0 0 0 0 0 0 0 0 0 0 0] spanID:[0 0 0 0 0 0 0 0] traceFlags:0 traceState:{list:[]} remote:false}}]
[2026-07-26 19:56:44.644] local.info: [0.532ms] [rows:1] SELECT * FROM `procs` WHERE `procs`.`entry_id` IN (3,2,1) ORDER BY id desc LIMIT 1
[Context] map[trace.traceContextKeyType:{Span:<nil> sc:{traceID:[0 0 0 0 0 0 0 0 0 0 0 0 0 0 0 0] spanID:[0 0 0 0 0 0 0 0] traceFlags:0 traceState:{list:[]} remote:false}}]
[2026-07-26 19:56:44.644] local.info: [3.701ms] [rows:3] SELECT * FROM `entries` WHERE emp_id=13 AND pid=0 ORDER BY id desc
[Context] map[trace.traceContextKeyType:{Span:<nil> sc:{traceID:[0 0 0 0 0 0 0 0 0 0 0 0 0 0 0 0] spanID:[0 0 0 0 0 0 0 0] traceFlags:0 traceState:{list:[]} remote:false}}]
[2026-07-26 19:56:44.645] local.info: [0.430ms] [rows:0] SELECT * FROM `procs` WHERE emp_id=13 AND status=0 ORDER BY id desc
[Context] map[trace.traceContextKeyType:{Span:<nil> sc:{traceID:[0 0 0 0 0 0 0 0 0 0 0 0 0 0 0 0] spanID:[0 0 0 0 0 0 0 0] traceFlags:0 traceState:{list:[]} remote:false}}]
[2026-07-26 19:56:44.646] local.info: [0.768ms] [rows:2] SELECT * FROM `flows` WHERE is_publish=1 AND is_show=1
[Context] map[trace.traceContextKeyType:{Span:<nil> sc:{traceID:[0 0 0 0 0 0 0 0 0 0 0 0 0 0 0 0] spanID:[0 0 0 0 0 0 0 0] traceFlags:0 traceState:{list:[]} remote:false}}]
[2026-07-26 19:56:44.647] local.info: [0.376ms] [rows:1] SELECT * FROM `emps` WHERE `emps`.`id` = 13
[Context] map[trace.traceContextKeyType:{Span:<nil> sc:{traceID:[0 0 0 0 0 0 0 0 0 0 0 0 0 0 0 0] spanID:[0 0 0 0 0 0 0 0] traceFlags:0 traceState:{list:[]} remote:false}}]
[2026-07-26 19:56:44.647] local.info: [0.429ms] [rows:3] SELECT * FROM `entries` WHERE `entries`.`id` IN (3,2,1)
[Context] map[trace.traceContextKeyType:{Span:<nil> sc:{traceID:[0 0 0 0 0 0 0 0 0 0 0 0 0 0 0 0] spanID:[0 0 0 0 0 0 0 0] traceFlags:0 traceState:{list:[]} remote:false}}]
[2026-07-26 19:56:44.647] local.info: [1.657ms] [rows:3] SELECT * FROM `procs` WHERE emp_id=13 AND status!=0 ORDER BY id desc
[Context] map[trace.traceContextKeyType:{Span:<nil> sc:{traceID:[0 0 0 0 0 0 0 0 0 0 0 0 0 0 0 0] spanID:[0 0 0 0 0 0 0 0] traceFlags:0 traceState:{list:[]} remote:false}}]
[2026-07-26 19:56:44.648] local.info: [0.505ms] [rows:0] SELECT * FROM `cc_records` WHERE emp_id=13 ORDER BY id desc
[Context] map[trace.traceContextKeyType:{Span:<nil> sc:{traceID:[0 0 0 0 0 0 0 0 0 0 0 0 0 0 0 0] spanID:[0 0 0 0 0 0 0 0] traceFlags:0 traceState:{list:[]} remote:false}}]
[2026-07-26 19:56:45.685] local.info: [1.487ms] [rows:1] SELECT count(*) FROM `flows`
[Context] map[trace.traceContextKeyType:{Span:<nil> sc:{traceID:[0 0 0 0 0 0 0 0 0 0 0 0 0 0 0 0] spanID:[0 0 0 0 0 0 0 0] traceFlags:0 traceState:{list:[]} remote:false}}]
[2026-07-26 19:56:45.686] local.info: [0.748ms] [rows:2] SELECT * FROM `flows` LIMIT 10
[Context] map[trace.traceContextKeyType:{Span:<nil> sc:{traceID:[0 0 0 0 0 0 0 0 0 0 0 0 0 0 0 0] spanID:[0 0 0 0 0 0 0 0] traceFlags:0 traceState:{list:[]} remote:false}}]
[2026-07-26 19:56:47.107] local.info: [0.951ms] [rows:2] SELECT * FROM `templates`
[Context] map[trace.traceContextKeyType:{Span:<nil> sc:{traceID:[0 0 0 0 0 0 0 0 0 0 0 0 0 0 0 0] spanID:[0 0 0 0 0 0 0 0] traceFlags:0 traceState:{list:[]} remote:false}}]
[2026-07-26 19:56:47.108] local.info: [0.792ms] [rows:1] SELECT * FROM `flowtypes`
[Context] map[trace.traceContextKeyType:{Span:<nil> sc:{traceID:[0 0 0 0 0 0 0 0 0 0 0 0 0 0 0 0] spanID:[0 0 0 0 0 0 0 0] traceFlags:0 traceState:{list:[]} remote:false}}]
[2026-07-26 19:56:48.689] local.info: [0.791ms] [rows:1] SELECT * FROM `emps` WHERE `emps`.`id` = '13'
[Context] map[trace.traceContextKeyType:{Span:<nil> sc:{traceID:[0 0 0 0 0 0 0 0 0 0 0 0 0 0 0 0] spanID:[0 0 0 0 0 0 0 0] traceFlags:0 traceState:{list:[]} remote:false}}]
[2026-07-26 19:56:48.69] local.info: [0.587ms] [rows:1] SELECT * FROM `emps` WHERE user_id=13
[Context] map[trace.traceContextKeyType:{Span:<nil> sc:{traceID:[0 0 0 0 0 0 0 0 0 0 0 0 0 0 0 0] spanID:[0 0 0 0 0 0 0 0] traceFlags:0 traceState:{list:[]} remote:false}}]
[2026-07-26 19:56:48.691] local.info: [0.734ms] [rows:1] SELECT count(*) FROM `depts`
[Context] map[trace.traceContextKeyType:{Span:<nil> sc:{traceID:[0 0 0 0 0 0 0 0 0 0 0 0 0 0 0 0] spanID:[0 0 0 0 0 0 0 0] traceFlags:0 traceState:{list:[]} remote:false}}]
[2026-07-26 19:56:48.691] local.info: [0.209ms] [rows:1] SELECT count(*) FROM `emps`
[Context] map[trace.traceContextKeyType:{Span:<nil> sc:{traceID:[0 0 0 0 0 0 0 0 0 0 0 0 0 0 0 0] spanID:[0 0 0 0 0 0 0 0] traceFlags:0 traceState:{list:[]} remote:false}}]
[2026-07-26 19:56:48.692] local.info: [0.479ms] [rows:1] SELECT count(*) FROM `flows`
[Context] map[trace.traceContextKeyType:{Span:<nil> sc:{traceID:[0 0 0 0 0 0 0 0 0 0 0 0 0 0 0 0] spanID:[0 0 0 0 0 0 0 0] traceFlags:0 traceState:{list:[]} remote:false}}]
[2026-07-26 19:56:48.693] local.info: [0.569ms] [rows:1] SELECT count(*) FROM `templates`
[Context] map[trace.traceContextKeyType:{Span:<nil> sc:{traceID:[0 0 0 0 0 0 0 0 0 0 0 0 0 0 0 0] spanID:[0 0 0 0 0 0 0 0] traceFlags:0 traceState:{list:[]} remote:false}}]
[2026-07-26 19:56:48.693] local.info: [0.177ms] [rows:1] SELECT count(*) FROM `entries`
[Context] map[trace.traceContextKeyType:{Span:<nil> sc:{traceID:[0 0 0 0 0 0 0 0 0 0 0 0 0 0 0 0] spanID:[0 0 0 0 0 0 0 0] traceFlags:0 traceState:{list:[]} remote:false}}]
[2026-07-26 19:56:48.693] local.info: [0.347ms] [rows:1] SELECT count(*) FROM `procs` WHERE status=0
[Context] map[trace.traceContextKeyType:{Span:<nil> sc:{traceID:[0 0 0 0 0 0 0 0 0 0 0 0 0 0 0 0] spanID:[0 0 0 0 0 0 0 0] traceFlags:0 traceState:{list:[]} remote:false}}]
[2026-07-26 19:56:48.694] local.info: [0.273ms] [rows:1] SELECT * FROM `emps` WHERE `emps`.`id` = 13
[Context] map[trace.traceContextKeyType:{Span:<nil> sc:{traceID:[0 0 0 0 0 0 0 0 0 0 0 0 0 0 0 0] spanID:[0 0 0 0 0 0 0 0] traceFlags:0 traceState:{list:[]} remote:false}}]
[2026-07-26 19:56:48.694] local.info: [0.294ms] [rows:1] SELECT * FROM `flows` WHERE `flows`.`id` = 1
[Context] map[trace.traceContextKeyType:{Span:<nil> sc:{traceID:[0 0 0 0 0 0 0 0 0 0 0 0 0 0 0 0] spanID:[0 0 0 0 0 0 0 0] traceFlags:0 traceState:{list:[]} remote:false}}]
[2026-07-26 19:56:48.695] local.info: [0.390ms] [rows:1] SELECT * FROM `processes` WHERE `processes`.`id` = 2
[Context] map[trace.traceContextKeyType:{Span:<nil> sc:{traceID:[0 0 0 0 0 0 0 0 0 0 0 0 0 0 0 0] spanID:[0 0 0 0 0 0 0 0] traceFlags:0 traceState:{list:[]} remote:false}}]
[2026-07-26 19:56:48.695] local.info: [0.471ms] [rows:1] SELECT * FROM `procs` WHERE `procs`.`entry_id` IN (3,2,1) ORDER BY id desc LIMIT 1
[Context] map[trace.traceContextKeyType:{Span:<nil> sc:{traceID:[0 0 0 0 0 0 0 0 0 0 0 0 0 0 0 0] spanID:[0 0 0 0 0 0 0 0] traceFlags:0 traceState:{list:[]} remote:false}}]
[2026-07-26 19:56:48.695] local.info: [2.088ms] [rows:3] SELECT * FROM `entries` WHERE emp_id=13 AND pid=0 ORDER BY id desc
[Context] map[trace.traceContextKeyType:{Span:<nil> sc:{traceID:[0 0 0 0 0 0 0 0 0 0 0 0 0 0 0 0] spanID:[0 0 0 0 0 0 0 0] traceFlags:0 traceState:{list:[]} remote:false}}]
[2026-07-26 19:56:48.696] local.info: [0.454ms] [rows:0] SELECT * FROM `procs` WHERE emp_id=13 AND status=0 ORDER BY id desc
[Context] map[trace.traceContextKeyType:{Span:<nil> sc:{traceID:[0 0 0 0 0 0 0 0 0 0 0 0 0 0 0 0] spanID:[0 0 0 0 0 0 0 0] traceFlags:0 traceState:{list:[]} remote:false}}]
[2026-07-26 19:56:48.696] local.info: [0.361ms] [rows:2] SELECT * FROM `flows` WHERE is_publish=1 AND is_show=1
[Context] map[trace.traceContextKeyType:{Span:<nil> sc:{traceID:[0 0 0 0 0 0 0 0 0 0 0 0 0 0 0 0] spanID:[0 0 0 0 0 0 0 0] traceFlags:0 traceState:{list:[]} remote:false}}]
[2026-07-26 19:56:48.697] local.info: [0.377ms] [rows:1] SELECT * FROM `emps` WHERE `emps`.`id` = 13
[Context] map[trace.traceContextKeyType:{Span:<nil> sc:{traceID:[0 0 0 0 0 0 0 0 0 0 0 0 0 0 0 0] spanID:[0 0 0 0 0 0 0 0] traceFlags:0 traceState:{list:[]} remote:false}}]
[2026-07-26 19:56:48.698] local.info: [0.612ms] [rows:3] SELECT * FROM `entries` WHERE `entries`.`id` IN (3,2,1)
[Context] map[trace.traceContextKeyType:{Span:<nil> sc:{traceID:[0 0 0 0 0 0 0 0 0 0 0 0 0 0 0 0] spanID:[0 0 0 0 0 0 0 0] traceFlags:0 traceState:{list:[]} remote:false}}]
[2026-07-26 19:56:48.698] local.info: [1.633ms] [rows:3] SELECT * FROM `procs` WHERE emp_id=13 AND status!=0 ORDER BY id desc
[Context] map[trace.traceContextKeyType:{Span:<nil> sc:{traceID:[0 0 0 0 0 0 0 0 0 0 0 0 0 0 0 0] spanID:[0 0 0 0 0 0 0 0] traceFlags:0 traceState:{list:[]} remote:false}}]
[2026-07-26 19:56:48.698] local.info: [0.430ms] [rows:0] SELECT * FROM `cc_records` WHERE emp_id=13 ORDER BY id desc
[Context] map[trace.traceContextKeyType:{Span:<nil> sc:{traceID:[0 0 0 0 0 0 0 0 0 0 0 0 0 0 0 0] spanID:[0 0 0 0 0 0 0 0] traceFlags:0 traceState:{list:[]} remote:false}}]
[2026-07-26 19:56:50.916] local.info: [1.189ms] [rows:1] SELECT count(*) FROM `flows`
[Context] map[trace.traceContextKeyType:{Span:<nil> sc:{traceID:[0 0 0 0 0 0 0 0 0 0 0 0 0 0 0 0] spanID:[0 0 0 0 0 0 0 0] traceFlags:0 traceState:{list:[]} remote:false}}]
[2026-07-26 19:56:50.917] local.info: [0.559ms] [rows:2] SELECT * FROM `flows` LIMIT 10
[Context] map[trace.traceContextKeyType:{Span:<nil> sc:{traceID:[0 0 0 0 0 0 0 0 0 0 0 0 0 0 0 0] spanID:[0 0 0 0 0 0 0 0] traceFlags:0 traceState:{list:[]} remote:false}}]
[2026-07-26 19:56:52.921] local.info: [0.855ms] [rows:2] SELECT * FROM `templates`
[Context] map[trace.traceContextKeyType:{Span:<nil> sc:{traceID:[0 0 0 0 0 0 0 0 0 0 0 0 0 0 0 0] spanID:[0 0 0 0 0 0 0 0] traceFlags:0 traceState:{list:[]} remote:false}}]
[2026-07-26 19:56:52.921] local.info: [0.405ms] [rows:1] SELECT * FROM `flowtypes`
[Context] map[trace.traceContextKeyType:{Span:<nil> sc:{traceID:[0 0 0 0 0 0 0 0 0 0 0 0 0 0 0 0] spanID:[0 0 0 0 0 0 0 0] traceFlags:0 traceState:{list:[]} remote:false}}]
[2026-07-26 19:57:06.683] local.info: [0.832ms] [rows:1] SELECT count(*) FROM `templates`
[Context] map[trace.traceContextKeyType:{Span:<nil> sc:{traceID:[0 0 0 0 0 0 0 0 0 0 0 0 0 0 0 0] spanID:[0 0 0 0 0 0 0 0] traceFlags:0 traceState:{list:[]} remote:false}}]
[2026-07-26 19:57:06.683] local.info: [0.523ms] [rows:2] SELECT * FROM `templates` LIMIT 10
[Context] map[trace.traceContextKeyType:{Span:<nil> sc:{traceID:[0 0 0 0 0 0 0 0 0 0 0 0 0 0 0 0] spanID:[0 0 0 0 0 0 0 0] traceFlags:0 traceState:{list:[]} remote:false}}]
[2026-07-26 19:57:13.864] local.info: [2.092ms] [rows:1] INSERT INTO `templates` (`created_at`,`updated_at`,`template_name`) VALUES ('2026-07-26 19:57:13.862','2026-07-26 19:57:13.862','加签')
[Context] map[trace.traceContextKeyType:{Span:<nil> sc:{traceID:[0 0 0 0 0 0 0 0 0 0 0 0 0 0 0 0] spanID:[0 0 0 0 0 0 0 0] traceFlags:0 traceState:{list:[]} remote:false}}]
[2026-07-26 19:57:13.889] local.info: [1.305ms] [rows:1] SELECT count(*) FROM `templates`
[Context] map[trace.traceContextKeyType:{Span:<nil> sc:{traceID:[0 0 0 0 0 0 0 0 0 0 0 0 0 0 0 0] spanID:[0 0 0 0 0 0 0 0] traceFlags:0 traceState:{list:[]} remote:false}}]
[2026-07-26 19:57:13.89] local.info: [0.633ms] [rows:3] SELECT * FROM `templates` LIMIT 10
[Context] map[trace.traceContextKeyType:{Span:<nil> sc:{traceID:[0 0 0 0 0 0 0 0 0 0 0 0 0 0 0 0] spanID:[0 0 0 0 0 0 0 0] traceFlags:0 traceState:{list:[]} remote:false}}]
[2026-07-26 19:57:15.931] local.info: [1.913ms] [rows:0] SELECT * FROM `templateforms` WHERE template_id=3 ORDER BY sort asc,id desc
[Context] map[trace.traceContextKeyType:{Span:<nil> sc:{traceID:[0 0 0 0 0 0 0 0 0 0 0 0 0 0 0 0] spanID:[0 0 0 0 0 0 0 0] traceFlags:0 traceState:{list:[]} remote:false}}]
[2026-07-26 19:57:16.95] local.info: [1.262ms] [rows:3] SELECT template_name as label,id as value FROM `templates`
[Context] map[trace.traceContextKeyType:{Span:<nil> sc:{traceID:[0 0 0 0 0 0 0 0 0 0 0 0 0 0 0 0] spanID:[0 0 0 0 0 0 0 0] traceFlags:0 traceState:{list:[]} remote:false}}]
[2026-07-26 19:57:39.973] local.info: [2.489ms] [rows:1] INSERT INTO `templateforms` (`created_at`,`updated_at`,`field`,`field_name`,`field_type`,`field_value`,`field_default_value`,`field_rules`,`sort`,`template_id`) VALUES ('2026-07-26 19:57:39.971','2026-07-26 19:57:39.971','username','姓名','text','[]','','[{"rule_name":"","rule_title":"username","rule_value":""}]',100,3)
[Context] map[trace.traceContextKeyType:{Span:<nil> sc:{traceID:[0 0 0 0 0 0 0 0 0 0 0 0 0 0 0 0] spanID:[0 0 0 0 0 0 0 0] traceFlags:0 traceState:{list:[]} remote:false}}]
[2026-07-26 19:57:42.699] local.info: [0.786ms] [rows:1] SELECT count(*) FROM `flows`
[Context] map[trace.traceContextKeyType:{Span:<nil> sc:{traceID:[0 0 0 0 0 0 0 0 0 0 0 0 0 0 0 0] spanID:[0 0 0 0 0 0 0 0] traceFlags:0 traceState:{list:[]} remote:false}}]
[2026-07-26 19:57:42.699] local.info: [0.633ms] [rows:2] SELECT * FROM `flows` LIMIT 10
[Context] map[trace.traceContextKeyType:{Span:<nil> sc:{traceID:[0 0 0 0 0 0 0 0 0 0 0 0 0 0 0 0] spanID:[0 0 0 0 0 0 0 0] traceFlags:0 traceState:{list:[]} remote:false}}]
[2026-07-26 19:57:43.924] local.info: [0.798ms] [rows:3] SELECT * FROM `templates`
[Context] map[trace.traceContextKeyType:{Span:<nil> sc:{traceID:[0 0 0 0 0 0 0 0 0 0 0 0 0 0 0 0] spanID:[0 0 0 0 0 0 0 0] traceFlags:0 traceState:{list:[]} remote:false}}]
[2026-07-26 19:57:43.925] local.info: [0.297ms] [rows:1] SELECT * FROM `flowtypes`
[Context] map[trace.traceContextKeyType:{Span:<nil> sc:{traceID:[0 0 0 0 0 0 0 0 0 0 0 0 0 0 0 0] spanID:[0 0 0 0 0 0 0 0] traceFlags:0 traceState:{list:[]} remote:false}}]
[2026-07-26 19:57:55.282] local.info: [1.883ms] [rows:1] INSERT INTO `flows` (`created_at`,`updated_at`,`flow_no`,`flow_name`,`template_id`,`flowchart`,`jsplumb`,`type_id`,`is_publish`,`is_show`) VALUES ('2026-07-26 19:57:55.281','2026-07-26 19:57:55.281','JQ001','加签流程',3,'','',1,false,true)
[Context] map[trace.traceContextKeyType:{Span:<nil> sc:{traceID:[0 0 0 0 0 0 0 0 0 0 0 0 0 0 0 0] spanID:[0 0 0 0 0 0 0 0] traceFlags:0 traceState:{list:[]} remote:false}}]
[2026-07-26 19:57:56.317] local.info: [1.723ms] [rows:1] SELECT count(*) FROM `flows`
[Context] map[trace.traceContextKeyType:{Span:<nil> sc:{traceID:[0 0 0 0 0 0 0 0 0 0 0 0 0 0 0 0] spanID:[0 0 0 0 0 0 0 0] traceFlags:0 traceState:{list:[]} remote:false}}]
[2026-07-26 19:57:56.318] local.info: [0.960ms] [rows:3] SELECT * FROM `flows` LIMIT 10
[Context] map[trace.traceContextKeyType:{Span:<nil> sc:{traceID:[0 0 0 0 0 0 0 0 0 0 0 0 0 0 0 0] spanID:[0 0 0 0 0 0 0 0] traceFlags:0 traceState:{list:[]} remote:false}}]
[2026-07-26 19:58:03.388] local.info: [0.426ms] [rows:0] SELECT * FROM `processvars` WHERE `processvars`.`flow_id` = 3
[Context] map[trace.traceContextKeyType:{Span:<nil> sc:{traceID:[0 0 0 0 0 0 0 0 0 0 0 0 0 0 0 0] spanID:[0 0 0 0 0 0 0 0] traceFlags:0 traceState:{list:[]} remote:false}}]
[2026-07-26 19:58:03.388] local.info: [0.359ms] [rows:0] SELECT * FROM `processes` WHERE `processes`.`flow_id` = 3
[Context] map[trace.traceContextKeyType:{Span:<nil> sc:{traceID:[0 0 0 0 0 0 0 0 0 0 0 0 0 0 0 0] spanID:[0 0 0 0 0 0 0 0] traceFlags:0 traceState:{list:[]} remote:false}}]
[2026-07-26 19:58:03.388] local.info: [3.293ms] [rows:1] SELECT * FROM `flows` WHERE id=3
[Context] map[trace.traceContextKeyType:{Span:<nil> sc:{traceID:[0 0 0 0 0 0 0 0 0 0 0 0 0 0 0 0] spanID:[0 0 0 0 0 0 0 0] traceFlags:0 traceState:{list:[]} remote:false}}]
[2026-07-26 19:58:04.606] local.info: [0.978ms] [rows:1] SELECT * FROM `flows` WHERE id=3
[Context] map[trace.traceContextKeyType:{Span:<nil> sc:{traceID:[0 0 0 0 0 0 0 0 0 0 0 0 0 0 0 0] spanID:[0 0 0 0 0 0 0 0] traceFlags:0 traceState:{list:[]} remote:false}}]
[2026-07-26 19:58:04.607] local.info: [0.847ms] [rows:1] INSERT INTO `processes` (`created_at`,`updated_at`,`flow_id`,`process_name`,`limit_time`,`type`,`icon`,`process_to`,`style`,`style_color`,`style_height`,`style_width`,`position_left`,`position_top`,`position`,`child_flow_id`,`child_after`,`child_back_process`,`description`,`cc_emp_ids`) VALUES ('2026-07-26 19:58:04.606','2026-07-26 19:58:04.606',3,'新建流程',0,'operation','','','width:200px;height:48px;line-height:30px;color:#66CDAA;left:230px;top:169px;','#78a300',48,200,'230px','169px',1,0,2,0,'','')
[Context] map[trace.traceContextKeyType:{Span:<nil> sc:{traceID:[0 0 0 0 0 0 0 0 0 0 0 0 0 0 0 0] spanID:[0 0 0 0 0 0 0 0] traceFlags:0 traceState:{list:[]} remote:false}}]
[2026-07-26 19:58:04.608] local.info: [0.525ms] [rows:1] UPDATE `flows` SET `jsplumb`='{"total":1,"list":{"6":{"id":6,"flow_id":3,"process_name":"新建流程","process_to":"","icon":"","style":"width:200px;height:48px;line-height:30px;color:#66CDAA;left:230px;top:169px;"}}}',`updated_at`='2026-07-26 19:58:04.608' WHERE id=3
[Context] map[trace.traceContextKeyType:{Span:<nil> sc:{traceID:[0 0 0 0 0 0 0 0 0 0 0 0 0 0 0 0] spanID:[0 0 0 0 0 0 0 0] traceFlags:0 traceState:{list:[]} remote:false}}]
[2026-07-26 19:58:04.609] local.info: [0.400ms] [rows:0] UPDATE `flows` SET `created_at`='2026-07-26 19:57:55',`updated_at`='2026-07-26 19:58:04.608',`id`=3,`flow_no`='JQ001',`flow_name`='加签流程',`template_id`=3,`type_id`=1,`is_show`=true WHERE id=3
[Context] map[trace.traceContextKeyType:{Span:<nil> sc:{traceID:[0 0 0 0 0 0 0 0 0 0 0 0 0 0 0 0] spanID:[0 0 0 0 0 0 0 0] traceFlags:0 traceState:{list:[]} remote:false}}]
[2026-07-26 19:58:04.618] local.info: [0.557ms] [rows:0] SELECT * FROM `processvars` WHERE `processvars`.`flow_id` = 3
[Context] map[trace.traceContextKeyType:{Span:<nil> sc:{traceID:[0 0 0 0 0 0 0 0 0 0 0 0 0 0 0 0] spanID:[0 0 0 0 0 0 0 0] traceFlags:0 traceState:{list:[]} remote:false}}]
[2026-07-26 19:58:04.619] local.info: [0.774ms] [rows:1] SELECT * FROM `processes` WHERE `processes`.`flow_id` = 3
[Context] map[trace.traceContextKeyType:{Span:<nil> sc:{traceID:[0 0 0 0 0 0 0 0 0 0 0 0 0 0 0 0] spanID:[0 0 0 0 0 0 0 0] traceFlags:0 traceState:{list:[]} remote:false}}]
[2026-07-26 19:58:04.619] local.info: [2.824ms] [rows:1] SELECT * FROM `flows` WHERE id=3
[Context] map[trace.traceContextKeyType:{Span:<nil> sc:{traceID:[0 0 0 0 0 0 0 0 0 0 0 0 0 0 0 0] spanID:[0 0 0 0 0 0 0 0] traceFlags:0 traceState:{list:[]} remote:false}}]
[2026-07-26 19:58:05.429] local.info: [0.762ms] [rows:1] SELECT * FROM `processes` WHERE id=6
[Context] map[trace.traceContextKeyType:{Span:<nil> sc:{traceID:[0 0 0 0 0 0 0 0 0 0 0 0 0 0 0 0] spanID:[0 0 0 0 0 0 0 0] traceFlags:0 traceState:{list:[]} remote:false}}]
[2026-07-26 19:58:05.43] local.info: [1.141ms] [rows:0] SELECT * FROM `flowlinks` WHERE process_id=6 AND flow_id=3
[Context] map[trace.traceContextKeyType:{Span:<nil> sc:{traceID:[0 0 0 0 0 0 0 0 0 0 0 0 0 0 0 0] spanID:[0 0 0 0 0 0 0 0] traceFlags:0 traceState:{list:[]} remote:false}}]
[2026-07-26 19:58:05.43] local.info: [0.308ms] [rows:0] SELECT `next_process_id` FROM `flowlinks` WHERE process_id=6 AND flow_id=3
[Context] map[trace.traceContextKeyType:{Span:<nil> sc:{traceID:[0 0 0 0 0 0 0 0 0 0 0 0 0 0 0 0] spanID:[0 0 0 0 0 0 0 0] traceFlags:0 traceState:{list:[]} remote:false}}]
[2026-07-26 19:58:05.431] local.info: [0.384ms] [rows:0] SELECT * FROM `flowlinks` WHERE flow_id=3 AND type != 'Condition' AND process_id not in (NULL) AND next_process_id > 0
[Context] map[trace.traceContextKeyType:{Span:<nil> sc:{traceID:[0 0 0 0 0 0 0 0 0 0 0 0 0 0 0 0] spanID:[0 0 0 0 0 0 0 0] traceFlags:0 traceState:{list:[]} remote:false}}]
[2026-07-26 19:58:05.432] local.info: [0.302ms] [rows:1] SELECT * FROM `templates` WHERE `templates`.`id` = 3
[Context] map[trace.traceContextKeyType:{Span:<nil> sc:{traceID:[0 0 0 0 0 0 0 0 0 0 0 0 0 0 0 0] spanID:[0 0 0 0 0 0 0 0] traceFlags:0 traceState:{list:[]} remote:false}}]
[2026-07-26 19:58:05.432] local.info: [0.800ms] [rows:1] SELECT * FROM `flows` WHERE id=3
[Context] map[trace.traceContextKeyType:{Span:<nil> sc:{traceID:[0 0 0 0 0 0 0 0 0 0 0 0 0 0 0 0] spanID:[0 0 0 0 0 0 0 0] traceFlags:0 traceState:{list:[]} remote:false}}]
[2026-07-26 19:58:05.432] local.info: [0.392ms] [rows:1] SELECT * FROM `templateforms` WHERE template_id=3
[Context] map[trace.traceContextKeyType:{Span:<nil> sc:{traceID:[0 0 0 0 0 0 0 0 0 0 0 0 0 0 0 0] spanID:[0 0 0 0 0 0 0 0] traceFlags:0 traceState:{list:[]} remote:false}}]
[2026-07-26 19:58:05.433] local.info: [0.323ms] [rows:0] SELECT `auditor` FROM `flowlinks` WHERE process_id=6 AND type='Emp'
[Context] map[trace.traceContextKeyType:{Span:<nil> sc:{traceID:[0 0 0 0 0 0 0 0 0 0 0 0 0 0 0 0] spanID:[0 0 0 0 0 0 0 0] traceFlags:0 traceState:{list:[]} remote:false}}]
[2026-07-26 19:58:05.433] local.info: [0.401ms] [rows:0] SELECT * FROM `emps` WHERE id in ('')
[Context] map[trace.traceContextKeyType:{Span:<nil> sc:{traceID:[0 0 0 0 0 0 0 0 0 0 0 0 0 0 0 0] spanID:[0 0 0 0 0 0 0 0] traceFlags:0 traceState:{list:[]} remote:false}}]
[2026-07-26 19:58:05.434] local.info: [0.435ms] [rows:0] SELECT * FROM `flowlinks` WHERE process_id = 6 AND flow_id=3 AND type='Sys'
[Context] map[trace.traceContextKeyType:{Span:<nil> sc:{traceID:[0 0 0 0 0 0 0 0 0 0 0 0 0 0 0 0] spanID:[0 0 0 0 0 0 0 0] traceFlags:0 traceState:{list:[]} remote:false}}]
[2026-07-26 19:58:05.434] local.info: [0.302ms] [rows:0] SELECT `auditor` FROM `flowlinks` WHERE type='Dept' AND process_id=6
[Context] map[trace.traceContextKeyType:{Span:<nil> sc:{traceID:[0 0 0 0 0 0 0 0 0 0 0 0 0 0 0 0] spanID:[0 0 0 0 0 0 0 0] traceFlags:0 traceState:{list:[]} remote:false}}]
[2026-07-26 19:58:05.435] local.info: [0.315ms] [rows:0] SELECT * FROM `depts` WHERE id in ('')
[Context] map[trace.traceContextKeyType:{Span:<nil> sc:{traceID:[0 0 0 0 0 0 0 0 0 0 0 0 0 0 0 0] spanID:[0 0 0 0 0 0 0 0] traceFlags:0 traceState:{list:[]} remote:false}}]
[2026-07-26 19:58:05.435] local.info: [0.457ms] [rows:2] SELECT * FROM `flows` WHERE is_publish=1 AND id!=3
[Context] map[trace.traceContextKeyType:{Span:<nil> sc:{traceID:[0 0 0 0 0 0 0 0 0 0 0 0 0 0 0 0] spanID:[0 0 0 0 0 0 0 0] traceFlags:0 traceState:{list:[]} remote:false}}]
[2026-07-26 19:58:05.436] local.info: [0.367ms] [rows:1] SELECT * FROM `processes` WHERE flow_id=3
[Context] map[trace.traceContextKeyType:{Span:<nil> sc:{traceID:[0 0 0 0 0 0 0 0 0 0 0 0 0 0 0 0] spanID:[0 0 0 0 0 0 0 0] traceFlags:0 traceState:{list:[]} remote:false}}]
[2026-07-26 19:58:05.436] local.info: [0.331ms] [rows:0] SELECT * FROM `flowlinks` WHERE process_id = 6 AND flow_id=3 AND type='Emp'
[Context] map[trace.traceContextKeyType:{Span:<nil> sc:{traceID:[0 0 0 0 0 0 0 0 0 0 0 0 0 0 0 0] spanID:[0 0 0 0 0 0 0 0] traceFlags:0 traceState:{list:[]} remote:false}}]
[2026-07-26 19:58:05.436] local.info: [0.299ms] [rows:0] SELECT * FROM `flowlinks` WHERE process_id = 6 AND flow_id=3 AND type='Dept'
[Context] map[trace.traceContextKeyType:{Span:<nil> sc:{traceID:[0 0 0 0 0 0 0 0 0 0 0 0 0 0 0 0] spanID:[0 0 0 0 0 0 0 0] traceFlags:0 traceState:{list:[]} remote:false}}]
[2026-07-26 19:58:13.362] local.info: [1.462ms] [rows:1] SELECT * FROM `processes` WHERE id=6
[Context] map[trace.traceContextKeyType:{Span:<nil> sc:{traceID:[0 0 0 0 0 0 0 0 0 0 0 0 0 0 0 0] spanID:[0 0 0 0 0 0 0 0] traceFlags:0 traceState:{list:[]} remote:false}}]
[2026-07-26 19:58:13.363] local.info: [0.611ms] [rows:0] UPDATE `processes` SET `position`=1,`updated_at`='2026-07-26 19:58:13.362' WHERE flow_id=3 AND `position` = 0
[Context] map[trace.traceContextKeyType:{Span:<nil> sc:{traceID:[0 0 0 0 0 0 0 0 0 0 0 0 0 0 0 0] spanID:[0 0 0 0 0 0 0 0] traceFlags:0 traceState:{list:[]} remote:false}}]
[2026-07-26 19:58:13.364] local.info: [0.776ms] [rows:1] UPDATE `processes` SET `created_at`='2026-07-26 19:58:05',`updated_at`='2026-07-26 19:58:13.363',`id`=6,`flow_id`=3,`process_name`='开始',`limit_time`=0,`type`='operation',`icon`='',`process_to`='',`style`='width:200px;height:48px;line-height:30px;color:#78a300;left:230px;top:169px;',`style_color`='#78a300',`style_height`=48,`style_width`=200,`position_left`='230px',`position_top`='169px',`position`=0,`child_flow_id`=0,`child_after`=2,`child_back_process`=0,`description`='',`cc_emp_ids`='' WHERE id=6
[Context] map[trace.traceContextKeyType:{Span:<nil> sc:{traceID:[0 0 0 0 0 0 0 0 0 0 0 0 0 0 0 0] spanID:[0 0 0 0 0 0 0 0] traceFlags:0 traceState:{list:[]} remote:false}}]
[2026-07-26 19:58:13.366] local.info: [0.590ms] [rows:1] SELECT * FROM `templateforms` WHERE `templateforms`.`template_id` = 3
[Context] map[trace.traceContextKeyType:{Span:<nil> sc:{traceID:[0 0 0 0 0 0 0 0 0 0 0 0 0 0 0 0] spanID:[0 0 0 0 0 0 0 0] traceFlags:0 traceState:{list:[]} remote:false}}]
[2026-07-26 19:58:13.366] local.info: [1.276ms] [rows:1] SELECT * FROM `templates` WHERE `templates`.`id` = 3
[Context] map[trace.traceContextKeyType:{Span:<nil> sc:{traceID:[0 0 0 0 0 0 0 0 0 0 0 0 0 0 0 0] spanID:[0 0 0 0 0 0 0 0] traceFlags:0 traceState:{list:[]} remote:false}}]
[2026-07-26 19:58:13.366] local.info: [1.887ms] [rows:1] SELECT * FROM `flows` WHERE id=3
[Context] map[trace.traceContextKeyType:{Span:<nil> sc:{traceID:[0 0 0 0 0 0 0 0 0 0 0 0 0 0 0 0] spanID:[0 0 0 0 0 0 0 0] traceFlags:0 traceState:{list:[]} remote:false}}]
[2026-07-26 19:58:13.367] local.info: [0.454ms] [rows:1] UPDATE `flows` SET `jsplumb`='{"total":1,"list":{"6":{"id":6,"flow_id":3,"process_name":"开始","process_to":"","icon":"","style":"width:200px;height:48px;line-height:30px;color:#78a300;left:230px;top:169px;"}}}',`updated_at`='2026-07-26 19:58:13.366' WHERE id=3 AND `id` = 3
[Context] map[trace.traceContextKeyType:{Span:<nil> sc:{traceID:[0 0 0 0 0 0 0 0 0 0 0 0 0 0 0 0] spanID:[0 0 0 0 0 0 0 0] traceFlags:0 traceState:{list:[]} remote:false}}]
[2026-07-26 19:58:13.367] local.info: [0.363ms] [rows:0] UPDATE `flows` SET `is_publish`=false,`updated_at`='2026-07-26 19:58:13.367' WHERE id=3 AND `id` = 3
[Context] map[trace.traceContextKeyType:{Span:<nil> sc:{traceID:[0 0 0 0 0 0 0 0 0 0 0 0 0 0 0 0] spanID:[0 0 0 0 0 0 0 0] traceFlags:0 traceState:{list:[]} remote:false}}]
[2026-07-26 19:58:13.368] local.info: [0.445ms] [rows:0] UPDATE `flowlinks` SET `auditor`='0',`updated_at`='2026-07-26 19:58:13.367' WHERE flow_id=3 AND process_id=6 AND type='Condition'
[Context] map[trace.traceContextKeyType:{Span:<nil> sc:{traceID:[0 0 0 0 0 0 0 0 0 0 0 0 0 0 0 0] spanID:[0 0 0 0 0 0 0 0] traceFlags:0 traceState:{list:[]} remote:false}}]
[2026-07-26 19:58:13.368] local.info: [0.312ms] [rows:1] SELECT count(*) FROM `flowlinks` WHERE flow_id=3 AND type='Condition' AND process_id=6
[Context] map[trace.traceContextKeyType:{Span:<nil> sc:{traceID:[0 0 0 0 0 0 0 0 0 0 0 0 0 0 0 0] spanID:[0 0 0 0 0 0 0 0] traceFlags:0 traceState:{list:[]} remote:false}}]
[2026-07-26 19:58:13.369] local.info: [0.293ms] [rows:0] DELETE FROM `flowlinks` WHERE flow_id=3 AND process_id=6 AND type='Dept'
[Context] map[trace.traceContextKeyType:{Span:<nil> sc:{traceID:[0 0 0 0 0 0 0 0 0 0 0 0 0 0 0 0] spanID:[0 0 0 0 0 0 0 0] traceFlags:0 traceState:{list:[]} remote:false}}]
[2026-07-26 19:58:13.369] local.info: [0.380ms] [rows:0] DELETE FROM `flowlinks` WHERE flow_id=3 AND process_id=6 AND type='Emp'
[Context] map[trace.traceContextKeyType:{Span:<nil> sc:{traceID:[0 0 0 0 0 0 0 0 0 0 0 0 0 0 0 0] spanID:[0 0 0 0 0 0 0 0] traceFlags:0 traceState:{list:[]} remote:false}}]
[2026-07-26 19:58:13.384] local.info: [0.405ms] [rows:0] SELECT * FROM `processvars` WHERE `processvars`.`flow_id` = 3
[Context] map[trace.traceContextKeyType:{Span:<nil> sc:{traceID:[0 0 0 0 0 0 0 0 0 0 0 0 0 0 0 0] spanID:[0 0 0 0 0 0 0 0] traceFlags:0 traceState:{list:[]} remote:false}}]
[2026-07-26 19:58:13.385] local.info: [0.489ms] [rows:1] SELECT * FROM `processes` WHERE `processes`.`flow_id` = 3
[Context] map[trace.traceContextKeyType:{Span:<nil> sc:{traceID:[0 0 0 0 0 0 0 0 0 0 0 0 0 0 0 0] spanID:[0 0 0 0 0 0 0 0] traceFlags:0 traceState:{list:[]} remote:false}}]
[2026-07-26 19:58:13.385] local.info: [1.986ms] [rows:1] SELECT * FROM `flows` WHERE id=3
[Context] map[trace.traceContextKeyType:{Span:<nil> sc:{traceID:[0 0 0 0 0 0 0 0 0 0 0 0 0 0 0 0] spanID:[0 0 0 0 0 0 0 0] traceFlags:0 traceState:{list:[]} remote:false}}]
[2026-07-26 19:58:14.614] local.info: [0.992ms] [rows:1] SELECT * FROM `flows` WHERE id=3
[Context] map[trace.traceContextKeyType:{Span:<nil> sc:{traceID:[0 0 0 0 0 0 0 0 0 0 0 0 0 0 0 0] spanID:[0 0 0 0 0 0 0 0] traceFlags:0 traceState:{list:[]} remote:false}}]
[2026-07-26 19:58:14.615] local.info: [0.744ms] [rows:1] INSERT INTO `processes` (`created_at`,`updated_at`,`flow_id`,`process_name`,`limit_time`,`type`,`icon`,`process_to`,`style`,`style_color`,`style_height`,`style_width`,`position_left`,`position_top`,`position`,`child_flow_id`,`child_after`,`child_back_process`,`description`,`cc_emp_ids`) VALUES ('2026-07-26 19:58:14.614','2026-07-26 19:58:14.614',3,'新建流程',0,'operation','','','width:200px;height:48px;line-height:30px;color:#66CDAA;left:625px;top:200px;','#78a300',48,200,'625px','200px',1,0,2,0,'','')
[Context] map[trace.traceContextKeyType:{Span:<nil> sc:{traceID:[0 0 0 0 0 0 0 0 0 0 0 0 0 0 0 0] spanID:[0 0 0 0 0 0 0 0] traceFlags:0 traceState:{list:[]} remote:false}}]
[2026-07-26 19:58:14.616] local.info: [0.575ms] [rows:1] UPDATE `flows` SET `created_at`='2026-07-26 19:57:55',`updated_at`='2026-07-26 19:58:14.615',`id`=3,`flow_no`='JQ001',`flow_name`='加签流程',`template_id`=3,`jsplumb`='{"total":1,"list":{"6":{"id":6,"flow_id":3,"process_name":"开始","process_to":"","icon":"","style":"width:200px;height:48px;line-height:30px;color:#78a300;left:230px;top:169px;"},"7":{"id":7,"flow_id":3,"process_name":"新建流程","process_to":"","icon":"","style":"width:200px;height:48px;line-height:30px;color:#66CDAA;left:625px;top:200px;"}}}',`type_id`=1,`is_show`=true WHERE id=3
[Context] map[trace.traceContextKeyType:{Span:<nil> sc:{traceID:[0 0 0 0 0 0 0 0 0 0 0 0 0 0 0 0] spanID:[0 0 0 0 0 0 0 0] traceFlags:0 traceState:{list:[]} remote:false}}]
[2026-07-26 19:58:14.629] local.info: [0.478ms] [rows:0] SELECT * FROM `processvars` WHERE `processvars`.`flow_id` = 3
[Context] map[trace.traceContextKeyType:{Span:<nil> sc:{traceID:[0 0 0 0 0 0 0 0 0 0 0 0 0 0 0 0] spanID:[0 0 0 0 0 0 0 0] traceFlags:0 traceState:{list:[]} remote:false}}]
[2026-07-26 19:58:14.63] local.info: [0.642ms] [rows:2] SELECT * FROM `processes` WHERE `processes`.`flow_id` = 3
[Context] map[trace.traceContextKeyType:{Span:<nil> sc:{traceID:[0 0 0 0 0 0 0 0 0 0 0 0 0 0 0 0] spanID:[0 0 0 0 0 0 0 0] traceFlags:0 traceState:{list:[]} remote:false}}]
[2026-07-26 19:58:14.63] local.info: [2.573ms] [rows:1] SELECT * FROM `flows` WHERE id=3
[Context] map[trace.traceContextKeyType:{Span:<nil> sc:{traceID:[0 0 0 0 0 0 0 0 0 0 0 0 0 0 0 0] spanID:[0 0 0 0 0 0 0 0] traceFlags:0 traceState:{list:[]} remote:false}}]
[2026-07-26 19:58:15.526] local.info: [0.823ms] [rows:1] SELECT * FROM `processes` WHERE id=7
[Context] map[trace.traceContextKeyType:{Span:<nil> sc:{traceID:[0 0 0 0 0 0 0 0 0 0 0 0 0 0 0 0] spanID:[0 0 0 0 0 0 0 0] traceFlags:0 traceState:{list:[]} remote:false}}]
[2026-07-26 19:58:15.527] local.info: [0.504ms] [rows:0] SELECT * FROM `flowlinks` WHERE process_id=7 AND flow_id=3
[Context] map[trace.traceContextKeyType:{Span:<nil> sc:{traceID:[0 0 0 0 0 0 0 0 0 0 0 0 0 0 0 0] spanID:[0 0 0 0 0 0 0 0] traceFlags:0 traceState:{list:[]} remote:false}}]
[2026-07-26 19:58:15.527] local.info: [0.484ms] [rows:0] SELECT `next_process_id` FROM `flowlinks` WHERE process_id=7 AND flow_id=3
[Context] map[trace.traceContextKeyType:{Span:<nil> sc:{traceID:[0 0 0 0 0 0 0 0 0 0 0 0 0 0 0 0] spanID:[0 0 0 0 0 0 0 0] traceFlags:0 traceState:{list:[]} remote:false}}]
[2026-07-26 19:58:15.528] local.info: [0.433ms] [rows:0] SELECT * FROM `flowlinks` WHERE flow_id=3 AND type != 'Condition' AND process_id not in (NULL) AND next_process_id > 0
[Context] map[trace.traceContextKeyType:{Span:<nil> sc:{traceID:[0 0 0 0 0 0 0 0 0 0 0 0 0 0 0 0] spanID:[0 0 0 0 0 0 0 0] traceFlags:0 traceState:{list:[]} remote:false}}]
[2026-07-26 19:58:15.529] local.info: [0.304ms] [rows:1] SELECT * FROM `templates` WHERE `templates`.`id` = 3
[Context] map[trace.traceContextKeyType:{Span:<nil> sc:{traceID:[0 0 0 0 0 0 0 0 0 0 0 0 0 0 0 0] spanID:[0 0 0 0 0 0 0 0] traceFlags:0 traceState:{list:[]} remote:false}}]
[2026-07-26 19:58:15.529] local.info: [0.775ms] [rows:1] SELECT * FROM `flows` WHERE id=3
[Context] map[trace.traceContextKeyType:{Span:<nil> sc:{traceID:[0 0 0 0 0 0 0 0 0 0 0 0 0 0 0 0] spanID:[0 0 0 0 0 0 0 0] traceFlags:0 traceState:{list:[]} remote:false}}]
[2026-07-26 19:58:15.529] local.info: [0.338ms] [rows:1] SELECT * FROM `templateforms` WHERE template_id=3
[Context] map[trace.traceContextKeyType:{Span:<nil> sc:{traceID:[0 0 0 0 0 0 0 0 0 0 0 0 0 0 0 0] spanID:[0 0 0 0 0 0 0 0] traceFlags:0 traceState:{list:[]} remote:false}}]
[2026-07-26 19:58:15.53] local.info: [0.257ms] [rows:0] SELECT `auditor` FROM `flowlinks` WHERE process_id=7 AND type='Emp'
[Context] map[trace.traceContextKeyType:{Span:<nil> sc:{traceID:[0 0 0 0 0 0 0 0 0 0 0 0 0 0 0 0] spanID:[0 0 0 0 0 0 0 0] traceFlags:0 traceState:{list:[]} remote:false}}]
[2026-07-26 19:58:15.53] local.info: [0.258ms] [rows:0] SELECT * FROM `emps` WHERE id in ('')
[Context] map[trace.traceContextKeyType:{Span:<nil> sc:{traceID:[0 0 0 0 0 0 0 0 0 0 0 0 0 0 0 0] spanID:[0 0 0 0 0 0 0 0] traceFlags:0 traceState:{list:[]} remote:false}}]
[2026-07-26 19:58:15.53] local.info: [0.299ms] [rows:0] SELECT * FROM `flowlinks` WHERE process_id = 7 AND flow_id=3 AND type='Sys'
[Context] map[trace.traceContextKeyType:{Span:<nil> sc:{traceID:[0 0 0 0 0 0 0 0 0 0 0 0 0 0 0 0] spanID:[0 0 0 0 0 0 0 0] traceFlags:0 traceState:{list:[]} remote:false}}]
[2026-07-26 19:58:15.531] local.info: [0.243ms] [rows:0] SELECT `auditor` FROM `flowlinks` WHERE type='Dept' AND process_id=7
[Context] map[trace.traceContextKeyType:{Span:<nil> sc:{traceID:[0 0 0 0 0 0 0 0 0 0 0 0 0 0 0 0] spanID:[0 0 0 0 0 0 0 0] traceFlags:0 traceState:{list:[]} remote:false}}]
[2026-07-26 19:58:15.533] local.info: [1.534ms] [rows:0] SELECT * FROM `depts` WHERE id in ('')
[Context] map[trace.traceContextKeyType:{Span:<nil> sc:{traceID:[0 0 0 0 0 0 0 0 0 0 0 0 0 0 0 0] spanID:[0 0 0 0 0 0 0 0] traceFlags:0 traceState:{list:[]} remote:false}}]
[2026-07-26 19:58:15.534] local.info: [0.712ms] [rows:2] SELECT * FROM `flows` WHERE is_publish=1 AND id!=3
[Context] map[trace.traceContextKeyType:{Span:<nil> sc:{traceID:[0 0 0 0 0 0 0 0 0 0 0 0 0 0 0 0] spanID:[0 0 0 0 0 0 0 0] traceFlags:0 traceState:{list:[]} remote:false}}]
[2026-07-26 19:58:15.534] local.info: [0.356ms] [rows:2] SELECT * FROM `processes` WHERE flow_id=3
[Context] map[trace.traceContextKeyType:{Span:<nil> sc:{traceID:[0 0 0 0 0 0 0 0 0 0 0 0 0 0 0 0] spanID:[0 0 0 0 0 0 0 0] traceFlags:0 traceState:{list:[]} remote:false}}]
[2026-07-26 19:58:15.534] local.info: [0.311ms] [rows:0] SELECT * FROM `flowlinks` WHERE process_id = 7 AND flow_id=3 AND type='Emp'
[Context] map[trace.traceContextKeyType:{Span:<nil> sc:{traceID:[0 0 0 0 0 0 0 0 0 0 0 0 0 0 0 0] spanID:[0 0 0 0 0 0 0 0] traceFlags:0 traceState:{list:[]} remote:false}}]
[2026-07-26 19:58:15.535] local.info: [0.276ms] [rows:0] SELECT * FROM `flowlinks` WHERE process_id = 7 AND flow_id=3 AND type='Dept'
[Context] map[trace.traceContextKeyType:{Span:<nil> sc:{traceID:[0 0 0 0 0 0 0 0 0 0 0 0 0 0 0 0] spanID:[0 0 0 0 0 0 0 0] traceFlags:0 traceState:{list:[]} remote:false}}]
[2026-07-26 19:58:24.568] local.info: [0.665ms] [rows:1] SELECT count(*) FROM `emps`
[Context] map[trace.traceContextKeyType:{Span:<nil> sc:{traceID:[0 0 0 0 0 0 0 0 0 0 0 0 0 0 0 0] spanID:[0 0 0 0 0 0 0 0] traceFlags:0 traceState:{list:[]} remote:false}}]
[2026-07-26 19:58:24.57] local.info: [0.828ms] [rows:4] SELECT * FROM `depts` WHERE `depts`.`id` IN (1,2,3,4)
[Context] map[trace.traceContextKeyType:{Span:<nil> sc:{traceID:[0 0 0 0 0 0 0 0 0 0 0 0 0 0 0 0] spanID:[0 0 0 0 0 0 0 0] traceFlags:0 traceState:{list:[]} remote:false}}]
[2026-07-26 19:58:24.57] local.info: [2.144ms] [rows:10] SELECT * FROM `emps` LIMIT 10
[Context] map[trace.traceContextKeyType:{Span:<nil> sc:{traceID:[0 0 0 0 0 0 0 0 0 0 0 0 0 0 0 0] spanID:[0 0 0 0 0 0 0 0] traceFlags:0 traceState:{list:[]} remote:false}}]
[2026-07-26 19:58:29.233] local.info: [0.887ms] [rows:1] SELECT * FROM `processes` WHERE id=7
[Context] map[trace.traceContextKeyType:{Span:<nil> sc:{traceID:[0 0 0 0 0 0 0 0 0 0 0 0 0 0 0 0] spanID:[0 0 0 0 0 0 0 0] traceFlags:0 traceState:{list:[]} remote:false}}]
[2026-07-26 19:58:29.235] local.info: [0.914ms] [rows:1] UPDATE `processes` SET `position`=1,`updated_at`='2026-07-26 19:58:29.234' WHERE flow_id=3 AND `position` = 0
[Context] map[trace.traceContextKeyType:{Span:<nil> sc:{traceID:[0 0 0 0 0 0 0 0 0 0 0 0 0 0 0 0] spanID:[0 0 0 0 0 0 0 0] traceFlags:0 traceState:{list:[]} remote:false}}]
[2026-07-26 19:58:29.236] local.info: [0.871ms] [rows:1] UPDATE `processes` SET `created_at`='2026-07-26 19:58:15',`updated_at`='2026-07-26 19:58:29.235',`id`=7,`flow_id`=3,`process_name`='市场部',`limit_time`=0,`type`='operation',`icon`='',`process_to`='',`style`='width:200px;height:48px;line-height:30px;color:#78a300;left:625px;top:200px;',`style_color`='#78a300',`style_height`=48,`style_width`=200,`position_left`='625px',`position_top`='200px',`position`=0,`child_flow_id`=0,`child_after`=2,`child_back_process`=0,`description`='',`cc_emp_ids`='' WHERE id=7
[Context] map[trace.traceContextKeyType:{Span:<nil> sc:{traceID:[0 0 0 0 0 0 0 0 0 0 0 0 0 0 0 0] spanID:[0 0 0 0 0 0 0 0] traceFlags:0 traceState:{list:[]} remote:false}}]
[2026-07-26 19:58:29.238] local.info: [0.634ms] [rows:1] SELECT * FROM `templateforms` WHERE `templateforms`.`template_id` = 3
[Context] map[trace.traceContextKeyType:{Span:<nil> sc:{traceID:[0 0 0 0 0 0 0 0 0 0 0 0 0 0 0 0] spanID:[0 0 0 0 0 0 0 0] traceFlags:0 traceState:{list:[]} remote:false}}]
[2026-07-26 19:58:29.238] local.info: [1.266ms] [rows:1] SELECT * FROM `templates` WHERE `templates`.`id` = 3
[Context] map[trace.traceContextKeyType:{Span:<nil> sc:{traceID:[0 0 0 0 0 0 0 0 0 0 0 0 0 0 0 0] spanID:[0 0 0 0 0 0 0 0] traceFlags:0 traceState:{list:[]} remote:false}}]
[2026-07-26 19:58:29.238] local.info: [2.022ms] [rows:1] SELECT * FROM `flows` WHERE id=3
[Context] map[trace.traceContextKeyType:{Span:<nil> sc:{traceID:[0 0 0 0 0 0 0 0 0 0 0 0 0 0 0 0] spanID:[0 0 0 0 0 0 0 0] traceFlags:0 traceState:{list:[]} remote:false}}]
[2026-07-26 19:58:29.239] local.info: [0.708ms] [rows:1] UPDATE `flows` SET `jsplumb`='{"total":1,"list":{"6":{"id":6,"flow_id":3,"process_name":"开始","process_to":"","icon":"","style":"width:200px;height:48px;line-height:30px;color:#78a300;left:230px;top:169px;"},"7":{"id":7,"flow_id":3,"process_name":"市场部","process_to":"","icon":"","style":"width:200px;height:48px;line-height:30px;color:#78a300;left:625px;top:200px;"}}}',`updated_at`='2026-07-26 19:58:29.238' WHERE id=3 AND `id` = 3
[Context] map[trace.traceContextKeyType:{Span:<nil> sc:{traceID:[0 0 0 0 0 0 0 0 0 0 0 0 0 0 0 0] spanID:[0 0 0 0 0 0 0 0] traceFlags:0 traceState:{list:[]} remote:false}}]
[2026-07-26 19:58:29.239] local.info: [0.385ms] [rows:0] UPDATE `flows` SET `is_publish`=false,`updated_at`='2026-07-26 19:58:29.239' WHERE id=3 AND `id` = 3
[Context] map[trace.traceContextKeyType:{Span:<nil> sc:{traceID:[0 0 0 0 0 0 0 0 0 0 0 0 0 0 0 0] spanID:[0 0 0 0 0 0 0 0] traceFlags:0 traceState:{list:[]} remote:false}}]
[2026-07-26 19:58:29.24] local.info: [0.337ms] [rows:0] UPDATE `flowlinks` SET `auditor`='0',`updated_at`='2026-07-26 19:58:29.239' WHERE flow_id=3 AND process_id=7 AND type='Condition'
[Context] map[trace.traceContextKeyType:{Span:<nil> sc:{traceID:[0 0 0 0 0 0 0 0 0 0 0 0 0 0 0 0] spanID:[0 0 0 0 0 0 0 0] traceFlags:0 traceState:{list:[]} remote:false}}]
[2026-07-26 19:58:29.24] local.info: [0.409ms] [rows:1] SELECT count(*) FROM `flowlinks` WHERE flow_id=3 AND type='Condition' AND process_id=7
[Context] map[trace.traceContextKeyType:{Span:<nil> sc:{traceID:[0 0 0 0 0 0 0 0 0 0 0 0 0 0 0 0] spanID:[0 0 0 0 0 0 0 0] traceFlags:0 traceState:{list:[]} remote:false}}]
[2026-07-26 19:58:29.241] local.info: [0.304ms] [rows:0] DELETE FROM `flowlinks` WHERE flow_id=3 AND process_id=7 AND type='Dept'
[Context] map[trace.traceContextKeyType:{Span:<nil> sc:{traceID:[0 0 0 0 0 0 0 0 0 0 0 0 0 0 0 0] spanID:[0 0 0 0 0 0 0 0] traceFlags:0 traceState:{list:[]} remote:false}}]
[2026-07-26 19:58:29.241] local.info: [0.334ms] [rows:0] SELECT * FROM `flowlinks` WHERE flow_id=3 AND process_id=7 AND type='Emp'
[Context] map[trace.traceContextKeyType:{Span:<nil> sc:{traceID:[0 0 0 0 0 0 0 0 0 0 0 0 0 0 0 0] spanID:[0 0 0 0 0 0 0 0] traceFlags:0 traceState:{list:[]} remote:false}}]
[2026-07-26 19:58:29.242] local.info: [0.472ms] [rows:1] INSERT INTO `flowlinks` (`created_at`,`updated_at`,`type`,`auditor`,`expression`,`condition_expr`,`sort`,`concurrency_type`,`approver_rule`,`flow_id`,`process_id`,`next_process_id`) VALUES ('2026-07-26 19:58:29.241','2026-07-26 19:58:29.241','Emp','8','','',100,0,'',3,7,2)
[Context] map[trace.traceContextKeyType:{Span:<nil> sc:{traceID:[0 0 0 0 0 0 0 0 0 0 0 0 0 0 0 0] spanID:[0 0 0 0 0 0 0 0] traceFlags:0 traceState:{list:[]} remote:false}}]
[2026-07-26 19:58:29.254] local.info: [0.510ms] [rows:0] SELECT * FROM `processvars` WHERE `processvars`.`flow_id` = 3
[Context] map[trace.traceContextKeyType:{Span:<nil> sc:{traceID:[0 0 0 0 0 0 0 0 0 0 0 0 0 0 0 0] spanID:[0 0 0 0 0 0 0 0] traceFlags:0 traceState:{list:[]} remote:false}}]
[2026-07-26 19:58:29.254] local.info: [0.561ms] [rows:2] SELECT * FROM `processes` WHERE `processes`.`flow_id` = 3
[Context] map[trace.traceContextKeyType:{Span:<nil> sc:{traceID:[0 0 0 0 0 0 0 0 0 0 0 0 0 0 0 0] spanID:[0 0 0 0 0 0 0 0] traceFlags:0 traceState:{list:[]} remote:false}}]
[2026-07-26 19:58:29.254] local.info: [2.136ms] [rows:1] SELECT * FROM `flows` WHERE id=3
[Context] map[trace.traceContextKeyType:{Span:<nil> sc:{traceID:[0 0 0 0 0 0 0 0 0 0 0 0 0 0 0 0] spanID:[0 0 0 0 0 0 0 0] traceFlags:0 traceState:{list:[]} remote:false}}]
[2026-07-26 19:58:30.755] local.info: [0.701ms] [rows:1] SELECT * FROM `flows` WHERE id=3
[Context] map[trace.traceContextKeyType:{Span:<nil> sc:{traceID:[0 0 0 0 0 0 0 0 0 0 0 0 0 0 0 0] spanID:[0 0 0 0 0 0 0 0] traceFlags:0 traceState:{list:[]} remote:false}}]
[2026-07-26 19:58:30.756] local.info: [0.804ms] [rows:1] INSERT INTO `processes` (`created_at`,`updated_at`,`flow_id`,`process_name`,`limit_time`,`type`,`icon`,`process_to`,`style`,`style_color`,`style_height`,`style_width`,`position_left`,`position_top`,`position`,`child_flow_id`,`child_after`,`child_back_process`,`description`,`cc_emp_ids`) VALUES ('2026-07-26 19:58:30.755','2026-07-26 19:58:30.755',3,'新建流程',0,'operation','','','width:200px;height:48px;line-height:30px;color:#66CDAA;left:1091px;top:225px;','#78a300',48,200,'1091px','225px',1,0,2,0,'','')
[Context] map[trace.traceContextKeyType:{Span:<nil> sc:{traceID:[0 0 0 0 0 0 0 0 0 0 0 0 0 0 0 0] spanID:[0 0 0 0 0 0 0 0] traceFlags:0 traceState:{list:[]} remote:false}}]
[2026-07-26 19:58:30.757] local.info: [0.775ms] [rows:1] UPDATE `flows` SET `created_at`='2026-07-26 19:57:55',`updated_at`='2026-07-26 19:58:30.757',`id`=3,`flow_no`='JQ001',`flow_name`='加签流程',`template_id`=3,`jsplumb`='{"total":1,"list":{"6":{"id":6,"flow_id":3,"process_name":"开始","process_to":"","icon":"","style":"width:200px;height:48px;line-height:30px;color:#78a300;left:230px;top:169px;"},"7":{"id":7,"flow_id":3,"process_name":"市场部","process_to":"","icon":"","style":"width:200px;height:48px;line-height:30px;color:#78a300;left:625px;top:200px;"},"8":{"id":8,"flow_id":3,"process_name":"新建流程","process_to":"","icon":"","style":"width:200px;height:48px;line-height:30px;color:#66CDAA;left:1091px;top:225px;"}}}',`type_id`=1,`is_show`=true WHERE id=3
[Context] map[trace.traceContextKeyType:{Span:<nil> sc:{traceID:[0 0 0 0 0 0 0 0 0 0 0 0 0 0 0 0] spanID:[0 0 0 0 0 0 0 0] traceFlags:0 traceState:{list:[]} remote:false}}]
[2026-07-26 19:58:30.766] local.info: [0.375ms] [rows:0] SELECT * FROM `processvars` WHERE `processvars`.`flow_id` = 3
[Context] map[trace.traceContextKeyType:{Span:<nil> sc:{traceID:[0 0 0 0 0 0 0 0 0 0 0 0 0 0 0 0] spanID:[0 0 0 0 0 0 0 0] traceFlags:0 traceState:{list:[]} remote:false}}]
[2026-07-26 19:58:30.767] local.info: [0.547ms] [rows:3] SELECT * FROM `processes` WHERE `processes`.`flow_id` = 3
[Context] map[trace.traceContextKeyType:{Span:<nil> sc:{traceID:[0 0 0 0 0 0 0 0 0 0 0 0 0 0 0 0] spanID:[0 0 0 0 0 0 0 0] traceFlags:0 traceState:{list:[]} remote:false}}]
[2026-07-26 19:58:30.767] local.info: [1.832ms] [rows:1] SELECT * FROM `flows` WHERE id=3
[Context] map[trace.traceContextKeyType:{Span:<nil> sc:{traceID:[0 0 0 0 0 0 0 0 0 0 0 0 0 0 0 0] spanID:[0 0 0 0 0 0 0 0] traceFlags:0 traceState:{list:[]} remote:false}}]
[2026-07-26 19:58:31.747] local.info: [1.870ms] [rows:1] SELECT * FROM `processes` WHERE id=8
[Context] map[trace.traceContextKeyType:{Span:<nil> sc:{traceID:[0 0 0 0 0 0 0 0 0 0 0 0 0 0 0 0] spanID:[0 0 0 0 0 0 0 0] traceFlags:0 traceState:{list:[]} remote:false}}]
[2026-07-26 19:58:31.749] local.info: [1.234ms] [rows:0] SELECT * FROM `flowlinks` WHERE process_id=8 AND flow_id=3
[Context] map[trace.traceContextKeyType:{Span:<nil> sc:{traceID:[0 0 0 0 0 0 0 0 0 0 0 0 0 0 0 0] spanID:[0 0 0 0 0 0 0 0] traceFlags:0 traceState:{list:[]} remote:false}}]
[2026-07-26 19:58:31.754] local.info: [3.874ms] [rows:0] SELECT `next_process_id` FROM `flowlinks` WHERE process_id=8 AND flow_id=3
[Context] map[trace.traceContextKeyType:{Span:<nil> sc:{traceID:[0 0 0 0 0 0 0 0 0 0 0 0 0 0 0 0] spanID:[0 0 0 0 0 0 0 0] traceFlags:0 traceState:{list:[]} remote:false}}]
[2026-07-26 19:58:31.757] local.info: [2.436ms] [rows:0] SELECT * FROM `flowlinks` WHERE flow_id=3 AND type != 'Condition' AND process_id not in (NULL) AND next_process_id > 0
[Context] map[trace.traceContextKeyType:{Span:<nil> sc:{traceID:[0 0 0 0 0 0 0 0 0 0 0 0 0 0 0 0] spanID:[0 0 0 0 0 0 0 0] traceFlags:0 traceState:{list:[]} remote:false}}]
[2026-07-26 19:58:31.76] local.info: [0.442ms] [rows:1] SELECT * FROM `templates` WHERE `templates`.`id` = 3
[Context] map[trace.traceContextKeyType:{Span:<nil> sc:{traceID:[0 0 0 0 0 0 0 0 0 0 0 0 0 0 0 0] spanID:[0 0 0 0 0 0 0 0] traceFlags:0 traceState:{list:[]} remote:false}}]
[2026-07-26 19:58:31.76] local.info: [2.876ms] [rows:1] SELECT * FROM `flows` WHERE id=3
[Context] map[trace.traceContextKeyType:{Span:<nil> sc:{traceID:[0 0 0 0 0 0 0 0 0 0 0 0 0 0 0 0] spanID:[0 0 0 0 0 0 0 0] traceFlags:0 traceState:{list:[]} remote:false}}]
[2026-07-26 19:58:31.761] local.info: [0.496ms] [rows:1] SELECT * FROM `templateforms` WHERE template_id=3
[Context] map[trace.traceContextKeyType:{Span:<nil> sc:{traceID:[0 0 0 0 0 0 0 0 0 0 0 0 0 0 0 0] spanID:[0 0 0 0 0 0 0 0] traceFlags:0 traceState:{list:[]} remote:false}}]
[2026-07-26 19:58:31.762] local.info: [0.383ms] [rows:0] SELECT `auditor` FROM `flowlinks` WHERE process_id=8 AND type='Emp'
[Context] map[trace.traceContextKeyType:{Span:<nil> sc:{traceID:[0 0 0 0 0 0 0 0 0 0 0 0 0 0 0 0] spanID:[0 0 0 0 0 0 0 0] traceFlags:0 traceState:{list:[]} remote:false}}]
[2026-07-26 19:58:31.764] local.info: [1.511ms] [rows:0] SELECT * FROM `emps` WHERE id in ('')
[Context] map[trace.traceContextKeyType:{Span:<nil> sc:{traceID:[0 0 0 0 0 0 0 0 0 0 0 0 0 0 0 0] spanID:[0 0 0 0 0 0 0 0] traceFlags:0 traceState:{list:[]} remote:false}}]
[2026-07-26 19:58:31.764] local.info: [0.551ms] [rows:0] SELECT * FROM `flowlinks` WHERE process_id = 8 AND flow_id=3 AND type='Sys'
[Context] map[trace.traceContextKeyType:{Span:<nil> sc:{traceID:[0 0 0 0 0 0 0 0 0 0 0 0 0 0 0 0] spanID:[0 0 0 0 0 0 0 0] traceFlags:0 traceState:{list:[]} remote:false}}]
[2026-07-26 19:58:31.765] local.info: [0.355ms] [rows:0] SELECT `auditor` FROM `flowlinks` WHERE type='Dept' AND process_id=8
[Context] map[trace.traceContextKeyType:{Span:<nil> sc:{traceID:[0 0 0 0 0 0 0 0 0 0 0 0 0 0 0 0] spanID:[0 0 0 0 0 0 0 0] traceFlags:0 traceState:{list:[]} remote:false}}]
[2026-07-26 19:58:31.766] local.info: [0.424ms] [rows:0] SELECT * FROM `depts` WHERE id in ('')
[Context] map[trace.traceContextKeyType:{Span:<nil> sc:{traceID:[0 0 0 0 0 0 0 0 0 0 0 0 0 0 0 0] spanID:[0 0 0 0 0 0 0 0] traceFlags:0 traceState:{list:[]} remote:false}}]
[2026-07-26 19:58:31.766] local.info: [0.832ms] [rows:2] SELECT * FROM `flows` WHERE is_publish=1 AND id!=3
[Context] map[trace.traceContextKeyType:{Span:<nil> sc:{traceID:[0 0 0 0 0 0 0 0 0 0 0 0 0 0 0 0] spanID:[0 0 0 0 0 0 0 0] traceFlags:0 traceState:{list:[]} remote:false}}]
[2026-07-26 19:58:31.768] local.info: [0.982ms] [rows:3] SELECT * FROM `processes` WHERE flow_id=3
[Context] map[trace.traceContextKeyType:{Span:<nil> sc:{traceID:[0 0 0 0 0 0 0 0 0 0 0 0 0 0 0 0] spanID:[0 0 0 0 0 0 0 0] traceFlags:0 traceState:{list:[]} remote:false}}]
[2026-07-26 19:58:31.771] local.info: [2.701ms] [rows:0] SELECT * FROM `flowlinks` WHERE process_id = 8 AND flow_id=3 AND type='Emp'
[Context] map[trace.traceContextKeyType:{Span:<nil> sc:{traceID:[0 0 0 0 0 0 0 0 0 0 0 0 0 0 0 0] spanID:[0 0 0 0 0 0 0 0] traceFlags:0 traceState:{list:[]} remote:false}}]
[2026-07-26 19:58:31.795] local.info: [15.044ms] [rows:0] SELECT * FROM `flowlinks` WHERE process_id = 8 AND flow_id=3 AND type='Dept'
[Context] map[trace.traceContextKeyType:{Span:<nil> sc:{traceID:[0 0 0 0 0 0 0 0 0 0 0 0 0 0 0 0] spanID:[0 0 0 0 0 0 0 0] traceFlags:0 traceState:{list:[]} remote:false}}]
[2026-07-26 19:58:40.176] local.info: [0.876ms] [rows:1] SELECT * FROM `processes` WHERE id=8
[Context] map[trace.traceContextKeyType:{Span:<nil> sc:{traceID:[0 0 0 0 0 0 0 0 0 0 0 0 0 0 0 0] spanID:[0 0 0 0 0 0 0 0] traceFlags:0 traceState:{list:[]} remote:false}}]
[2026-07-26 19:58:40.177] local.info: [0.676ms] [rows:1] SELECT count(*) FROM `flowlinks` WHERE process_id=8
[Context] map[trace.traceContextKeyType:{Span:<nil> sc:{traceID:[0 0 0 0 0 0 0 0 0 0 0 0 0 0 0 0] spanID:[0 0 0 0 0 0 0 0] traceFlags:0 traceState:{list:[]} remote:false}}]
[2026-07-26 19:58:40.178] local.info: [0.875ms] [rows:1] UPDATE `processes` SET `created_at`='2026-07-26 19:58:31',`updated_at`='2026-07-26 19:58:40.178',`id`=8,`flow_id`=3,`process_name`='结束',`limit_time`=0,`type`='operation',`icon`='',`process_to`='',`style`='width:200px;height:48px;line-height:30px;color:#78a300;left:1091px;top:225px;',`style_color`='#78a300',`style_height`=48,`style_width`=200,`position_left`='1091px',`position_top`='225px',`position`=9,`child_flow_id`=0,`child_after`=2,`child_back_process`=0,`description`='',`cc_emp_ids`='' WHERE id=8
[Context] map[trace.traceContextKeyType:{Span:<nil> sc:{traceID:[0 0 0 0 0 0 0 0 0 0 0 0 0 0 0 0] spanID:[0 0 0 0 0 0 0 0] traceFlags:0 traceState:{list:[]} remote:false}}]
[2026-07-26 19:58:40.18] local.info: [0.548ms] [rows:1] SELECT * FROM `templateforms` WHERE `templateforms`.`template_id` = 3
[Context] map[trace.traceContextKeyType:{Span:<nil> sc:{traceID:[0 0 0 0 0 0 0 0 0 0 0 0 0 0 0 0] spanID:[0 0 0 0 0 0 0 0] traceFlags:0 traceState:{list:[]} remote:false}}]
[2026-07-26 19:58:40.18] local.info: [1.156ms] [rows:1] SELECT * FROM `templates` WHERE `templates`.`id` = 3
[Context] map[trace.traceContextKeyType:{Span:<nil> sc:{traceID:[0 0 0 0 0 0 0 0 0 0 0 0 0 0 0 0] spanID:[0 0 0 0 0 0 0 0] traceFlags:0 traceState:{list:[]} remote:false}}]
[2026-07-26 19:58:40.18] local.info: [1.791ms] [rows:1] SELECT * FROM `flows` WHERE id=3
[Context] map[trace.traceContextKeyType:{Span:<nil> sc:{traceID:[0 0 0 0 0 0 0 0 0 0 0 0 0 0 0 0] spanID:[0 0 0 0 0 0 0 0] traceFlags:0 traceState:{list:[]} remote:false}}]
[2026-07-26 19:58:40.181] local.info: [0.511ms] [rows:1] UPDATE `flows` SET `jsplumb`='{"total":1,"list":{"6":{"id":6,"flow_id":3,"process_name":"开始","process_to":"","icon":"","style":"width:200px;height:48px;line-height:30px;color:#78a300;left:230px;top:169px;"},"7":{"id":7,"flow_id":3,"process_name":"市场部","process_to":"","icon":"","style":"width:200px;height:48px;line-height:30px;color:#78a300;left:625px;top:200px;"},"8":{"id":8,"flow_id":3,"process_name":"结束","process_to":"","icon":"","style":"width:200px;height:48px;line-height:30px;color:#78a300;left:1091px;top:225px;"}}}',`updated_at`='2026-07-26 19:58:40.181' WHERE id=3 AND `id` = 3
[Context] map[trace.traceContextKeyType:{Span:<nil> sc:{traceID:[0 0 0 0 0 0 0 0 0 0 0 0 0 0 0 0] spanID:[0 0 0 0 0 0 0 0] traceFlags:0 traceState:{list:[]} remote:false}}]
[2026-07-26 19:58:40.182] local.info: [0.337ms] [rows:0] UPDATE `flows` SET `is_publish`=false,`updated_at`='2026-07-26 19:58:40.181' WHERE id=3 AND `id` = 3
[Context] map[trace.traceContextKeyType:{Span:<nil> sc:{traceID:[0 0 0 0 0 0 0 0 0 0 0 0 0 0 0 0] spanID:[0 0 0 0 0 0 0 0] traceFlags:0 traceState:{list:[]} remote:false}}]
[2026-07-26 19:58:40.182] local.info: [0.447ms] [rows:0] UPDATE `flowlinks` SET `auditor`='0',`updated_at`='2026-07-26 19:58:40.182' WHERE flow_id=3 AND process_id=8 AND type='Condition'
[Context] map[trace.traceContextKeyType:{Span:<nil> sc:{traceID:[0 0 0 0 0 0 0 0 0 0 0 0 0 0 0 0] spanID:[0 0 0 0 0 0 0 0] traceFlags:0 traceState:{list:[]} remote:false}}]
[2026-07-26 19:58:40.183] local.info: [0.348ms] [rows:1] SELECT count(*) FROM `flowlinks` WHERE flow_id=3 AND type='Condition' AND process_id=8
[Context] map[trace.traceContextKeyType:{Span:<nil> sc:{traceID:[0 0 0 0 0 0 0 0 0 0 0 0 0 0 0 0] spanID:[0 0 0 0 0 0 0 0] traceFlags:0 traceState:{list:[]} remote:false}}]
[2026-07-26 19:58:40.183] local.info: [0.336ms] [rows:0] DELETE FROM `flowlinks` WHERE flow_id=3 AND process_id=8 AND type='Dept'
[Context] map[trace.traceContextKeyType:{Span:<nil> sc:{traceID:[0 0 0 0 0 0 0 0 0 0 0 0 0 0 0 0] spanID:[0 0 0 0 0 0 0 0] traceFlags:0 traceState:{list:[]} remote:false}}]
[2026-07-26 19:58:40.184] local.info: [0.280ms] [rows:0] DELETE FROM `flowlinks` WHERE flow_id=3 AND process_id=8 AND type='Emp'
[Context] map[trace.traceContextKeyType:{Span:<nil> sc:{traceID:[0 0 0 0 0 0 0 0 0 0 0 0 0 0 0 0] spanID:[0 0 0 0 0 0 0 0] traceFlags:0 traceState:{list:[]} remote:false}}]
[2026-07-26 19:58:40.196] local.info: [0.372ms] [rows:0] SELECT * FROM `processvars` WHERE `processvars`.`flow_id` = 3
[Context] map[trace.traceContextKeyType:{Span:<nil> sc:{traceID:[0 0 0 0 0 0 0 0 0 0 0 0 0 0 0 0] spanID:[0 0 0 0 0 0 0 0] traceFlags:0 traceState:{list:[]} remote:false}}]
[2026-07-26 19:58:40.197] local.info: [0.687ms] [rows:3] SELECT * FROM `processes` WHERE `processes`.`flow_id` = 3
[Context] map[trace.traceContextKeyType:{Span:<nil> sc:{traceID:[0 0 0 0 0 0 0 0 0 0 0 0 0 0 0 0] spanID:[0 0 0 0 0 0 0 0] traceFlags:0 traceState:{list:[]} remote:false}}]
[2026-07-26 19:58:40.197] local.info: [2.107ms] [rows:1] SELECT * FROM `flows` WHERE id=3
[Context] map[trace.traceContextKeyType:{Span:<nil> sc:{traceID:[0 0 0 0 0 0 0 0 0 0 0 0 0 0 0 0] spanID:[0 0 0 0 0 0 0 0] traceFlags:0 traceState:{list:[]} remote:false}}]
[2026-07-26 19:58:42.304] local.info: [0.367ms] [rows:0] SELECT * FROM `processvars` WHERE `processvars`.`flow_id` = 3
[Context] map[trace.traceContextKeyType:{Span:<nil> sc:{traceID:[0 0 0 0 0 0 0 0 0 0 0 0 0 0 0 0] spanID:[0 0 0 0 0 0 0 0] traceFlags:0 traceState:{list:[]} remote:false}}]
[2026-07-26 19:58:42.304] local.info: [0.621ms] [rows:3] SELECT * FROM `processes` WHERE `processes`.`flow_id` = 3
[Context] map[trace.traceContextKeyType:{Span:<nil> sc:{traceID:[0 0 0 0 0 0 0 0 0 0 0 0 0 0 0 0] spanID:[0 0 0 0 0 0 0 0] traceFlags:0 traceState:{list:[]} remote:false}}]
[2026-07-26 19:58:42.305] local.info: [2.106ms] [rows:1] SELECT * FROM `flows` WHERE id=3
[Context] map[trace.traceContextKeyType:{Span:<nil> sc:{traceID:[0 0 0 0 0 0 0 0 0 0 0 0 0 0 0 0] spanID:[0 0 0 0 0 0 0 0] traceFlags:0 traceState:{list:[]} remote:false}}]
[2026-07-26 19:58:48.325] local.info: [1.108ms] [rows:1] SELECT * FROM `processes` WHERE id=6
[Context] map[trace.traceContextKeyType:{Span:<nil> sc:{traceID:[0 0 0 0 0 0 0 0 0 0 0 0 0 0 0 0] spanID:[0 0 0 0 0 0 0 0] traceFlags:0 traceState:{list:[]} remote:false}}]
[2026-07-26 19:58:48.326] local.info: [0.967ms] [rows:1] UPDATE `processes` SET `created_at`='2026-07-26 19:58:05',`updated_at`='2026-07-26 19:58:48.325',`id`=6,`flow_id`=3,`process_name`='开始',`limit_time`=0,`type`='operation',`icon`='',`process_to`='7',`style`='width:200px;height:48px;line-height:30px;color:#78a300;left:230px;top:169px;',`style_color`='#78a300',`style_height`=48,`style_width`=200,`position_left`='230px',`position_top`='169px',`position`=1,`child_flow_id`=0,`child_after`=2,`child_back_process`=0,`description`='',`cc_emp_ids`='' WHERE id=6
[Context] map[trace.traceContextKeyType:{Span:<nil> sc:{traceID:[0 0 0 0 0 0 0 0 0 0 0 0 0 0 0 0] spanID:[0 0 0 0 0 0 0 0] traceFlags:0 traceState:{list:[]} remote:false}}]
[2026-07-26 19:58:48.327] local.info: [0.577ms] [rows:0] SELECT `next_process_id` FROM `flowlinks` WHERE flow_id=3 AND type='Condition' AND process_id=6
[Context] map[trace.traceContextKeyType:{Span:<nil> sc:{traceID:[0 0 0 0 0 0 0 0 0 0 0 0 0 0 0 0] spanID:[0 0 0 0 0 0 0 0] traceFlags:0 traceState:{list:[]} remote:false}}]
[2026-07-26 19:58:48.328] local.info: [0.516ms] [rows:0] SELECT * FROM `flowlinks` WHERE flow_id=3 AND process_id=6 AND type!='Condition' ORDER BY `flowlinks`.`id` LIMIT 1
[Context] map[trace.traceContextKeyType:{Span:<nil> sc:{traceID:[0 0 0 0 0 0 0 0 0 0 0 0 0 0 0 0] spanID:[0 0 0 0 0 0 0 0] traceFlags:0 traceState:{list:[]} remote:false}}]
[2026-07-26 19:58:48.328] local.info: [0.665ms] [rows:1] INSERT INTO `flowlinks` (`created_at`,`updated_at`,`type`,`auditor`,`expression`,`condition_expr`,`sort`,`concurrency_type`,`approver_rule`,`flow_id`,`process_id`,`next_process_id`) VALUES ('2026-07-26 19:58:48.328','2026-07-26 19:58:48.328','Emp','0','','',100,0,'',3,6,7)
[Context] map[trace.traceContextKeyType:{Span:<nil> sc:{traceID:[0 0 0 0 0 0 0 0 0 0 0 0 0 0 0 0] spanID:[0 0 0 0 0 0 0 0] traceFlags:0 traceState:{list:[]} remote:false}}]
[2026-07-26 19:58:48.329] local.info: [0.495ms] [rows:1] SELECT * FROM `processes` WHERE id=7
[Context] map[trace.traceContextKeyType:{Span:<nil> sc:{traceID:[0 0 0 0 0 0 0 0 0 0 0 0 0 0 0 0] spanID:[0 0 0 0 0 0 0 0] traceFlags:0 traceState:{list:[]} remote:false}}]
[2026-07-26 19:58:48.33] local.info: [0.571ms] [rows:1] UPDATE `processes` SET `created_at`='2026-07-26 19:58:15',`updated_at`='2026-07-26 19:58:48.329',`id`=7,`flow_id`=3,`process_name`='市场部',`limit_time`=0,`type`='operation',`icon`='',`process_to`='8',`style`='width:200px;height:48px;line-height:30px;color:#78a300;left:625px;top:200px;',`style_color`='#78a300',`style_height`=48,`style_width`=200,`position_left`='625px',`position_top`='200px',`position`=0,`child_flow_id`=0,`child_after`=2,`child_back_process`=0,`description`='',`cc_emp_ids`='' WHERE id=7
[Context] map[trace.traceContextKeyType:{Span:<nil> sc:{traceID:[0 0 0 0 0 0 0 0 0 0 0 0 0 0 0 0] spanID:[0 0 0 0 0 0 0 0] traceFlags:0 traceState:{list:[]} remote:false}}]
[2026-07-26 19:58:48.33] local.info: [0.307ms] [rows:0] SELECT `next_process_id` FROM `flowlinks` WHERE flow_id=3 AND type='Condition' AND process_id=7
[Context] map[trace.traceContextKeyType:{Span:<nil> sc:{traceID:[0 0 0 0 0 0 0 0 0 0 0 0 0 0 0 0] spanID:[0 0 0 0 0 0 0 0] traceFlags:0 traceState:{list:[]} remote:false}}]
[2026-07-26 19:58:48.331] local.info: [0.395ms] [rows:1] SELECT * FROM `flowlinks` WHERE flow_id=3 AND process_id=7 AND type!='Condition' ORDER BY `flowlinks`.`id` LIMIT 1
[Context] map[trace.traceContextKeyType:{Span:<nil> sc:{traceID:[0 0 0 0 0 0 0 0 0 0 0 0 0 0 0 0] spanID:[0 0 0 0 0 0 0 0] traceFlags:0 traceState:{list:[]} remote:false}}]
[2026-07-26 19:58:48.331] local.info: [0.325ms] [rows:1] UPDATE `flowlinks` SET `next_process_id`=8,`updated_at`='2026-07-26 19:58:48.331' WHERE id=4
[Context] map[trace.traceContextKeyType:{Span:<nil> sc:{traceID:[0 0 0 0 0 0 0 0 0 0 0 0 0 0 0 0] spanID:[0 0 0 0 0 0 0 0] traceFlags:0 traceState:{list:[]} remote:false}}]
[2026-07-26 19:58:48.332] local.info: [0.342ms] [rows:1] SELECT * FROM `processes` WHERE id=8
[Context] map[trace.traceContextKeyType:{Span:<nil> sc:{traceID:[0 0 0 0 0 0 0 0 0 0 0 0 0 0 0 0] spanID:[0 0 0 0 0 0 0 0] traceFlags:0 traceState:{list:[]} remote:false}}]
[2026-07-26 19:58:48.332] local.info: [0.381ms] [rows:1] UPDATE `processes` SET `created_at`='2026-07-26 19:58:31',`updated_at`='2026-07-26 19:58:48.332',`id`=8,`flow_id`=3,`process_name`='结束',`limit_time`=0,`type`='operation',`icon`='',`process_to`='',`style`='width:200px;height:48px;line-height:30px;color:#78a300;left:1091px;top:225px;',`style_color`='#78a300',`style_height`=48,`style_width`=200,`position_left`='1091px',`position_top`='225px',`position`=9,`child_flow_id`=0,`child_after`=2,`child_back_process`=0,`description`='',`cc_emp_ids`='' WHERE id=8
[Context] map[trace.traceContextKeyType:{Span:<nil> sc:{traceID:[0 0 0 0 0 0 0 0 0 0 0 0 0 0 0 0] spanID:[0 0 0 0 0 0 0 0] traceFlags:0 traceState:{list:[]} remote:false}}]
[2026-07-26 19:58:48.333] local.info: [0.250ms] [rows:0] SELECT `next_process_id` FROM `flowlinks` WHERE flow_id=3 AND type='Condition' AND process_id=8
[Context] map[trace.traceContextKeyType:{Span:<nil> sc:{traceID:[0 0 0 0 0 0 0 0 0 0 0 0 0 0 0 0] spanID:[0 0 0 0 0 0 0 0] traceFlags:0 traceState:{list:[]} remote:false}}]
[2026-07-26 19:58:48.333] local.info: [0.332ms] [rows:1] UPDATE `flows` SET `jsplumb`='{"total":3,"list":{"6":{"id":6,"flow_id":3,"process_name":"开始","process_to":"7","icon":"","style":"width:200px;height:48px;line-height:30px;color:#78a300;left:230px;top:169px;"},"7":{"id":7,"flow_id":3,"process_name":"市场部","process_to":"8","icon":"","style":"width:200px;height:48px;line-height:30px;color:#78a300;left:625px;top:200px;"},"8":{"id":8,"flow_id":3,"process_name":"结束","process_to":"","icon":"","style":"width:200px;height:48px;line-height:30px;color:#78a300;left:1091px;top:225px;"}}}',`updated_at`='2026-07-26 19:58:48.333' WHERE id=3
[Context] map[trace.traceContextKeyType:{Span:<nil> sc:{traceID:[0 0 0 0 0 0 0 0 0 0 0 0 0 0 0 0] spanID:[0 0 0 0 0 0 0 0] traceFlags:0 traceState:{list:[]} remote:false}}]
[2026-07-26 19:58:48.334] local.info: [0.513ms] [rows:0] UPDATE `flows` SET `is_publish`=false,`updated_at`='2026-07-26 19:58:48.333' WHERE id=3
[Context] map[trace.traceContextKeyType:{Span:<nil> sc:{traceID:[0 0 0 0 0 0 0 0 0 0 0 0 0 0 0 0] spanID:[0 0 0 0 0 0 0 0] traceFlags:0 traceState:{list:[]} remote:false}}]
[2026-07-26 19:58:49.409] local.info: [1.372ms] [rows:1] SELECT * FROM `flows` WHERE id=3
[Context] map[trace.traceContextKeyType:{Span:<nil> sc:{traceID:[0 0 0 0 0 0 0 0 0 0 0 0 0 0 0 0] spanID:[0 0 0 0 0 0 0 0] traceFlags:0 traceState:{list:[]} remote:false}}]
[2026-07-26 19:58:49.41] local.info: [0.713ms] [rows:1] SELECT * FROM `processes` WHERE flow_id=3 AND position=0
[Context] map[trace.traceContextKeyType:{Span:<nil> sc:{traceID:[0 0 0 0 0 0 0 0 0 0 0 0 0 0 0 0] spanID:[0 0 0 0 0 0 0 0] traceFlags:0 traceState:{list:[]} remote:false}}]
[2026-07-26 19:58:49.41] local.info: [0.381ms] [rows:1] SELECT count(*) FROM `processes` WHERE flow_id=3
[Context] map[trace.traceContextKeyType:{Span:<nil> sc:{traceID:[0 0 0 0 0 0 0 0 0 0 0 0 0 0 0 0] spanID:[0 0 0 0 0 0 0 0] traceFlags:0 traceState:{list:[]} remote:false}}]
[2026-07-26 19:58:49.411] local.info: [0.685ms] [rows:0] SELECT flowlinks.id, flowlinks.process_id, flowlinks.expression, flowlinks.sort FROM `flowlinks` left join processes on flowlinks.process_id=processes.id WHERE flowlinks.flow_id=3 AND flowlinks.type='Condition'
[Context] map[trace.traceContextKeyType:{Span:<nil> sc:{traceID:[0 0 0 0 0 0 0 0 0 0 0 0 0 0 0 0] spanID:[0 0 0 0 0 0 0 0] traceFlags:0 traceState:{list:[]} remote:false}}]
[2026-07-26 19:58:49.412] local.info: [0.363ms] [rows:1] SELECT count(*) FROM `flowlinks` left join processes on flowlinks.process_id=processes.id WHERE flowlinks.flow_id=3 AND flowlinks.type='Condition' AND flowlinks.next_process_id=-1 AND processes.position != 9
[Context] map[trace.traceContextKeyType:{Span:<nil> sc:{traceID:[0 0 0 0 0 0 0 0 0 0 0 0 0 0 0 0] spanID:[0 0 0 0 0 0 0 0] traceFlags:0 traceState:{list:[]} remote:false}}]
[2026-07-26 19:58:49.413] local.info: [0.496ms] [rows:1] SELECT 1 FROM `flowlinks` left join processes on flowlinks.process_id=processes.id WHERE flowlinks.flow_id=3 AND processes.position=0 LIMIT 1
[Context] map[trace.traceContextKeyType:{Span:<nil> sc:{traceID:[0 0 0 0 0 0 0 0 0 0 0 0 0 0 0 0] spanID:[0 0 0 0 0 0 0 0] traceFlags:0 traceState:{list:[]} remote:false}}]
[2026-07-26 19:58:49.413] local.info: [0.490ms] [rows:1] SELECT flowlinks.* FROM `flowlinks` join processes on flowlinks.process_id=processes.id WHERE flowlinks.flow_id=3 AND flowlinks.type !='Condition' AND processes.position !=0
[Context] map[trace.traceContextKeyType:{Span:<nil> sc:{traceID:[0 0 0 0 0 0 0 0 0 0 0 0 0 0 0 0] spanID:[0 0 0 0 0 0 0 0] traceFlags:0 traceState:{list:[]} remote:false}}]
[2026-07-26 19:58:49.414] local.info: [0.385ms] [rows:1] SELECT 1 FROM `flowlinks` join processes on flowlinks.process_id=processes.id WHERE flowlinks.flow_id=3 AND flowlinks.process_id=6 AND flowlinks.type !='Condition' AND processes.position !=0 LIMIT 1
[Context] map[trace.traceContextKeyType:{Span:<nil> sc:{traceID:[0 0 0 0 0 0 0 0 0 0 0 0 0 0 0 0] spanID:[0 0 0 0 0 0 0 0] traceFlags:0 traceState:{list:[]} remote:false}}]
[2026-07-26 19:58:49.415] local.info: [1.521ms] [rows:1] UPDATE `flows` SET `is_publish`=true,`updated_at`='2026-07-26 19:58:49.414' WHERE id=3
[Context] map[trace.traceContextKeyType:{Span:<nil> sc:{traceID:[0 0 0 0 0 0 0 0 0 0 0 0 0 0 0 0] spanID:[0 0 0 0 0 0 0 0] traceFlags:0 traceState:{list:[]} remote:false}}]
[2026-07-26 19:58:51.266] local.info: [1.569ms] [rows:1] SELECT * FROM `emps` WHERE `emps`.`id` = '13'
[Context] map[trace.traceContextKeyType:{Span:<nil> sc:{traceID:[0 0 0 0 0 0 0 0 0 0 0 0 0 0 0 0] spanID:[0 0 0 0 0 0 0 0] traceFlags:0 traceState:{list:[]} remote:false}}]
[2026-07-26 19:58:51.266] local.info: [0.501ms] [rows:1] SELECT * FROM `emps` WHERE user_id=13
[Context] map[trace.traceContextKeyType:{Span:<nil> sc:{traceID:[0 0 0 0 0 0 0 0 0 0 0 0 0 0 0 0] spanID:[0 0 0 0 0 0 0 0] traceFlags:0 traceState:{list:[]} remote:false}}]
[2026-07-26 19:58:51.267] local.info: [0.603ms] [rows:1] SELECT count(*) FROM `depts`
[Context] map[trace.traceContextKeyType:{Span:<nil> sc:{traceID:[0 0 0 0 0 0 0 0 0 0 0 0 0 0 0 0] spanID:[0 0 0 0 0 0 0 0] traceFlags:0 traceState:{list:[]} remote:false}}]
[2026-07-26 19:58:51.267] local.info: [0.171ms] [rows:1] SELECT count(*) FROM `emps`
[Context] map[trace.traceContextKeyType:{Span:<nil> sc:{traceID:[0 0 0 0 0 0 0 0 0 0 0 0 0 0 0 0] spanID:[0 0 0 0 0 0 0 0] traceFlags:0 traceState:{list:[]} remote:false}}]
[2026-07-26 19:58:51.268] local.info: [0.349ms] [rows:1] SELECT count(*) FROM `flows`
[Context] map[trace.traceContextKeyType:{Span:<nil> sc:{traceID:[0 0 0 0 0 0 0 0 0 0 0 0 0 0 0 0] spanID:[0 0 0 0 0 0 0 0] traceFlags:0 traceState:{list:[]} remote:false}}]
[2026-07-26 19:58:51.268] local.info: [0.357ms] [rows:1] SELECT count(*) FROM `templates`
[Context] map[trace.traceContextKeyType:{Span:<nil> sc:{traceID:[0 0 0 0 0 0 0 0 0 0 0 0 0 0 0 0] spanID:[0 0 0 0 0 0 0 0] traceFlags:0 traceState:{list:[]} remote:false}}]
[2026-07-26 19:58:51.269] local.info: [0.214ms] [rows:1] SELECT count(*) FROM `entries`
[Context] map[trace.traceContextKeyType:{Span:<nil> sc:{traceID:[0 0 0 0 0 0 0 0 0 0 0 0 0 0 0 0] spanID:[0 0 0 0 0 0 0 0] traceFlags:0 traceState:{list:[]} remote:false}}]
[2026-07-26 19:58:51.269] local.info: [0.344ms] [rows:1] SELECT count(*) FROM `procs` WHERE status=0
[Context] map[trace.traceContextKeyType:{Span:<nil> sc:{traceID:[0 0 0 0 0 0 0 0 0 0 0 0 0 0 0 0] spanID:[0 0 0 0 0 0 0 0] traceFlags:0 traceState:{list:[]} remote:false}}]
[2026-07-26 19:58:51.271] local.info: [0.568ms] [rows:1] SELECT * FROM `emps` WHERE `emps`.`id` = 13
[Context] map[trace.traceContextKeyType:{Span:<nil> sc:{traceID:[0 0 0 0 0 0 0 0 0 0 0 0 0 0 0 0] spanID:[0 0 0 0 0 0 0 0] traceFlags:0 traceState:{list:[]} remote:false}}]
[2026-07-26 19:58:51.271] local.info: [0.352ms] [rows:1] SELECT * FROM `flows` WHERE `flows`.`id` = 1
[Context] map[trace.traceContextKeyType:{Span:<nil> sc:{traceID:[0 0 0 0 0 0 0 0 0 0 0 0 0 0 0 0] spanID:[0 0 0 0 0 0 0 0] traceFlags:0 traceState:{list:[]} remote:false}}]
[2026-07-26 19:58:51.272] local.info: [0.367ms] [rows:1] SELECT * FROM `processes` WHERE `processes`.`id` = 2
[Context] map[trace.traceContextKeyType:{Span:<nil> sc:{traceID:[0 0 0 0 0 0 0 0 0 0 0 0 0 0 0 0] spanID:[0 0 0 0 0 0 0 0] traceFlags:0 traceState:{list:[]} remote:false}}]
[2026-07-26 19:58:51.272] local.info: [0.541ms] [rows:1] SELECT * FROM `procs` WHERE `procs`.`entry_id` IN (3,2,1) ORDER BY id desc LIMIT 1
[Context] map[trace.traceContextKeyType:{Span:<nil> sc:{traceID:[0 0 0 0 0 0 0 0 0 0 0 0 0 0 0 0] spanID:[0 0 0 0 0 0 0 0] traceFlags:0 traceState:{list:[]} remote:false}}]
[2026-07-26 19:58:51.273] local.info: [3.222ms] [rows:3] SELECT * FROM `entries` WHERE emp_id=13 AND pid=0 ORDER BY id desc
[Context] map[trace.traceContextKeyType:{Span:<nil> sc:{traceID:[0 0 0 0 0 0 0 0 0 0 0 0 0 0 0 0] spanID:[0 0 0 0 0 0 0 0] traceFlags:0 traceState:{list:[]} remote:false}}]
[2026-07-26 19:58:51.273] local.info: [0.487ms] [rows:0] SELECT * FROM `procs` WHERE emp_id=13 AND status=0 ORDER BY id desc
[Context] map[trace.traceContextKeyType:{Span:<nil> sc:{traceID:[0 0 0 0 0 0 0 0 0 0 0 0 0 0 0 0] spanID:[0 0 0 0 0 0 0 0] traceFlags:0 traceState:{list:[]} remote:false}}]
[2026-07-26 19:58:51.274] local.info: [0.488ms] [rows:3] SELECT * FROM `flows` WHERE is_publish=1 AND is_show=1
[Context] map[trace.traceContextKeyType:{Span:<nil> sc:{traceID:[0 0 0 0 0 0 0 0 0 0 0 0 0 0 0 0] spanID:[0 0 0 0 0 0 0 0] traceFlags:0 traceState:{list:[]} remote:false}}]
[2026-07-26 19:58:51.275] local.info: [0.353ms] [rows:1] SELECT * FROM `emps` WHERE `emps`.`id` = 13
[Context] map[trace.traceContextKeyType:{Span:<nil> sc:{traceID:[0 0 0 0 0 0 0 0 0 0 0 0 0 0 0 0] spanID:[0 0 0 0 0 0 0 0] traceFlags:0 traceState:{list:[]} remote:false}}]
[2026-07-26 19:58:51.276] local.info: [0.511ms] [rows:3] SELECT * FROM `entries` WHERE `entries`.`id` IN (3,2,1)
[Context] map[trace.traceContextKeyType:{Span:<nil> sc:{traceID:[0 0 0 0 0 0 0 0 0 0 0 0 0 0 0 0] spanID:[0 0 0 0 0 0 0 0] traceFlags:0 traceState:{list:[]} remote:false}}]
[2026-07-26 19:58:51.276] local.info: [1.760ms] [rows:3] SELECT * FROM `procs` WHERE emp_id=13 AND status!=0 ORDER BY id desc
[Context] map[trace.traceContextKeyType:{Span:<nil> sc:{traceID:[0 0 0 0 0 0 0 0 0 0 0 0 0 0 0 0] spanID:[0 0 0 0 0 0 0 0] traceFlags:0 traceState:{list:[]} remote:false}}]
[2026-07-26 19:58:51.276] local.info: [0.632ms] [rows:0] SELECT * FROM `cc_records` WHERE emp_id=13 ORDER BY id desc
[Context] map[trace.traceContextKeyType:{Span:<nil> sc:{traceID:[0 0 0 0 0 0 0 0 0 0 0 0 0 0 0 0] spanID:[0 0 0 0 0 0 0 0] traceFlags:0 traceState:{list:[]} remote:false}}]
[2026-07-26 19:59:44.398] local.info: [0.880ms] [rows:1] SELECT count(*) FROM `flows`
[Context] map[trace.traceContextKeyType:{Span:<nil> sc:{traceID:[0 0 0 0 0 0 0 0 0 0 0 0 0 0 0 0] spanID:[0 0 0 0 0 0 0 0] traceFlags:0 traceState:{list:[]} remote:false}}]
[2026-07-26 19:59:44.4] local.info: [1.266ms] [rows:3] SELECT * FROM `flows` LIMIT 10
[Context] map[trace.traceContextKeyType:{Span:<nil> sc:{traceID:[0 0 0 0 0 0 0 0 0 0 0 0 0 0 0 0] spanID:[0 0 0 0 0 0 0 0] traceFlags:0 traceState:{list:[]} remote:false}}]
[2026-07-26 19:59:46.606] local.info: [0.608ms] [rows:1] SELECT * FROM `templateforms` WHERE `templateforms`.`template_id` = 3
[Context] map[trace.traceContextKeyType:{Span:<nil> sc:{traceID:[0 0 0 0 0 0 0 0 0 0 0 0 0 0 0 0] spanID:[0 0 0 0 0 0 0 0] traceFlags:0 traceState:{list:[]} remote:false}}]
[2026-07-26 19:59:46.606] local.info: [1.263ms] [rows:1] SELECT * FROM `templates` WHERE `templates`.`id` = 3
[Context] map[trace.traceContextKeyType:{Span:<nil> sc:{traceID:[0 0 0 0 0 0 0 0 0 0 0 0 0 0 0 0] spanID:[0 0 0 0 0 0 0 0] traceFlags:0 traceState:{list:[]} remote:false}}]
[2026-07-26 19:59:46.606] local.info: [2.111ms] [rows:1] SELECT * FROM `flows` WHERE `id` = 3
[Context] map[trace.traceContextKeyType:{Span:<nil> sc:{traceID:[0 0 0 0 0 0 0 0 0 0 0 0 0 0 0 0] spanID:[0 0 0 0 0 0 0 0] traceFlags:0 traceState:{list:[]} remote:false}}]
[2026-07-26 19:59:52.818] local.info: [0.848ms] [rows:1] SELECT * FROM `emps` WHERE `emps`.`id` = '13'
[Context] map[trace.traceContextKeyType:{Span:<nil> sc:{traceID:[0 0 0 0 0 0 0 0 0 0 0 0 0 0 0 0] spanID:[0 0 0 0 0 0 0 0] traceFlags:0 traceState:{list:[]} remote:false}}]
[2026-07-26 19:59:52.818] local.info: [0.493ms] [rows:1] SELECT `id` FROM `processes` WHERE flow_id=3 AND position=0
[Context] map[trace.traceContextKeyType:{Span:<nil> sc:{traceID:[0 0 0 0 0 0 0 0 0 0 0 0 0 0 0 0] spanID:[0 0 0 0 0 0 0 0] traceFlags:0 traceState:{list:[]} remote:false}}]
[2026-07-26 19:59:52.819] local.info: [0.633ms] [rows:1] SELECT * FROM `flowlinks` WHERE (flow_id=3 AND process_id=7) AND ((type!='Condition' OR type IS NULL)) ORDER BY sort ASC
[Context] map[trace.traceContextKeyType:{Span:<nil> sc:{traceID:[0 0 0 0 0 0 0 0 0 0 0 0 0 0 0 0] spanID:[0 0 0 0 0 0 0 0] traceFlags:0 traceState:{list:[]} remote:false}}]
[2026-07-26 19:59:52.82] local.info: [0.552ms] [rows:1] SELECT * FROM `processes` WHERE `processes`.`id` = 8
[Context] map[trace.traceContextKeyType:{Span:<nil> sc:{traceID:[0 0 0 0 0 0 0 0 0 0 0 0 0 0 0 0] spanID:[0 0 0 0 0 0 0 0] traceFlags:0 traceState:{list:[]} remote:false}}]
[2026-07-26 19:59:52.821] local.info: [0.574ms] [rows:1] SELECT * FROM `processes` WHERE `processes`.`id` = 7
[Context] map[trace.traceContextKeyType:{Span:<nil> sc:{traceID:[0 0 0 0 0 0 0 0 0 0 0 0 0 0 0 0] spanID:[0 0 0 0 0 0 0 0] traceFlags:0 traceState:{list:[]} remote:false}}]
[2026-07-26 19:59:52.821] local.info: [1.735ms] [rows:1] SELECT * FROM `flowlinks` WHERE id=4 ORDER BY `flowlinks`.`id` LIMIT 1
[Context] map[trace.traceContextKeyType:{Span:<nil> sc:{traceID:[0 0 0 0 0 0 0 0 0 0 0 0 0 0 0 0] spanID:[0 0 0 0 0 0 0 0] traceFlags:0 traceState:{list:[]} remote:false}}]
[2026-07-26 19:59:52.821] local.info: [0.394ms] [rows:1] SELECT * FROM `flows` WHERE `id` = 3
[Context] map[trace.traceContextKeyType:{Span:<nil> sc:{traceID:[0 0 0 0 0 0 0 0 0 0 0 0 0 0 0 0] spanID:[0 0 0 0 0 0 0 0] traceFlags:0 traceState:{list:[]} remote:false}}]
[2026-07-26 19:59:52.822] local.info: [0.317ms] [rows:1] SELECT * FROM `templates` WHERE id=3
[Context] map[trace.traceContextKeyType:{Span:<nil> sc:{traceID:[0 0 0 0 0 0 0 0 0 0 0 0 0 0 0 0] spanID:[0 0 0 0 0 0 0 0] traceFlags:0 traceState:{list:[]} remote:false}}]
[2026-07-26 19:59:52.822] local.info: [0.362ms] [rows:1] SELECT * FROM `templateforms` WHERE `template_id` = 3
[Context] map[trace.traceContextKeyType:{Span:<nil> sc:{traceID:[0 0 0 0 0 0 0 0 0 0 0 0 0 0 0 0] spanID:[0 0 0 0 0 0 0 0] traceFlags:0 traceState:{list:[]} remote:false}}]
[2026-07-26 19:59:59.007] local.info: [1.085ms] [rows:1] SELECT count(*) FROM `flows`
[Context] map[trace.traceContextKeyType:{Span:<nil> sc:{traceID:[0 0 0 0 0 0 0 0 0 0 0 0 0 0 0 0] spanID:[0 0 0 0 0 0 0 0] traceFlags:0 traceState:{list:[]} remote:false}}]
[2026-07-26 19:59:59.008] local.info: [0.800ms] [rows:3] SELECT * FROM `flows` LIMIT 10
[Context] map[trace.traceContextKeyType:{Span:<nil> sc:{traceID:[0 0 0 0 0 0 0 0 0 0 0 0 0 0 0 0] spanID:[0 0 0 0 0 0 0 0] traceFlags:0 traceState:{list:[]} remote:false}}]
[2026-07-26 20:00:01.362] local.info: [0.765ms] [rows:1] SELECT count(*) FROM `flows`
[Context] map[trace.traceContextKeyType:{Span:<nil> sc:{traceID:[0 0 0 0 0 0 0 0 0 0 0 0 0 0 0 0] spanID:[0 0 0 0 0 0 0 0] traceFlags:0 traceState:{list:[]} remote:false}}]
[2026-07-26 20:00:01.363] local.info: [0.460ms] [rows:3] SELECT * FROM `flows` LIMIT 10
[Context] map[trace.traceContextKeyType:{Span:<nil> sc:{traceID:[0 0 0 0 0 0 0 0 0 0 0 0 0 0 0 0] spanID:[0 0 0 0 0 0 0 0] traceFlags:0 traceState:{list:[]} remote:false}}]
[2026-07-26 20:00:02.524] local.info: [0.406ms] [rows:0] SELECT * FROM `processvars` WHERE `processvars`.`flow_id` = 3
[Context] map[trace.traceContextKeyType:{Span:<nil> sc:{traceID:[0 0 0 0 0 0 0 0 0 0 0 0 0 0 0 0] spanID:[0 0 0 0 0 0 0 0] traceFlags:0 traceState:{list:[]} remote:false}}]
[2026-07-26 20:00:02.524] local.info: [0.576ms] [rows:3] SELECT * FROM `processes` WHERE `processes`.`flow_id` = 3
[Context] map[trace.traceContextKeyType:{Span:<nil> sc:{traceID:[0 0 0 0 0 0 0 0 0 0 0 0 0 0 0 0] spanID:[0 0 0 0 0 0 0 0] traceFlags:0 traceState:{list:[]} remote:false}}]
[2026-07-26 20:00:02.525] local.info: [2.302ms] [rows:1] SELECT * FROM `flows` WHERE id=3
[Context] map[trace.traceContextKeyType:{Span:<nil> sc:{traceID:[0 0 0 0 0 0 0 0 0 0 0 0 0 0 0 0] spanID:[0 0 0 0 0 0 0 0] traceFlags:0 traceState:{list:[]} remote:false}}]
[2026-07-26 20:00:03.928] local.info: [0.649ms] [rows:1] SELECT * FROM `processes` WHERE id=6
[Context] map[trace.traceContextKeyType:{Span:<nil> sc:{traceID:[0 0 0 0 0 0 0 0 0 0 0 0 0 0 0 0] spanID:[0 0 0 0 0 0 0 0] traceFlags:0 traceState:{list:[]} remote:false}}]
[2026-07-26 20:00:03.93] local.info: [0.454ms] [rows:1] SELECT * FROM `processes` WHERE `processes`.`id` = 7
[Context] map[trace.traceContextKeyType:{Span:<nil> sc:{traceID:[0 0 0 0 0 0 0 0 0 0 0 0 0 0 0 0] spanID:[0 0 0 0 0 0 0 0] traceFlags:0 traceState:{list:[]} remote:false}}]
[2026-07-26 20:00:03.93] local.info: [0.401ms] [rows:1] SELECT * FROM `processes` WHERE `processes`.`id` = 6
[Context] map[trace.traceContextKeyType:{Span:<nil> sc:{traceID:[0 0 0 0 0 0 0 0 0 0 0 0 0 0 0 0] spanID:[0 0 0 0 0 0 0 0] traceFlags:0 traceState:{list:[]} remote:false}}]
[2026-07-26 20:00:03.93] local.info: [1.509ms] [rows:1] SELECT * FROM `flowlinks` WHERE process_id=6 AND flow_id=3
[Context] map[trace.traceContextKeyType:{Span:<nil> sc:{traceID:[0 0 0 0 0 0 0 0 0 0 0 0 0 0 0 0] spanID:[0 0 0 0 0 0 0 0] traceFlags:0 traceState:{list:[]} remote:false}}]
[2026-07-26 20:00:03.931] local.info: [0.405ms] [rows:1] SELECT `next_process_id` FROM `flowlinks` WHERE process_id=6 AND flow_id=3
[Context] map[trace.traceContextKeyType:{Span:<nil> sc:{traceID:[0 0 0 0 0 0 0 0 0 0 0 0 0 0 0 0] spanID:[0 0 0 0 0 0 0 0] traceFlags:0 traceState:{list:[]} remote:false}}]
[2026-07-26 20:00:03.931] local.info: [0.316ms] [rows:1] SELECT * FROM `processes` WHERE `processes`.`id` = 7
[Context] map[trace.traceContextKeyType:{Span:<nil> sc:{traceID:[0 0 0 0 0 0 0 0 0 0 0 0 0 0 0 0] spanID:[0 0 0 0 0 0 0 0] traceFlags:0 traceState:{list:[]} remote:false}}]
[2026-07-26 20:00:03.932] local.info: [0.383ms] [rows:1] SELECT * FROM `processes` WHERE `processes`.`id` = 6
[Context] map[trace.traceContextKeyType:{Span:<nil> sc:{traceID:[0 0 0 0 0 0 0 0 0 0 0 0 0 0 0 0] spanID:[0 0 0 0 0 0 0 0] traceFlags:0 traceState:{list:[]} remote:false}}]
[2026-07-26 20:00:03.932] local.info: [1.247ms] [rows:1] SELECT * FROM `flowlinks` WHERE flow_id=3 AND type != 'Condition' AND process_id not in (7) AND next_process_id > 0
[Context] map[trace.traceContextKeyType:{Span:<nil> sc:{traceID:[0 0 0 0 0 0 0 0 0 0 0 0 0 0 0 0] spanID:[0 0 0 0 0 0 0 0] traceFlags:0 traceState:{list:[]} remote:false}}]
[2026-07-26 20:00:03.932] local.info: [0.289ms] [rows:1] SELECT * FROM `templates` WHERE `templates`.`id` = 3
[Context] map[trace.traceContextKeyType:{Span:<nil> sc:{traceID:[0 0 0 0 0 0 0 0 0 0 0 0 0 0 0 0] spanID:[0 0 0 0 0 0 0 0] traceFlags:0 traceState:{list:[]} remote:false}}]
[2026-07-26 20:00:03.933] local.info: [0.643ms] [rows:1] SELECT * FROM `flows` WHERE id=3
[Context] map[trace.traceContextKeyType:{Span:<nil> sc:{traceID:[0 0 0 0 0 0 0 0 0 0 0 0 0 0 0 0] spanID:[0 0 0 0 0 0 0 0] traceFlags:0 traceState:{list:[]} remote:false}}]
[2026-07-26 20:00:03.933] local.info: [0.323ms] [rows:1] SELECT * FROM `templateforms` WHERE template_id=3
[Context] map[trace.traceContextKeyType:{Span:<nil> sc:{traceID:[0 0 0 0 0 0 0 0 0 0 0 0 0 0 0 0] spanID:[0 0 0 0 0 0 0 0] traceFlags:0 traceState:{list:[]} remote:false}}]
[2026-07-26 20:00:03.933] local.info: [0.262ms] [rows:1] SELECT `auditor` FROM `flowlinks` WHERE process_id=6 AND type='Emp'
[Context] map[trace.traceContextKeyType:{Span:<nil> sc:{traceID:[0 0 0 0 0 0 0 0 0 0 0 0 0 0 0 0] spanID:[0 0 0 0 0 0 0 0] traceFlags:0 traceState:{list:[]} remote:false}}]
[2026-07-26 20:00:03.933] local.info: [0.233ms] [rows:0] SELECT * FROM `emps` WHERE id in ('0')
[Context] map[trace.traceContextKeyType:{Span:<nil> sc:{traceID:[0 0 0 0 0 0 0 0 0 0 0 0 0 0 0 0] spanID:[0 0 0 0 0 0 0 0] traceFlags:0 traceState:{list:[]} remote:false}}]
[2026-07-26 20:00:03.934] local.info: [0.277ms] [rows:0] SELECT * FROM `flowlinks` WHERE process_id = 6 AND flow_id=3 AND type='Sys'
[Context] map[trace.traceContextKeyType:{Span:<nil> sc:{traceID:[0 0 0 0 0 0 0 0 0 0 0 0 0 0 0 0] spanID:[0 0 0 0 0 0 0 0] traceFlags:0 traceState:{list:[]} remote:false}}]
[2026-07-26 20:00:03.934] local.info: [0.230ms] [rows:0] SELECT `auditor` FROM `flowlinks` WHERE type='Dept' AND process_id=6
[Context] map[trace.traceContextKeyType:{Span:<nil> sc:{traceID:[0 0 0 0 0 0 0 0 0 0 0 0 0 0 0 0] spanID:[0 0 0 0 0 0 0 0] traceFlags:0 traceState:{list:[]} remote:false}}]
[2026-07-26 20:00:03.934] local.info: [0.220ms] [rows:0] SELECT * FROM `depts` WHERE id in ('')
[Context] map[trace.traceContextKeyType:{Span:<nil> sc:{traceID:[0 0 0 0 0 0 0 0 0 0 0 0 0 0 0 0] spanID:[0 0 0 0 0 0 0 0] traceFlags:0 traceState:{list:[]} remote:false}}]
[2026-07-26 20:00:03.935] local.info: [0.317ms] [rows:2] SELECT * FROM `flows` WHERE is_publish=1 AND id!=3
[Context] map[trace.traceContextKeyType:{Span:<nil> sc:{traceID:[0 0 0 0 0 0 0 0 0 0 0 0 0 0 0 0] spanID:[0 0 0 0 0 0 0 0] traceFlags:0 traceState:{list:[]} remote:false}}]
[2026-07-26 20:00:03.935] local.info: [0.291ms] [rows:3] SELECT * FROM `processes` WHERE flow_id=3
[Context] map[trace.traceContextKeyType:{Span:<nil> sc:{traceID:[0 0 0 0 0 0 0 0 0 0 0 0 0 0 0 0] spanID:[0 0 0 0 0 0 0 0] traceFlags:0 traceState:{list:[]} remote:false}}]
[2026-07-26 20:00:03.935] local.info: [0.287ms] [rows:1] SELECT * FROM `flowlinks` WHERE process_id = 6 AND flow_id=3 AND type='Emp'
[Context] map[trace.traceContextKeyType:{Span:<nil> sc:{traceID:[0 0 0 0 0 0 0 0 0 0 0 0 0 0 0 0] spanID:[0 0 0 0 0 0 0 0] traceFlags:0 traceState:{list:[]} remote:false}}]
[2026-07-26 20:00:03.936] local.info: [0.247ms] [rows:0] SELECT * FROM `flowlinks` WHERE process_id = 6 AND flow_id=3 AND type='Dept'
[Context] map[trace.traceContextKeyType:{Span:<nil> sc:{traceID:[0 0 0 0 0 0 0 0 0 0 0 0 0 0 0 0] spanID:[0 0 0 0 0 0 0 0] traceFlags:0 traceState:{list:[]} remote:false}}]
[2026-07-26 20:00:06.824] local.info: [0.809ms] [rows:1] SELECT * FROM `processes` WHERE id=6
[Context] map[trace.traceContextKeyType:{Span:<nil> sc:{traceID:[0 0 0 0 0 0 0 0 0 0 0 0 0 0 0 0] spanID:[0 0 0 0 0 0 0 0] traceFlags:0 traceState:{list:[]} remote:false}}]
[2026-07-26 20:00:06.825] local.info: [0.726ms] [rows:1] UPDATE `processes` SET `position`=1,`updated_at`='2026-07-26 20:00:06.824' WHERE flow_id=3 AND `position` = 0
[Context] map[trace.traceContextKeyType:{Span:<nil> sc:{traceID:[0 0 0 0 0 0 0 0 0 0 0 0 0 0 0 0] spanID:[0 0 0 0 0 0 0 0] traceFlags:0 traceState:{list:[]} remote:false}}]
[2026-07-26 20:00:06.826] local.info: [0.658ms] [rows:1] UPDATE `processes` SET `created_at`='2026-07-26 19:58:05',`updated_at`='2026-07-26 20:00:06.825',`id`=6,`flow_id`=3,`process_name`='开始',`limit_time`=0,`type`='operation',`icon`='',`process_to`='7',`style`='width:200px;height:48px;line-height:30px;color:#78a300;left:230px;top:169px;',`style_color`='#78a300',`style_height`=48,`style_width`=200,`position_left`='230px',`position_top`='169px',`position`=0,`child_flow_id`=0,`child_after`=2,`child_back_process`=0,`description`='',`cc_emp_ids`='' WHERE id=6
[Context] map[trace.traceContextKeyType:{Span:<nil> sc:{traceID:[0 0 0 0 0 0 0 0 0 0 0 0 0 0 0 0] spanID:[0 0 0 0 0 0 0 0] traceFlags:0 traceState:{list:[]} remote:false}}]
[2026-07-26 20:00:06.827] local.info: [0.531ms] [rows:1] SELECT * FROM `templateforms` WHERE `templateforms`.`template_id` = 3
[Context] map[trace.traceContextKeyType:{Span:<nil> sc:{traceID:[0 0 0 0 0 0 0 0 0 0 0 0 0 0 0 0] spanID:[0 0 0 0 0 0 0 0] traceFlags:0 traceState:{list:[]} remote:false}}]
[2026-07-26 20:00:06.827] local.info: [0.958ms] [rows:1] SELECT * FROM `templates` WHERE `templates`.`id` = 3
[Context] map[trace.traceContextKeyType:{Span:<nil> sc:{traceID:[0 0 0 0 0 0 0 0 0 0 0 0 0 0 0 0] spanID:[0 0 0 0 0 0 0 0] traceFlags:0 traceState:{list:[]} remote:false}}]
[2026-07-26 20:00:06.827] local.info: [1.461ms] [rows:1] SELECT * FROM `flows` WHERE id=3
[Context] map[trace.traceContextKeyType:{Span:<nil> sc:{traceID:[0 0 0 0 0 0 0 0 0 0 0 0 0 0 0 0] spanID:[0 0 0 0 0 0 0 0] traceFlags:0 traceState:{list:[]} remote:false}}]
[2026-07-26 20:00:06.828] local.info: [0.415ms] [rows:1] UPDATE `flows` SET `jsplumb`='{"total":3,"list":{"6":{"id":6,"flow_id":3,"process_name":"开始","process_to":"7","icon":"","style":"width:200px;height:48px;line-height:30px;color:#78a300;left:230px;top:169px;"},"7":{"id":7,"flow_id":3,"process_name":"市场部","process_to":"8","icon":"","style":"width:200px;height:48px;line-height:30px;color:#78a300;left:625px;top:200px;"},"8":{"id":8,"flow_id":3,"process_name":"结束","process_to":"","icon":"","style":"width:200px;height:48px;line-height:30px;color:#78a300;left:1091px;top:225px;"}}}',`updated_at`='2026-07-26 20:00:06.827' WHERE id=3 AND `id` = 3
[Context] map[trace.traceContextKeyType:{Span:<nil> sc:{traceID:[0 0 0 0 0 0 0 0 0 0 0 0 0 0 0 0] spanID:[0 0 0 0 0 0 0 0] traceFlags:0 traceState:{list:[]} remote:false}}]
[2026-07-26 20:00:06.828] local.info: [0.389ms] [rows:1] UPDATE `flows` SET `is_publish`=false,`updated_at`='2026-07-26 20:00:06.828' WHERE id=3 AND `id` = 3
[Context] map[trace.traceContextKeyType:{Span:<nil> sc:{traceID:[0 0 0 0 0 0 0 0 0 0 0 0 0 0 0 0] spanID:[0 0 0 0 0 0 0 0] traceFlags:0 traceState:{list:[]} remote:false}}]
[2026-07-26 20:00:06.829] local.info: [0.296ms] [rows:0] UPDATE `flowlinks` SET `auditor`='0',`updated_at`='2026-07-26 20:00:06.828' WHERE flow_id=3 AND process_id=6 AND type='Condition'
[Context] map[trace.traceContextKeyType:{Span:<nil> sc:{traceID:[0 0 0 0 0 0 0 0 0 0 0 0 0 0 0 0] spanID:[0 0 0 0 0 0 0 0] traceFlags:0 traceState:{list:[]} remote:false}}]
[2026-07-26 20:00:06.829] local.info: [0.305ms] [rows:1] SELECT count(*) FROM `flowlinks` WHERE flow_id=3 AND type='Condition' AND process_id=6
[Context] map[trace.traceContextKeyType:{Span:<nil> sc:{traceID:[0 0 0 0 0 0 0 0 0 0 0 0 0 0 0 0] spanID:[0 0 0 0 0 0 0 0] traceFlags:0 traceState:{list:[]} remote:false}}]
[2026-07-26 20:00:06.829] local.info: [0.290ms] [rows:0] DELETE FROM `flowlinks` WHERE flow_id=3 AND process_id=6 AND type='Dept'
[Context] map[trace.traceContextKeyType:{Span:<nil> sc:{traceID:[0 0 0 0 0 0 0 0 0 0 0 0 0 0 0 0] spanID:[0 0 0 0 0 0 0 0] traceFlags:0 traceState:{list:[]} remote:false}}]
[2026-07-26 20:00:06.83] local.info: [0.304ms] [rows:1] DELETE FROM `flowlinks` WHERE flow_id=3 AND process_id=6 AND type='Emp'
[Context] map[trace.traceContextKeyType:{Span:<nil> sc:{traceID:[0 0 0 0 0 0 0 0 0 0 0 0 0 0 0 0] spanID:[0 0 0 0 0 0 0 0] traceFlags:0 traceState:{list:[]} remote:false}}]
[2026-07-26 20:00:06.847] local.info: [0.430ms] [rows:0] SELECT * FROM `processvars` WHERE `processvars`.`flow_id` = 3
[Context] map[trace.traceContextKeyType:{Span:<nil> sc:{traceID:[0 0 0 0 0 0 0 0 0 0 0 0 0 0 0 0] spanID:[0 0 0 0 0 0 0 0] traceFlags:0 traceState:{list:[]} remote:false}}]
[2026-07-26 20:00:06.848] local.info: [0.571ms] [rows:3] SELECT * FROM `processes` WHERE `processes`.`flow_id` = 3
[Context] map[trace.traceContextKeyType:{Span:<nil> sc:{traceID:[0 0 0 0 0 0 0 0 0 0 0 0 0 0 0 0] spanID:[0 0 0 0 0 0 0 0] traceFlags:0 traceState:{list:[]} remote:false}}]
[2026-07-26 20:00:06.848] local.info: [1.968ms] [rows:1] SELECT * FROM `flows` WHERE id=3
[Context] map[trace.traceContextKeyType:{Span:<nil> sc:{traceID:[0 0 0 0 0 0 0 0 0 0 0 0 0 0 0 0] spanID:[0 0 0 0 0 0 0 0] traceFlags:0 traceState:{list:[]} remote:false}}]
[2026-07-26 20:00:08.067] local.info: [0.762ms] [rows:1] SELECT * FROM `processes` WHERE id=6
[Context] map[trace.traceContextKeyType:{Span:<nil> sc:{traceID:[0 0 0 0 0 0 0 0 0 0 0 0 0 0 0 0] spanID:[0 0 0 0 0 0 0 0] traceFlags:0 traceState:{list:[]} remote:false}}]
[2026-07-26 20:00:08.068] local.info: [0.860ms] [rows:1] UPDATE `processes` SET `created_at`='2026-07-26 19:58:05',`updated_at`='2026-07-26 20:00:08.067',`id`=6,`flow_id`=3,`process_name`='开始',`limit_time`=0,`type`='operation',`icon`='',`process_to`='7',`style`='width:200px;height:48px;line-height:30px;color:#78a300;left:230px;top:169px;',`style_color`='#78a300',`style_height`=48,`style_width`=200,`position_left`='230px',`position_top`='169px',`position`=0,`child_flow_id`=0,`child_after`=2,`child_back_process`=0,`description`='',`cc_emp_ids`='' WHERE id=6
[Context] map[trace.traceContextKeyType:{Span:<nil> sc:{traceID:[0 0 0 0 0 0 0 0 0 0 0 0 0 0 0 0] spanID:[0 0 0 0 0 0 0 0] traceFlags:0 traceState:{list:[]} remote:false}}]
[2026-07-26 20:00:08.069] local.info: [0.602ms] [rows:0] SELECT `next_process_id` FROM `flowlinks` WHERE flow_id=3 AND type='Condition' AND process_id=6
[Context] map[trace.traceContextKeyType:{Span:<nil> sc:{traceID:[0 0 0 0 0 0 0 0 0 0 0 0 0 0 0 0] spanID:[0 0 0 0 0 0 0 0] traceFlags:0 traceState:{list:[]} remote:false}}]
[2026-07-26 20:00:08.07] local.info: [0.449ms] [rows:0] SELECT * FROM `flowlinks` WHERE flow_id=3 AND process_id=6 AND type!='Condition' ORDER BY `flowlinks`.`id` LIMIT 1
[Context] map[trace.traceContextKeyType:{Span:<nil> sc:{traceID:[0 0 0 0 0 0 0 0 0 0 0 0 0 0 0 0] spanID:[0 0 0 0 0 0 0 0] traceFlags:0 traceState:{list:[]} remote:false}}]
[2026-07-26 20:00:08.07] local.info: [0.430ms] [rows:1] INSERT INTO `flowlinks` (`created_at`,`updated_at`,`type`,`auditor`,`expression`,`condition_expr`,`sort`,`concurrency_type`,`approver_rule`,`flow_id`,`process_id`,`next_process_id`) VALUES ('2026-07-26 20:00:08.07','2026-07-26 20:00:08.07','Emp','0','','',100,0,'',3,6,7)
[Context] map[trace.traceContextKeyType:{Span:<nil> sc:{traceID:[0 0 0 0 0 0 0 0 0 0 0 0 0 0 0 0] spanID:[0 0 0 0 0 0 0 0] traceFlags:0 traceState:{list:[]} remote:false}}]
[2026-07-26 20:00:08.071] local.info: [0.445ms] [rows:1] SELECT * FROM `processes` WHERE id=7
[Context] map[trace.traceContextKeyType:{Span:<nil> sc:{traceID:[0 0 0 0 0 0 0 0 0 0 0 0 0 0 0 0] spanID:[0 0 0 0 0 0 0 0] traceFlags:0 traceState:{list:[]} remote:false}}]
[2026-07-26 20:00:08.071] local.info: [0.452ms] [rows:1] UPDATE `processes` SET `created_at`='2026-07-26 19:58:15',`updated_at`='2026-07-26 20:00:08.071',`id`=7,`flow_id`=3,`process_name`='市场部',`limit_time`=0,`type`='operation',`icon`='',`process_to`='8',`style`='width:200px;height:48px;line-height:30px;color:#78a300;left:625px;top:200px;',`style_color`='#78a300',`style_height`=48,`style_width`=200,`position_left`='625px',`position_top`='200px',`position`=1,`child_flow_id`=0,`child_after`=2,`child_back_process`=0,`description`='',`cc_emp_ids`='' WHERE id=7
[Context] map[trace.traceContextKeyType:{Span:<nil> sc:{traceID:[0 0 0 0 0 0 0 0 0 0 0 0 0 0 0 0] spanID:[0 0 0 0 0 0 0 0] traceFlags:0 traceState:{list:[]} remote:false}}]
[2026-07-26 20:00:08.072] local.info: [0.302ms] [rows:0] SELECT `next_process_id` FROM `flowlinks` WHERE flow_id=3 AND type='Condition' AND process_id=7
[Context] map[trace.traceContextKeyType:{Span:<nil> sc:{traceID:[0 0 0 0 0 0 0 0 0 0 0 0 0 0 0 0] spanID:[0 0 0 0 0 0 0 0] traceFlags:0 traceState:{list:[]} remote:false}}]
[2026-07-26 20:00:08.072] local.info: [0.427ms] [rows:1] SELECT * FROM `flowlinks` WHERE flow_id=3 AND process_id=7 AND type!='Condition' ORDER BY `flowlinks`.`id` LIMIT 1
[Context] map[trace.traceContextKeyType:{Span:<nil> sc:{traceID:[0 0 0 0 0 0 0 0 0 0 0 0 0 0 0 0] spanID:[0 0 0 0 0 0 0 0] traceFlags:0 traceState:{list:[]} remote:false}}]
[2026-07-26 20:00:08.073] local.info: [0.322ms] [rows:1] UPDATE `flowlinks` SET `next_process_id`=8,`updated_at`='2026-07-26 20:00:08.072' WHERE id=4
[Context] map[trace.traceContextKeyType:{Span:<nil> sc:{traceID:[0 0 0 0 0 0 0 0 0 0 0 0 0 0 0 0] spanID:[0 0 0 0 0 0 0 0] traceFlags:0 traceState:{list:[]} remote:false}}]
[2026-07-26 20:00:08.073] local.info: [0.325ms] [rows:1] SELECT * FROM `processes` WHERE id=8
[Context] map[trace.traceContextKeyType:{Span:<nil> sc:{traceID:[0 0 0 0 0 0 0 0 0 0 0 0 0 0 0 0] spanID:[0 0 0 0 0 0 0 0] traceFlags:0 traceState:{list:[]} remote:false}}]
[2026-07-26 20:00:08.074] local.info: [0.375ms] [rows:1] UPDATE `processes` SET `created_at`='2026-07-26 19:58:31',`updated_at`='2026-07-26 20:00:08.073',`id`=8,`flow_id`=3,`process_name`='结束',`limit_time`=0,`type`='operation',`icon`='',`process_to`='',`style`='width:200px;height:48px;line-height:30px;color:#78a300;left:1091px;top:225px;',`style_color`='#78a300',`style_height`=48,`style_width`=200,`position_left`='1091px',`position_top`='225px',`position`=9,`child_flow_id`=0,`child_after`=2,`child_back_process`=0,`description`='',`cc_emp_ids`='' WHERE id=8
[Context] map[trace.traceContextKeyType:{Span:<nil> sc:{traceID:[0 0 0 0 0 0 0 0 0 0 0 0 0 0 0 0] spanID:[0 0 0 0 0 0 0 0] traceFlags:0 traceState:{list:[]} remote:false}}]
[2026-07-26 20:00:08.074] local.info: [0.266ms] [rows:0] SELECT `next_process_id` FROM `flowlinks` WHERE flow_id=3 AND type='Condition' AND process_id=8
[Context] map[trace.traceContextKeyType:{Span:<nil> sc:{traceID:[0 0 0 0 0 0 0 0 0 0 0 0 0 0 0 0] spanID:[0 0 0 0 0 0 0 0] traceFlags:0 traceState:{list:[]} remote:false}}]
[2026-07-26 20:00:08.074] local.info: [0.288ms] [rows:1] UPDATE `flows` SET `jsplumb`='{"total":3,"list":{"6":{"id":6,"flow_id":3,"process_name":"开始","process_to":"7","icon":"","style":"width:200px;height:48px;line-height:30px;color:#78a300;left:230px;top:169px;"},"7":{"id":7,"flow_id":3,"process_name":"市场部","process_to":"8","icon":"","style":"width:200px;height:48px;line-height:30px;color:#78a300;left:625px;top:200px;"},"8":{"id":8,"flow_id":3,"process_name":"结束","process_to":"","icon":"","style":"width:200px;height:48px;line-height:30px;color:#78a300;left:1091px;top:225px;"}}}',`updated_at`='2026-07-26 20:00:08.074' WHERE id=3
[Context] map[trace.traceContextKeyType:{Span:<nil> sc:{traceID:[0 0 0 0 0 0 0 0 0 0 0 0 0 0 0 0] spanID:[0 0 0 0 0 0 0 0] traceFlags:0 traceState:{list:[]} remote:false}}]
[2026-07-26 20:00:08.075] local.info: [0.255ms] [rows:0] UPDATE `flows` SET `is_publish`=false,`updated_at`='2026-07-26 20:00:08.074' WHERE id=3
[Context] map[trace.traceContextKeyType:{Span:<nil> sc:{traceID:[0 0 0 0 0 0 0 0 0 0 0 0 0 0 0 0] spanID:[0 0 0 0 0 0 0 0] traceFlags:0 traceState:{list:[]} remote:false}}]
[2026-07-26 20:00:09.892] local.info: [0.401ms] [rows:0] SELECT * FROM `processvars` WHERE `processvars`.`flow_id` = 3
[Context] map[trace.traceContextKeyType:{Span:<nil> sc:{traceID:[0 0 0 0 0 0 0 0 0 0 0 0 0 0 0 0] spanID:[0 0 0 0 0 0 0 0] traceFlags:0 traceState:{list:[]} remote:false}}]
[2026-07-26 20:00:09.893] local.info: [0.455ms] [rows:3] SELECT * FROM `processes` WHERE `processes`.`flow_id` = 3
[Context] map[trace.traceContextKeyType:{Span:<nil> sc:{traceID:[0 0 0 0 0 0 0 0 0 0 0 0 0 0 0 0] spanID:[0 0 0 0 0 0 0 0] traceFlags:0 traceState:{list:[]} remote:false}}]
[2026-07-26 20:00:09.893] local.info: [1.905ms] [rows:1] SELECT * FROM `flows` WHERE id=3
[Context] map[trace.traceContextKeyType:{Span:<nil> sc:{traceID:[0 0 0 0 0 0 0 0 0 0 0 0 0 0 0 0] spanID:[0 0 0 0 0 0 0 0] traceFlags:0 traceState:{list:[]} remote:false}}]
[2026-07-26 20:00:10.571] local.info: [0.711ms] [rows:1] SELECT * FROM `processes` WHERE id=6
[Context] map[trace.traceContextKeyType:{Span:<nil> sc:{traceID:[0 0 0 0 0 0 0 0 0 0 0 0 0 0 0 0] spanID:[0 0 0 0 0 0 0 0] traceFlags:0 traceState:{list:[]} remote:false}}]
[2026-07-26 20:00:10.573] local.info: [0.415ms] [rows:1] SELECT * FROM `processes` WHERE `processes`.`id` = 7
[Context] map[trace.traceContextKeyType:{Span:<nil> sc:{traceID:[0 0 0 0 0 0 0 0 0 0 0 0 0 0 0 0] spanID:[0 0 0 0 0 0 0 0] traceFlags:0 traceState:{list:[]} remote:false}}]
[2026-07-26 20:00:10.573] local.info: [0.379ms] [rows:1] SELECT * FROM `processes` WHERE `processes`.`id` = 6
[Context] map[trace.traceContextKeyType:{Span:<nil> sc:{traceID:[0 0 0 0 0 0 0 0 0 0 0 0 0 0 0 0] spanID:[0 0 0 0 0 0 0 0] traceFlags:0 traceState:{list:[]} remote:false}}]
[2026-07-26 20:00:10.573] local.info: [1.606ms] [rows:1] SELECT * FROM `flowlinks` WHERE process_id=6 AND flow_id=3
[Context] map[trace.traceContextKeyType:{Span:<nil> sc:{traceID:[0 0 0 0 0 0 0 0 0 0 0 0 0 0 0 0] spanID:[0 0 0 0 0 0 0 0] traceFlags:0 traceState:{list:[]} remote:false}}]
[2026-07-26 20:00:10.574] local.info: [0.337ms] [rows:1] SELECT `next_process_id` FROM `flowlinks` WHERE process_id=6 AND flow_id=3
[Context] map[trace.traceContextKeyType:{Span:<nil> sc:{traceID:[0 0 0 0 0 0 0 0 0 0 0 0 0 0 0 0] spanID:[0 0 0 0 0 0 0 0] traceFlags:0 traceState:{list:[]} remote:false}}]
[2026-07-26 20:00:10.575] local.info: [0.438ms] [rows:1] SELECT * FROM `processes` WHERE `processes`.`id` = 7
[Context] map[trace.traceContextKeyType:{Span:<nil> sc:{traceID:[0 0 0 0 0 0 0 0 0 0 0 0 0 0 0 0] spanID:[0 0 0 0 0 0 0 0] traceFlags:0 traceState:{list:[]} remote:false}}]
[2026-07-26 20:00:10.575] local.info: [0.357ms] [rows:1] SELECT * FROM `processes` WHERE `processes`.`id` = 6
[Context] map[trace.traceContextKeyType:{Span:<nil> sc:{traceID:[0 0 0 0 0 0 0 0 0 0 0 0 0 0 0 0] spanID:[0 0 0 0 0 0 0 0] traceFlags:0 traceState:{list:[]} remote:false}}]
[2026-07-26 20:00:10.575] local.info: [1.585ms] [rows:1] SELECT * FROM `flowlinks` WHERE flow_id=3 AND type != 'Condition' AND process_id not in (7) AND next_process_id > 0
[Context] map[trace.traceContextKeyType:{Span:<nil> sc:{traceID:[0 0 0 0 0 0 0 0 0 0 0 0 0 0 0 0] spanID:[0 0 0 0 0 0 0 0] traceFlags:0 traceState:{list:[]} remote:false}}]
[2026-07-26 20:00:10.576] local.info: [0.608ms] [rows:1] SELECT * FROM `templates` WHERE `templates`.`id` = 3
[Context] map[trace.traceContextKeyType:{Span:<nil> sc:{traceID:[0 0 0 0 0 0 0 0 0 0 0 0 0 0 0 0] spanID:[0 0 0 0 0 0 0 0] traceFlags:0 traceState:{list:[]} remote:false}}]
[2026-07-26 20:00:10.577] local.info: [1.216ms] [rows:1] SELECT * FROM `flows` WHERE id=3
[Context] map[trace.traceContextKeyType:{Span:<nil> sc:{traceID:[0 0 0 0 0 0 0 0 0 0 0 0 0 0 0 0] spanID:[0 0 0 0 0 0 0 0] traceFlags:0 traceState:{list:[]} remote:false}}]
[2026-07-26 20:00:10.577] local.info: [0.398ms] [rows:1] SELECT * FROM `templateforms` WHERE template_id=3
[Context] map[trace.traceContextKeyType:{Span:<nil> sc:{traceID:[0 0 0 0 0 0 0 0 0 0 0 0 0 0 0 0] spanID:[0 0 0 0 0 0 0 0] traceFlags:0 traceState:{list:[]} remote:false}}]
[2026-07-26 20:00:10.578] local.info: [0.430ms] [rows:1] SELECT `auditor` FROM `flowlinks` WHERE process_id=6 AND type='Emp'
[Context] map[trace.traceContextKeyType:{Span:<nil> sc:{traceID:[0 0 0 0 0 0 0 0 0 0 0 0 0 0 0 0] spanID:[0 0 0 0 0 0 0 0] traceFlags:0 traceState:{list:[]} remote:false}}]
[2026-07-26 20:00:10.578] local.info: [0.283ms] [rows:0] SELECT * FROM `emps` WHERE id in ('0')
[Context] map[trace.traceContextKeyType:{Span:<nil> sc:{traceID:[0 0 0 0 0 0 0 0 0 0 0 0 0 0 0 0] spanID:[0 0 0 0 0 0 0 0] traceFlags:0 traceState:{list:[]} remote:false}}]
[2026-07-26 20:00:10.578] local.info: [0.285ms] [rows:0] SELECT * FROM `flowlinks` WHERE process_id = 6 AND flow_id=3 AND type='Sys'
[Context] map[trace.traceContextKeyType:{Span:<nil> sc:{traceID:[0 0 0 0 0 0 0 0 0 0 0 0 0 0 0 0] spanID:[0 0 0 0 0 0 0 0] traceFlags:0 traceState:{list:[]} remote:false}}]
[2026-07-26 20:00:10.579] local.info: [0.236ms] [rows:0] SELECT `auditor` FROM `flowlinks` WHERE type='Dept' AND process_id=6
[Context] map[trace.traceContextKeyType:{Span:<nil> sc:{traceID:[0 0 0 0 0 0 0 0 0 0 0 0 0 0 0 0] spanID:[0 0 0 0 0 0 0 0] traceFlags:0 traceState:{list:[]} remote:false}}]
[2026-07-26 20:00:10.579] local.info: [0.227ms] [rows:0] SELECT * FROM `depts` WHERE id in ('')
[Context] map[trace.traceContextKeyType:{Span:<nil> sc:{traceID:[0 0 0 0 0 0 0 0 0 0 0 0 0 0 0 0] spanID:[0 0 0 0 0 0 0 0] traceFlags:0 traceState:{list:[]} remote:false}}]
[2026-07-26 20:00:10.579] local.info: [0.334ms] [rows:2] SELECT * FROM `flows` WHERE is_publish=1 AND id!=3
[Context] map[trace.traceContextKeyType:{Span:<nil> sc:{traceID:[0 0 0 0 0 0 0 0 0 0 0 0 0 0 0 0] spanID:[0 0 0 0 0 0 0 0] traceFlags:0 traceState:{list:[]} remote:false}}]
[2026-07-26 20:00:10.58] local.info: [0.353ms] [rows:3] SELECT * FROM `processes` WHERE flow_id=3
[Context] map[trace.traceContextKeyType:{Span:<nil> sc:{traceID:[0 0 0 0 0 0 0 0 0 0 0 0 0 0 0 0] spanID:[0 0 0 0 0 0 0 0] traceFlags:0 traceState:{list:[]} remote:false}}]
[2026-07-26 20:00:10.58] local.info: [0.402ms] [rows:1] SELECT * FROM `flowlinks` WHERE process_id = 6 AND flow_id=3 AND type='Emp'
[Context] map[trace.traceContextKeyType:{Span:<nil> sc:{traceID:[0 0 0 0 0 0 0 0 0 0 0 0 0 0 0 0] spanID:[0 0 0 0 0 0 0 0] traceFlags:0 traceState:{list:[]} remote:false}}]
[2026-07-26 20:00:10.581] local.info: [0.419ms] [rows:0] SELECT * FROM `flowlinks` WHERE process_id = 6 AND flow_id=3 AND type='Dept'
[Context] map[trace.traceContextKeyType:{Span:<nil> sc:{traceID:[0 0 0 0 0 0 0 0 0 0 0 0 0 0 0 0] spanID:[0 0 0 0 0 0 0 0] traceFlags:0 traceState:{list:[]} remote:false}}]
[2026-07-26 20:00:13.029] local.info: [0.806ms] [rows:1] SELECT * FROM `processes` WHERE id=7
[Context] map[trace.traceContextKeyType:{Span:<nil> sc:{traceID:[0 0 0 0 0 0 0 0 0 0 0 0 0 0 0 0] spanID:[0 0 0 0 0 0 0 0] traceFlags:0 traceState:{list:[]} remote:false}}]
[2026-07-26 20:00:13.031] local.info: [0.516ms] [rows:1] SELECT * FROM `processes` WHERE `processes`.`id` = 8
[Context] map[trace.traceContextKeyType:{Span:<nil> sc:{traceID:[0 0 0 0 0 0 0 0 0 0 0 0 0 0 0 0] spanID:[0 0 0 0 0 0 0 0] traceFlags:0 traceState:{list:[]} remote:false}}]
[2026-07-26 20:00:13.031] local.info: [0.750ms] [rows:1] SELECT * FROM `processes` WHERE `processes`.`id` = 7
[Context] map[trace.traceContextKeyType:{Span:<nil> sc:{traceID:[0 0 0 0 0 0 0 0 0 0 0 0 0 0 0 0] spanID:[0 0 0 0 0 0 0 0] traceFlags:0 traceState:{list:[]} remote:false}}]
[2026-07-26 20:00:13.032] local.info: [2.143ms] [rows:1] SELECT * FROM `flowlinks` WHERE process_id=7 AND flow_id=3
[Context] map[trace.traceContextKeyType:{Span:<nil> sc:{traceID:[0 0 0 0 0 0 0 0 0 0 0 0 0 0 0 0] spanID:[0 0 0 0 0 0 0 0] traceFlags:0 traceState:{list:[]} remote:false}}]
[2026-07-26 20:00:13.032] local.info: [0.459ms] [rows:1] SELECT `next_process_id` FROM `flowlinks` WHERE process_id=7 AND flow_id=3
[Context] map[trace.traceContextKeyType:{Span:<nil> sc:{traceID:[0 0 0 0 0 0 0 0 0 0 0 0 0 0 0 0] spanID:[0 0 0 0 0 0 0 0] traceFlags:0 traceState:{list:[]} remote:false}}]
[2026-07-26 20:00:13.033] local.info: [0.458ms] [rows:2] SELECT * FROM `processes` WHERE `processes`.`id` IN (8,7)
[Context] map[trace.traceContextKeyType:{Span:<nil> sc:{traceID:[0 0 0 0 0 0 0 0 0 0 0 0 0 0 0 0] spanID:[0 0 0 0 0 0 0 0] traceFlags:0 traceState:{list:[]} remote:false}}]
[2026-07-26 20:00:13.034] local.info: [0.422ms] [rows:2] SELECT * FROM `processes` WHERE `processes`.`id` IN (7,6)
[Context] map[trace.traceContextKeyType:{Span:<nil> sc:{traceID:[0 0 0 0 0 0 0 0 0 0 0 0 0 0 0 0] spanID:[0 0 0 0 0 0 0 0] traceFlags:0 traceState:{list:[]} remote:false}}]
[2026-07-26 20:00:13.034] local.info: [1.604ms] [rows:2] SELECT * FROM `flowlinks` WHERE flow_id=3 AND type != 'Condition' AND process_id not in (8) AND next_process_id > 0
[Context] map[trace.traceContextKeyType:{Span:<nil> sc:{traceID:[0 0 0 0 0 0 0 0 0 0 0 0 0 0 0 0] spanID:[0 0 0 0 0 0 0 0] traceFlags:0 traceState:{list:[]} remote:false}}]
[2026-07-26 20:00:13.035] local.info: [0.271ms] [rows:1] SELECT * FROM `templates` WHERE `templates`.`id` = 3
[Context] map[trace.traceContextKeyType:{Span:<nil> sc:{traceID:[0 0 0 0 0 0 0 0 0 0 0 0 0 0 0 0] spanID:[0 0 0 0 0 0 0 0] traceFlags:0 traceState:{list:[]} remote:false}}]
[2026-07-26 20:00:13.035] local.info: [0.771ms] [rows:1] SELECT * FROM `flows` WHERE id=3
[Context] map[trace.traceContextKeyType:{Span:<nil> sc:{traceID:[0 0 0 0 0 0 0 0 0 0 0 0 0 0 0 0] spanID:[0 0 0 0 0 0 0 0] traceFlags:0 traceState:{list:[]} remote:false}}]
[2026-07-26 20:00:13.035] local.info: [0.298ms] [rows:1] SELECT * FROM `templateforms` WHERE template_id=3
[Context] map[trace.traceContextKeyType:{Span:<nil> sc:{traceID:[0 0 0 0 0 0 0 0 0 0 0 0 0 0 0 0] spanID:[0 0 0 0 0 0 0 0] traceFlags:0 traceState:{list:[]} remote:false}}]
[2026-07-26 20:00:13.036] local.info: [0.291ms] [rows:1] SELECT `auditor` FROM `flowlinks` WHERE process_id=7 AND type='Emp'
[Context] map[trace.traceContextKeyType:{Span:<nil> sc:{traceID:[0 0 0 0 0 0 0 0 0 0 0 0 0 0 0 0] spanID:[0 0 0 0 0 0 0 0] traceFlags:0 traceState:{list:[]} remote:false}}]
[2026-07-26 20:00:13.036] local.info: [0.282ms] [rows:1] SELECT * FROM `emps` WHERE id in ('8')
[Context] map[trace.traceContextKeyType:{Span:<nil> sc:{traceID:[0 0 0 0 0 0 0 0 0 0 0 0 0 0 0 0] spanID:[0 0 0 0 0 0 0 0] traceFlags:0 traceState:{list:[]} remote:false}}]
[2026-07-26 20:00:13.036] local.info: [0.290ms] [rows:0] SELECT * FROM `flowlinks` WHERE process_id = 7 AND flow_id=3 AND type='Sys'
[Context] map[trace.traceContextKeyType:{Span:<nil> sc:{traceID:[0 0 0 0 0 0 0 0 0 0 0 0 0 0 0 0] spanID:[0 0 0 0 0 0 0 0] traceFlags:0 traceState:{list:[]} remote:false}}]
[2026-07-26 20:00:13.036] local.info: [0.220ms] [rows:0] SELECT `auditor` FROM `flowlinks` WHERE type='Dept' AND process_id=7
[Context] map[trace.traceContextKeyType:{Span:<nil> sc:{traceID:[0 0 0 0 0 0 0 0 0 0 0 0 0 0 0 0] spanID:[0 0 0 0 0 0 0 0] traceFlags:0 traceState:{list:[]} remote:false}}]
[2026-07-26 20:00:13.037] local.info: [0.250ms] [rows:0] SELECT * FROM `depts` WHERE id in ('')
[Context] map[trace.traceContextKeyType:{Span:<nil> sc:{traceID:[0 0 0 0 0 0 0 0 0 0 0 0 0 0 0 0] spanID:[0 0 0 0 0 0 0 0] traceFlags:0 traceState:{list:[]} remote:false}}]
[2026-07-26 20:00:13.037] local.info: [0.635ms] [rows:2] SELECT * FROM `flows` WHERE is_publish=1 AND id!=3
[Context] map[trace.traceContextKeyType:{Span:<nil> sc:{traceID:[0 0 0 0 0 0 0 0 0 0 0 0 0 0 0 0] spanID:[0 0 0 0 0 0 0 0] traceFlags:0 traceState:{list:[]} remote:false}}]
[2026-07-26 20:00:13.038] local.info: [0.423ms] [rows:3] SELECT * FROM `processes` WHERE flow_id=3
[Context] map[trace.traceContextKeyType:{Span:<nil> sc:{traceID:[0 0 0 0 0 0 0 0 0 0 0 0 0 0 0 0] spanID:[0 0 0 0 0 0 0 0] traceFlags:0 traceState:{list:[]} remote:false}}]
[2026-07-26 20:00:13.038] local.info: [0.363ms] [rows:1] SELECT * FROM `flowlinks` WHERE process_id = 7 AND flow_id=3 AND type='Emp'
[Context] map[trace.traceContextKeyType:{Span:<nil> sc:{traceID:[0 0 0 0 0 0 0 0 0 0 0 0 0 0 0 0] spanID:[0 0 0 0 0 0 0 0] traceFlags:0 traceState:{list:[]} remote:false}}]
[2026-07-26 20:00:13.039] local.info: [0.302ms] [rows:0] SELECT * FROM `flowlinks` WHERE process_id = 7 AND flow_id=3 AND type='Dept'
[Context] map[trace.traceContextKeyType:{Span:<nil> sc:{traceID:[0 0 0 0 0 0 0 0 0 0 0 0 0 0 0 0] spanID:[0 0 0 0 0 0 0 0] traceFlags:0 traceState:{list:[]} remote:false}}]
[2026-07-26 20:00:14.812] local.info: [0.771ms] [rows:1] SELECT * FROM `processes` WHERE id=8
[Context] map[trace.traceContextKeyType:{Span:<nil> sc:{traceID:[0 0 0 0 0 0 0 0 0 0 0 0 0 0 0 0] spanID:[0 0 0 0 0 0 0 0] traceFlags:0 traceState:{list:[]} remote:false}}]
[2026-07-26 20:00:14.813] local.info: [0.463ms] [rows:0] SELECT * FROM `flowlinks` WHERE process_id=8 AND flow_id=3
[Context] map[trace.traceContextKeyType:{Span:<nil> sc:{traceID:[0 0 0 0 0 0 0 0 0 0 0 0 0 0 0 0] spanID:[0 0 0 0 0 0 0 0] traceFlags:0 traceState:{list:[]} remote:false}}]
[2026-07-26 20:00:14.814] local.info: [0.360ms] [rows:0] SELECT `next_process_id` FROM `flowlinks` WHERE process_id=8 AND flow_id=3
[Context] map[trace.traceContextKeyType:{Span:<nil> sc:{traceID:[0 0 0 0 0 0 0 0 0 0 0 0 0 0 0 0] spanID:[0 0 0 0 0 0 0 0] traceFlags:0 traceState:{list:[]} remote:false}}]
[2026-07-26 20:00:14.814] local.info: [0.335ms] [rows:0] SELECT * FROM `flowlinks` WHERE flow_id=3 AND type != 'Condition' AND process_id not in (NULL) AND next_process_id > 0
[Context] map[trace.traceContextKeyType:{Span:<nil> sc:{traceID:[0 0 0 0 0 0 0 0 0 0 0 0 0 0 0 0] spanID:[0 0 0 0 0 0 0 0] traceFlags:0 traceState:{list:[]} remote:false}}]
[2026-07-26 20:00:14.815] local.info: [0.313ms] [rows:1] SELECT * FROM `templates` WHERE `templates`.`id` = 3
[Context] map[trace.traceContextKeyType:{Span:<nil> sc:{traceID:[0 0 0 0 0 0 0 0 0 0 0 0 0 0 0 0] spanID:[0 0 0 0 0 0 0 0] traceFlags:0 traceState:{list:[]} remote:false}}]
[2026-07-26 20:00:14.815] local.info: [0.782ms] [rows:1] SELECT * FROM `flows` WHERE id=3
[Context] map[trace.traceContextKeyType:{Span:<nil> sc:{traceID:[0 0 0 0 0 0 0 0 0 0 0 0 0 0 0 0] spanID:[0 0 0 0 0 0 0 0] traceFlags:0 traceState:{list:[]} remote:false}}]
[2026-07-26 20:00:14.815] local.info: [0.353ms] [rows:1] SELECT * FROM `templateforms` WHERE template_id=3
[Context] map[trace.traceContextKeyType:{Span:<nil> sc:{traceID:[0 0 0 0 0 0 0 0 0 0 0 0 0 0 0 0] spanID:[0 0 0 0 0 0 0 0] traceFlags:0 traceState:{list:[]} remote:false}}]
[2026-07-26 20:00:14.816] local.info: [0.345ms] [rows:0] SELECT `auditor` FROM `flowlinks` WHERE process_id=8 AND type='Emp'
[Context] map[trace.traceContextKeyType:{Span:<nil> sc:{traceID:[0 0 0 0 0 0 0 0 0 0 0 0 0 0 0 0] spanID:[0 0 0 0 0 0 0 0] traceFlags:0 traceState:{list:[]} remote:false}}]
[2026-07-26 20:00:14.816] local.info: [0.298ms] [rows:0] SELECT * FROM `emps` WHERE id in ('')
[Context] map[trace.traceContextKeyType:{Span:<nil> sc:{traceID:[0 0 0 0 0 0 0 0 0 0 0 0 0 0 0 0] spanID:[0 0 0 0 0 0 0 0] traceFlags:0 traceState:{list:[]} remote:false}}]
[2026-07-26 20:00:14.817] local.info: [0.343ms] [rows:0] SELECT * FROM `flowlinks` WHERE process_id = 8 AND flow_id=3 AND type='Sys'
[Context] map[trace.traceContextKeyType:{Span:<nil> sc:{traceID:[0 0 0 0 0 0 0 0 0 0 0 0 0 0 0 0] spanID:[0 0 0 0 0 0 0 0] traceFlags:0 traceState:{list:[]} remote:false}}]
[2026-07-26 20:00:14.817] local.info: [0.282ms] [rows:0] SELECT `auditor` FROM `flowlinks` WHERE type='Dept' AND process_id=8
[Context] map[trace.traceContextKeyType:{Span:<nil> sc:{traceID:[0 0 0 0 0 0 0 0 0 0 0 0 0 0 0 0] spanID:[0 0 0 0 0 0 0 0] traceFlags:0 traceState:{list:[]} remote:false}}]
[2026-07-26 20:00:14.817] local.info: [0.262ms] [rows:0] SELECT * FROM `depts` WHERE id in ('')
[Context] map[trace.traceContextKeyType:{Span:<nil> sc:{traceID:[0 0 0 0 0 0 0 0 0 0 0 0 0 0 0 0] spanID:[0 0 0 0 0 0 0 0] traceFlags:0 traceState:{list:[]} remote:false}}]
[2026-07-26 20:00:14.818] local.info: [0.409ms] [rows:2] SELECT * FROM `flows` WHERE is_publish=1 AND id!=3
[Context] map[trace.traceContextKeyType:{Span:<nil> sc:{traceID:[0 0 0 0 0 0 0 0 0 0 0 0 0 0 0 0] spanID:[0 0 0 0 0 0 0 0] traceFlags:0 traceState:{list:[]} remote:false}}]
[2026-07-26 20:00:14.818] local.info: [0.472ms] [rows:3] SELECT * FROM `processes` WHERE flow_id=3
[Context] map[trace.traceContextKeyType:{Span:<nil> sc:{traceID:[0 0 0 0 0 0 0 0 0 0 0 0 0 0 0 0] spanID:[0 0 0 0 0 0 0 0] traceFlags:0 traceState:{list:[]} remote:false}}]
[2026-07-26 20:00:14.819] local.info: [0.457ms] [rows:0] SELECT * FROM `flowlinks` WHERE process_id = 8 AND flow_id=3 AND type='Emp'
[Context] map[trace.traceContextKeyType:{Span:<nil> sc:{traceID:[0 0 0 0 0 0 0 0 0 0 0 0 0 0 0 0] spanID:[0 0 0 0 0 0 0 0] traceFlags:0 traceState:{list:[]} remote:false}}]
[2026-07-26 20:00:14.819] local.info: [0.298ms] [rows:0] SELECT * FROM `flowlinks` WHERE process_id = 8 AND flow_id=3 AND type='Dept'
[Context] map[trace.traceContextKeyType:{Span:<nil> sc:{traceID:[0 0 0 0 0 0 0 0 0 0 0 0 0 0 0 0] spanID:[0 0 0 0 0 0 0 0] traceFlags:0 traceState:{list:[]} remote:false}}]
[2026-07-26 20:00:17.773] local.info: [0.670ms] [rows:1] SELECT * FROM `emps` WHERE `emps`.`id` = '13'
[Context] map[trace.traceContextKeyType:{Span:<nil> sc:{traceID:[0 0 0 0 0 0 0 0 0 0 0 0 0 0 0 0] spanID:[0 0 0 0 0 0 0 0] traceFlags:0 traceState:{list:[]} remote:false}}]
[2026-07-26 20:00:17.774] local.info: [0.414ms] [rows:1] SELECT * FROM `emps` WHERE user_id=13
[Context] map[trace.traceContextKeyType:{Span:<nil> sc:{traceID:[0 0 0 0 0 0 0 0 0 0 0 0 0 0 0 0] spanID:[0 0 0 0 0 0 0 0] traceFlags:0 traceState:{list:[]} remote:false}}]
[2026-07-26 20:00:17.774] local.info: [0.487ms] [rows:1] SELECT count(*) FROM `depts`
[Context] map[trace.traceContextKeyType:{Span:<nil> sc:{traceID:[0 0 0 0 0 0 0 0 0 0 0 0 0 0 0 0] spanID:[0 0 0 0 0 0 0 0] traceFlags:0 traceState:{list:[]} remote:false}}]
[2026-07-26 20:00:17.774] local.info: [0.195ms] [rows:1] SELECT count(*) FROM `emps`
[Context] map[trace.traceContextKeyType:{Span:<nil> sc:{traceID:[0 0 0 0 0 0 0 0 0 0 0 0 0 0 0 0] spanID:[0 0 0 0 0 0 0 0] traceFlags:0 traceState:{list:[]} remote:false}}]
[2026-07-26 20:00:17.775] local.info: [0.540ms] [rows:1] SELECT count(*) FROM `flows`
[Context] map[trace.traceContextKeyType:{Span:<nil> sc:{traceID:[0 0 0 0 0 0 0 0 0 0 0 0 0 0 0 0] spanID:[0 0 0 0 0 0 0 0] traceFlags:0 traceState:{list:[]} remote:false}}]
[2026-07-26 20:00:17.775] local.info: [0.318ms] [rows:1] SELECT count(*) FROM `templates`
[Context] map[trace.traceContextKeyType:{Span:<nil> sc:{traceID:[0 0 0 0 0 0 0 0 0 0 0 0 0 0 0 0] spanID:[0 0 0 0 0 0 0 0] traceFlags:0 traceState:{list:[]} remote:false}}]
[2026-07-26 20:00:17.776] local.info: [0.153ms] [rows:1] SELECT count(*) FROM `entries`
[Context] map[trace.traceContextKeyType:{Span:<nil> sc:{traceID:[0 0 0 0 0 0 0 0 0 0 0 0 0 0 0 0] spanID:[0 0 0 0 0 0 0 0] traceFlags:0 traceState:{list:[]} remote:false}}]
[2026-07-26 20:00:17.776] local.info: [0.390ms] [rows:1] SELECT count(*) FROM `procs` WHERE status=0
[Context] map[trace.traceContextKeyType:{Span:<nil> sc:{traceID:[0 0 0 0 0 0 0 0 0 0 0 0 0 0 0 0] spanID:[0 0 0 0 0 0 0 0] traceFlags:0 traceState:{list:[]} remote:false}}]
[2026-07-26 20:00:17.777] local.info: [0.335ms] [rows:1] SELECT * FROM `emps` WHERE `emps`.`id` = 13
[Context] map[trace.traceContextKeyType:{Span:<nil> sc:{traceID:[0 0 0 0 0 0 0 0 0 0 0 0 0 0 0 0] spanID:[0 0 0 0 0 0 0 0] traceFlags:0 traceState:{list:[]} remote:false}}]
[2026-07-26 20:00:17.777] local.info: [0.291ms] [rows:1] SELECT * FROM `flows` WHERE `flows`.`id` = 1
[Context] map[trace.traceContextKeyType:{Span:<nil> sc:{traceID:[0 0 0 0 0 0 0 0 0 0 0 0 0 0 0 0] spanID:[0 0 0 0 0 0 0 0] traceFlags:0 traceState:{list:[]} remote:false}}]
[2026-07-26 20:00:17.778] local.info: [0.279ms] [rows:1] SELECT * FROM `processes` WHERE `processes`.`id` = 2
[Context] map[trace.traceContextKeyType:{Span:<nil> sc:{traceID:[0 0 0 0 0 0 0 0 0 0 0 0 0 0 0 0] spanID:[0 0 0 0 0 0 0 0] traceFlags:0 traceState:{list:[]} remote:false}}]
[2026-07-26 20:00:17.778] local.info: [0.427ms] [rows:1] SELECT * FROM `procs` WHERE `procs`.`entry_id` IN (3,2,1) ORDER BY id desc LIMIT 1
[Context] map[trace.traceContextKeyType:{Span:<nil> sc:{traceID:[0 0 0 0 0 0 0 0 0 0 0 0 0 0 0 0] spanID:[0 0 0 0 0 0 0 0] traceFlags:0 traceState:{list:[]} remote:false}}]
[2026-07-26 20:00:17.778] local.info: [2.175ms] [rows:3] SELECT * FROM `entries` WHERE emp_id=13 AND pid=0 ORDER BY id desc
[Context] map[trace.traceContextKeyType:{Span:<nil> sc:{traceID:[0 0 0 0 0 0 0 0 0 0 0 0 0 0 0 0] spanID:[0 0 0 0 0 0 0 0] traceFlags:0 traceState:{list:[]} remote:false}}]
[2026-07-26 20:00:17.779] local.info: [0.509ms] [rows:0] SELECT * FROM `procs` WHERE emp_id=13 AND status=0 ORDER BY id desc
[Context] map[trace.traceContextKeyType:{Span:<nil> sc:{traceID:[0 0 0 0 0 0 0 0 0 0 0 0 0 0 0 0] spanID:[0 0 0 0 0 0 0 0] traceFlags:0 traceState:{list:[]} remote:false}}]
[2026-07-26 20:00:17.78] local.info: [0.819ms] [rows:2] SELECT * FROM `flows` WHERE is_publish=1 AND is_show=1
[Context] map[trace.traceContextKeyType:{Span:<nil> sc:{traceID:[0 0 0 0 0 0 0 0 0 0 0 0 0 0 0 0] spanID:[0 0 0 0 0 0 0 0] traceFlags:0 traceState:{list:[]} remote:false}}]
[2026-07-26 20:00:17.781] local.info: [0.302ms] [rows:1] SELECT * FROM `emps` WHERE `emps`.`id` = 13
[Context] map[trace.traceContextKeyType:{Span:<nil> sc:{traceID:[0 0 0 0 0 0 0 0 0 0 0 0 0 0 0 0] spanID:[0 0 0 0 0 0 0 0] traceFlags:0 traceState:{list:[]} remote:false}}]
[2026-07-26 20:00:17.781] local.info: [0.301ms] [rows:3] SELECT * FROM `entries` WHERE `entries`.`id` IN (3,2,1)
[Context] map[trace.traceContextKeyType:{Span:<nil> sc:{traceID:[0 0 0 0 0 0 0 0 0 0 0 0 0 0 0 0] spanID:[0 0 0 0 0 0 0 0] traceFlags:0 traceState:{list:[]} remote:false}}]
[2026-07-26 20:00:17.781] local.info: [1.251ms] [rows:3] SELECT * FROM `procs` WHERE emp_id=13 AND status!=0 ORDER BY id desc
[Context] map[trace.traceContextKeyType:{Span:<nil> sc:{traceID:[0 0 0 0 0 0 0 0 0 0 0 0 0 0 0 0] spanID:[0 0 0 0 0 0 0 0] traceFlags:0 traceState:{list:[]} remote:false}}]
[2026-07-26 20:00:17.781] local.info: [0.275ms] [rows:0] SELECT * FROM `cc_records` WHERE emp_id=13 ORDER BY id desc
[Context] map[trace.traceContextKeyType:{Span:<nil> sc:{traceID:[0 0 0 0 0 0 0 0 0 0 0 0 0 0 0 0] spanID:[0 0 0 0 0 0 0 0] traceFlags:0 traceState:{list:[]} remote:false}}]
[2026-07-26 20:00:21.732] local.info: [0.996ms] [rows:1] SELECT count(*) FROM `flows`
[Context] map[trace.traceContextKeyType:{Span:<nil> sc:{traceID:[0 0 0 0 0 0 0 0 0 0 0 0 0 0 0 0] spanID:[0 0 0 0 0 0 0 0] traceFlags:0 traceState:{list:[]} remote:false}}]
[2026-07-26 20:00:21.732] local.info: [0.764ms] [rows:3] SELECT * FROM `flows` LIMIT 10
[Context] map[trace.traceContextKeyType:{Span:<nil> sc:{traceID:[0 0 0 0 0 0 0 0 0 0 0 0 0 0 0 0] spanID:[0 0 0 0 0 0 0 0] traceFlags:0 traceState:{list:[]} remote:false}}]
[2026-07-26 20:00:26.462] local.info: [0.708ms] [rows:1] SELECT count(*) FROM `flows`
[Context] map[trace.traceContextKeyType:{Span:<nil> sc:{traceID:[0 0 0 0 0 0 0 0 0 0 0 0 0 0 0 0] spanID:[0 0 0 0 0 0 0 0] traceFlags:0 traceState:{list:[]} remote:false}}]
[2026-07-26 20:00:26.462] local.info: [0.511ms] [rows:3] SELECT * FROM `flows` LIMIT 10
[Context] map[trace.traceContextKeyType:{Span:<nil> sc:{traceID:[0 0 0 0 0 0 0 0 0 0 0 0 0 0 0 0] spanID:[0 0 0 0 0 0 0 0] traceFlags:0 traceState:{list:[]} remote:false}}]
[2026-07-26 20:00:27.394] local.info: [0.440ms] [rows:0] SELECT * FROM `processvars` WHERE `processvars`.`flow_id` = 3
[Context] map[trace.traceContextKeyType:{Span:<nil> sc:{traceID:[0 0 0 0 0 0 0 0 0 0 0 0 0 0 0 0] spanID:[0 0 0 0 0 0 0 0] traceFlags:0 traceState:{list:[]} remote:false}}]
[2026-07-26 20:00:27.395] local.info: [0.525ms] [rows:3] SELECT * FROM `processes` WHERE `processes`.`flow_id` = 3
[Context] map[trace.traceContextKeyType:{Span:<nil> sc:{traceID:[0 0 0 0 0 0 0 0 0 0 0 0 0 0 0 0] spanID:[0 0 0 0 0 0 0 0] traceFlags:0 traceState:{list:[]} remote:false}}]
[2026-07-26 20:00:27.395] local.info: [2.204ms] [rows:1] SELECT * FROM `flows` WHERE id=3
[Context] map[trace.traceContextKeyType:{Span:<nil> sc:{traceID:[0 0 0 0 0 0 0 0 0 0 0 0 0 0 0 0] spanID:[0 0 0 0 0 0 0 0] traceFlags:0 traceState:{list:[]} remote:false}}]
[2026-07-26 20:00:29.075] local.info: [0.356ms] [rows:0] SELECT * FROM `processvars` WHERE `processvars`.`flow_id` = 3
[Context] map[trace.traceContextKeyType:{Span:<nil> sc:{traceID:[0 0 0 0 0 0 0 0 0 0 0 0 0 0 0 0] spanID:[0 0 0 0 0 0 0 0] traceFlags:0 traceState:{list:[]} remote:false}}]
[2026-07-26 20:00:29.076] local.info: [0.718ms] [rows:3] SELECT * FROM `processes` WHERE `processes`.`flow_id` = 3
[Context] map[trace.traceContextKeyType:{Span:<nil> sc:{traceID:[0 0 0 0 0 0 0 0 0 0 0 0 0 0 0 0] spanID:[0 0 0 0 0 0 0 0] traceFlags:0 traceState:{list:[]} remote:false}}]
[2026-07-26 20:00:29.076] local.info: [2.178ms] [rows:1] SELECT * FROM `flows` WHERE id=3
[Context] map[trace.traceContextKeyType:{Span:<nil> sc:{traceID:[0 0 0 0 0 0 0 0 0 0 0 0 0 0 0 0] spanID:[0 0 0 0 0 0 0 0] traceFlags:0 traceState:{list:[]} remote:false}}]
[2026-07-26 20:00:29.687] local.info: [1.180ms] [rows:1] SELECT * FROM `flows` WHERE id=3
[Context] map[trace.traceContextKeyType:{Span:<nil> sc:{traceID:[0 0 0 0 0 0 0 0 0 0 0 0 0 0 0 0] spanID:[0 0 0 0 0 0 0 0] traceFlags:0 traceState:{list:[]} remote:false}}]
[2026-07-26 20:00:29.688] local.info: [0.832ms] [rows:1] SELECT * FROM `processes` WHERE flow_id=3 AND position=0
[Context] map[trace.traceContextKeyType:{Span:<nil> sc:{traceID:[0 0 0 0 0 0 0 0 0 0 0 0 0 0 0 0] spanID:[0 0 0 0 0 0 0 0] traceFlags:0 traceState:{list:[]} remote:false}}]
[2026-07-26 20:00:29.689] local.info: [0.482ms] [rows:1] SELECT count(*) FROM `processes` WHERE flow_id=3
[Context] map[trace.traceContextKeyType:{Span:<nil> sc:{traceID:[0 0 0 0 0 0 0 0 0 0 0 0 0 0 0 0] spanID:[0 0 0 0 0 0 0 0] traceFlags:0 traceState:{list:[]} remote:false}}]
[2026-07-26 20:00:29.689] local.info: [0.491ms] [rows:0] SELECT flowlinks.id, flowlinks.process_id, flowlinks.expression, flowlinks.sort FROM `flowlinks` left join processes on flowlinks.process_id=processes.id WHERE flowlinks.flow_id=3 AND flowlinks.type='Condition'
[Context] map[trace.traceContextKeyType:{Span:<nil> sc:{traceID:[0 0 0 0 0 0 0 0 0 0 0 0 0 0 0 0] spanID:[0 0 0 0 0 0 0 0] traceFlags:0 traceState:{list:[]} remote:false}}]
[2026-07-26 20:00:29.69] local.info: [0.420ms] [rows:1] SELECT count(*) FROM `flowlinks` left join processes on flowlinks.process_id=processes.id WHERE flowlinks.flow_id=3 AND flowlinks.type='Condition' AND flowlinks.next_process_id=-1 AND processes.position != 9
[Context] map[trace.traceContextKeyType:{Span:<nil> sc:{traceID:[0 0 0 0 0 0 0 0 0 0 0 0 0 0 0 0] spanID:[0 0 0 0 0 0 0 0] traceFlags:0 traceState:{list:[]} remote:false}}]
[2026-07-26 20:00:29.69] local.info: [0.329ms] [rows:1] SELECT 1 FROM `flowlinks` left join processes on flowlinks.process_id=processes.id WHERE flowlinks.flow_id=3 AND processes.position=0 LIMIT 1
[Context] map[trace.traceContextKeyType:{Span:<nil> sc:{traceID:[0 0 0 0 0 0 0 0 0 0 0 0 0 0 0 0] spanID:[0 0 0 0 0 0 0 0] traceFlags:0 traceState:{list:[]} remote:false}}]
[2026-07-26 20:00:29.691] local.info: [0.484ms] [rows:1] SELECT flowlinks.* FROM `flowlinks` join processes on flowlinks.process_id=processes.id WHERE flowlinks.flow_id=3 AND flowlinks.type !='Condition' AND processes.position !=0
[Context] map[trace.traceContextKeyType:{Span:<nil> sc:{traceID:[0 0 0 0 0 0 0 0 0 0 0 0 0 0 0 0] spanID:[0 0 0 0 0 0 0 0] traceFlags:0 traceState:{list:[]} remote:false}}]
[2026-07-26 20:00:29.692] local.info: [0.378ms] [rows:1] SELECT 1 FROM `flowlinks` join processes on flowlinks.process_id=processes.id WHERE flowlinks.flow_id=3 AND flowlinks.process_id=7 AND flowlinks.type !='Condition' AND processes.position !=0 LIMIT 1
[Context] map[trace.traceContextKeyType:{Span:<nil> sc:{traceID:[0 0 0 0 0 0 0 0 0 0 0 0 0 0 0 0] spanID:[0 0 0 0 0 0 0 0] traceFlags:0 traceState:{list:[]} remote:false}}]
[2026-07-26 20:00:29.693] local.info: [1.386ms] [rows:1] UPDATE `flows` SET `is_publish`=true,`updated_at`='2026-07-26 20:00:29.692' WHERE id=3
[Context] map[trace.traceContextKeyType:{Span:<nil> sc:{traceID:[0 0 0 0 0 0 0 0 0 0 0 0 0 0 0 0] spanID:[0 0 0 0 0 0 0 0] traceFlags:0 traceState:{list:[]} remote:false}}]
[2026-07-26 20:00:31.364] local.info: [1.303ms] [rows:1] SELECT * FROM `emps` WHERE `emps`.`id` = '13'
[Context] map[trace.traceContextKeyType:{Span:<nil> sc:{traceID:[0 0 0 0 0 0 0 0 0 0 0 0 0 0 0 0] spanID:[0 0 0 0 0 0 0 0] traceFlags:0 traceState:{list:[]} remote:false}}]
[2026-07-26 20:00:31.365] local.info: [0.538ms] [rows:1] SELECT * FROM `emps` WHERE user_id=13
[Context] map[trace.traceContextKeyType:{Span:<nil> sc:{traceID:[0 0 0 0 0 0 0 0 0 0 0 0 0 0 0 0] spanID:[0 0 0 0 0 0 0 0] traceFlags:0 traceState:{list:[]} remote:false}}]
[2026-07-26 20:00:31.366] local.info: [0.688ms] [rows:1] SELECT count(*) FROM `depts`
[Context] map[trace.traceContextKeyType:{Span:<nil> sc:{traceID:[0 0 0 0 0 0 0 0 0 0 0 0 0 0 0 0] spanID:[0 0 0 0 0 0 0 0] traceFlags:0 traceState:{list:[]} remote:false}}]
[2026-07-26 20:00:31.366] local.info: [0.215ms] [rows:1] SELECT count(*) FROM `emps`
[Context] map[trace.traceContextKeyType:{Span:<nil> sc:{traceID:[0 0 0 0 0 0 0 0 0 0 0 0 0 0 0 0] spanID:[0 0 0 0 0 0 0 0] traceFlags:0 traceState:{list:[]} remote:false}}]
[2026-07-26 20:00:31.367] local.info: [0.399ms] [rows:1] SELECT count(*) FROM `flows`
[Context] map[trace.traceContextKeyType:{Span:<nil> sc:{traceID:[0 0 0 0 0 0 0 0 0 0 0 0 0 0 0 0] spanID:[0 0 0 0 0 0 0 0] traceFlags:0 traceState:{list:[]} remote:false}}]
[2026-07-26 20:00:31.367] local.info: [0.398ms] [rows:1] SELECT count(*) FROM `templates`
[Context] map[trace.traceContextKeyType:{Span:<nil> sc:{traceID:[0 0 0 0 0 0 0 0 0 0 0 0 0 0 0 0] spanID:[0 0 0 0 0 0 0 0] traceFlags:0 traceState:{list:[]} remote:false}}]
[2026-07-26 20:00:31.368] local.info: [0.174ms] [rows:1] SELECT count(*) FROM `entries`
[Context] map[trace.traceContextKeyType:{Span:<nil> sc:{traceID:[0 0 0 0 0 0 0 0 0 0 0 0 0 0 0 0] spanID:[0 0 0 0 0 0 0 0] traceFlags:0 traceState:{list:[]} remote:false}}]
[2026-07-26 20:00:31.368] local.info: [0.367ms] [rows:1] SELECT count(*) FROM `procs` WHERE status=0
[Context] map[trace.traceContextKeyType:{Span:<nil> sc:{traceID:[0 0 0 0 0 0 0 0 0 0 0 0 0 0 0 0] spanID:[0 0 0 0 0 0 0 0] traceFlags:0 traceState:{list:[]} remote:false}}]
[2026-07-26 20:00:31.37] local.info: [1.010ms] [rows:1] SELECT * FROM `emps` WHERE `emps`.`id` = 13
[Context] map[trace.traceContextKeyType:{Span:<nil> sc:{traceID:[0 0 0 0 0 0 0 0 0 0 0 0 0 0 0 0] spanID:[0 0 0 0 0 0 0 0] traceFlags:0 traceState:{list:[]} remote:false}}]
[2026-07-26 20:00:31.371] local.info: [0.660ms] [rows:1] SELECT * FROM `flows` WHERE `flows`.`id` = 1
[Context] map[trace.traceContextKeyType:{Span:<nil> sc:{traceID:[0 0 0 0 0 0 0 0 0 0 0 0 0 0 0 0] spanID:[0 0 0 0 0 0 0 0] traceFlags:0 traceState:{list:[]} remote:false}}]
[2026-07-26 20:00:31.372] local.info: [0.500ms] [rows:1] SELECT * FROM `processes` WHERE `processes`.`id` = 2
[Context] map[trace.traceContextKeyType:{Span:<nil> sc:{traceID:[0 0 0 0 0 0 0 0 0 0 0 0 0 0 0 0] spanID:[0 0 0 0 0 0 0 0] traceFlags:0 traceState:{list:[]} remote:false}}]
[2026-07-26 20:00:31.372] local.info: [0.484ms] [rows:1] SELECT * FROM `procs` WHERE `procs`.`entry_id` IN (3,2,1) ORDER BY id desc LIMIT 1
[Context] map[trace.traceContextKeyType:{Span:<nil> sc:{traceID:[0 0 0 0 0 0 0 0 0 0 0 0 0 0 0 0] spanID:[0 0 0 0 0 0 0 0] traceFlags:0 traceState:{list:[]} remote:false}}]
[2026-07-26 20:00:31.372] local.info: [4.307ms] [rows:3] SELECT * FROM `entries` WHERE emp_id=13 AND pid=0 ORDER BY id desc
[Context] map[trace.traceContextKeyType:{Span:<nil> sc:{traceID:[0 0 0 0 0 0 0 0 0 0 0 0 0 0 0 0] spanID:[0 0 0 0 0 0 0 0] traceFlags:0 traceState:{list:[]} remote:false}}]
[2026-07-26 20:00:31.373] local.info: [0.479ms] [rows:0] SELECT * FROM `procs` WHERE emp_id=13 AND status=0 ORDER BY id desc
[Context] map[trace.traceContextKeyType:{Span:<nil> sc:{traceID:[0 0 0 0 0 0 0 0 0 0 0 0 0 0 0 0] spanID:[0 0 0 0 0 0 0 0] traceFlags:0 traceState:{list:[]} remote:false}}]
[2026-07-26 20:00:31.374] local.info: [0.521ms] [rows:3] SELECT * FROM `flows` WHERE is_publish=1 AND is_show=1
[Context] map[trace.traceContextKeyType:{Span:<nil> sc:{traceID:[0 0 0 0 0 0 0 0 0 0 0 0 0 0 0 0] spanID:[0 0 0 0 0 0 0 0] traceFlags:0 traceState:{list:[]} remote:false}}]
[2026-07-26 20:00:31.375] local.info: [0.325ms] [rows:1] SELECT * FROM `emps` WHERE `emps`.`id` = 13
[Context] map[trace.traceContextKeyType:{Span:<nil> sc:{traceID:[0 0 0 0 0 0 0 0 0 0 0 0 0 0 0 0] spanID:[0 0 0 0 0 0 0 0] traceFlags:0 traceState:{list:[]} remote:false}}]
[2026-07-26 20:00:31.375] local.info: [0.447ms] [rows:3] SELECT * FROM `entries` WHERE `entries`.`id` IN (3,2,1)
[Context] map[trace.traceContextKeyType:{Span:<nil> sc:{traceID:[0 0 0 0 0 0 0 0 0 0 0 0 0 0 0 0] spanID:[0 0 0 0 0 0 0 0] traceFlags:0 traceState:{list:[]} remote:false}}]
[2026-07-26 20:00:31.375] local.info: [1.562ms] [rows:3] SELECT * FROM `procs` WHERE emp_id=13 AND status!=0 ORDER BY id desc
[Context] map[trace.traceContextKeyType:{Span:<nil> sc:{traceID:[0 0 0 0 0 0 0 0 0 0 0 0 0 0 0 0] spanID:[0 0 0 0 0 0 0 0] traceFlags:0 traceState:{list:[]} remote:false}}]
[2026-07-26 20:00:31.376] local.info: [0.375ms] [rows:0] SELECT * FROM `cc_records` WHERE emp_id=13 ORDER BY id desc
[Context] map[trace.traceContextKeyType:{Span:<nil> sc:{traceID:[0 0 0 0 0 0 0 0 0 0 0 0 0 0 0 0] spanID:[0 0 0 0 0 0 0 0] traceFlags:0 traceState:{list:[]} remote:false}}]
[2026-07-26 20:00:33.281] local.info: [0.884ms] [rows:1] SELECT count(*) FROM `flows`
[Context] map[trace.traceContextKeyType:{Span:<nil> sc:{traceID:[0 0 0 0 0 0 0 0 0 0 0 0 0 0 0 0] spanID:[0 0 0 0 0 0 0 0] traceFlags:0 traceState:{list:[]} remote:false}}]
[2026-07-26 20:00:33.282] local.info: [0.633ms] [rows:3] SELECT * FROM `flows` LIMIT 10
[Context] map[trace.traceContextKeyType:{Span:<nil> sc:{traceID:[0 0 0 0 0 0 0 0 0 0 0 0 0 0 0 0] spanID:[0 0 0 0 0 0 0 0] traceFlags:0 traceState:{list:[]} remote:false}}]
[2026-07-26 20:00:35.594] local.info: [0.525ms] [rows:1] SELECT * FROM `templateforms` WHERE `templateforms`.`template_id` = 3
[Context] map[trace.traceContextKeyType:{Span:<nil> sc:{traceID:[0 0 0 0 0 0 0 0 0 0 0 0 0 0 0 0] spanID:[0 0 0 0 0 0 0 0] traceFlags:0 traceState:{list:[]} remote:false}}]
[2026-07-26 20:00:35.595] local.info: [1.461ms] [rows:1] SELECT * FROM `templates` WHERE `templates`.`id` = 3
[Context] map[trace.traceContextKeyType:{Span:<nil> sc:{traceID:[0 0 0 0 0 0 0 0 0 0 0 0 0 0 0 0] spanID:[0 0 0 0 0 0 0 0] traceFlags:0 traceState:{list:[]} remote:false}}]
[2026-07-26 20:00:35.595] local.info: [2.486ms] [rows:1] SELECT * FROM `flows` WHERE `id` = 3
[Context] map[trace.traceContextKeyType:{Span:<nil> sc:{traceID:[0 0 0 0 0 0 0 0 0 0 0 0 0 0 0 0] spanID:[0 0 0 0 0 0 0 0] traceFlags:0 traceState:{list:[]} remote:false}}]
[2026-07-26 20:00:43.088] local.info: [0.566ms] [rows:1] SELECT * FROM `emps` WHERE `emps`.`id` = '13'
[Context] map[trace.traceContextKeyType:{Span:<nil> sc:{traceID:[0 0 0 0 0 0 0 0 0 0 0 0 0 0 0 0] spanID:[0 0 0 0 0 0 0 0] traceFlags:0 traceState:{list:[]} remote:false}}]
[2026-07-26 20:00:43.088] local.info: [0.319ms] [rows:1] SELECT `id` FROM `processes` WHERE flow_id=3 AND position=0
[Context] map[trace.traceContextKeyType:{Span:<nil> sc:{traceID:[0 0 0 0 0 0 0 0 0 0 0 0 0 0 0 0] spanID:[0 0 0 0 0 0 0 0] traceFlags:0 traceState:{list:[]} remote:false}}]
[2026-07-26 20:00:43.088] local.info: [0.399ms] [rows:1] SELECT * FROM `flowlinks` WHERE (flow_id=3 AND process_id=6) AND ((type!='Condition' OR type IS NULL)) ORDER BY sort ASC
[Context] map[trace.traceContextKeyType:{Span:<nil> sc:{traceID:[0 0 0 0 0 0 0 0 0 0 0 0 0 0 0 0] spanID:[0 0 0 0 0 0 0 0] traceFlags:0 traceState:{list:[]} remote:false}}]
[2026-07-26 20:00:43.089] local.info: [0.330ms] [rows:1] SELECT * FROM `processes` WHERE `processes`.`id` = 7
[Context] map[trace.traceContextKeyType:{Span:<nil> sc:{traceID:[0 0 0 0 0 0 0 0 0 0 0 0 0 0 0 0] spanID:[0 0 0 0 0 0 0 0] traceFlags:0 traceState:{list:[]} remote:false}}]
[2026-07-26 20:00:43.089] local.info: [0.264ms] [rows:1] SELECT * FROM `processes` WHERE `processes`.`id` = 6
[Context] map[trace.traceContextKeyType:{Span:<nil> sc:{traceID:[0 0 0 0 0 0 0 0 0 0 0 0 0 0 0 0] spanID:[0 0 0 0 0 0 0 0] traceFlags:0 traceState:{list:[]} remote:false}}]
[2026-07-26 20:00:43.089] local.info: [0.972ms] [rows:1] SELECT * FROM `flowlinks` WHERE id=6 ORDER BY `flowlinks`.`id` LIMIT 1
[Context] map[trace.traceContextKeyType:{Span:<nil> sc:{traceID:[0 0 0 0 0 0 0 0 0 0 0 0 0 0 0 0] spanID:[0 0 0 0 0 0 0 0] traceFlags:0 traceState:{list:[]} remote:false}}]
[2026-07-26 20:00:43.09] local.info: [0.297ms] [rows:1] SELECT * FROM `flows` WHERE `id` = 3
[Context] map[trace.traceContextKeyType:{Span:<nil> sc:{traceID:[0 0 0 0 0 0 0 0 0 0 0 0 0 0 0 0] spanID:[0 0 0 0 0 0 0 0] traceFlags:0 traceState:{list:[]} remote:false}}]
[2026-07-26 20:00:43.09] local.info: [0.233ms] [rows:1] SELECT * FROM `templates` WHERE id=3
[Context] map[trace.traceContextKeyType:{Span:<nil> sc:{traceID:[0 0 0 0 0 0 0 0 0 0 0 0 0 0 0 0] spanID:[0 0 0 0 0 0 0 0] traceFlags:0 traceState:{list:[]} remote:false}}]
[2026-07-26 20:00:43.09] local.info: [0.390ms] [rows:1] SELECT * FROM `templateforms` WHERE `template_id` = 3
[Context] map[trace.traceContextKeyType:{Span:<nil> sc:{traceID:[0 0 0 0 0 0 0 0 0 0 0 0 0 0 0 0] spanID:[0 0 0 0 0 0 0 0] traceFlags:0 traceState:{list:[]} remote:false}}]
[2026-07-26 20:01:13.163] local.info: [0.509ms] [rows:1] SELECT * FROM `templateforms` WHERE `templateforms`.`template_id` = 3
[Context] map[trace.traceContextKeyType:{Span:<nil> sc:{traceID:[0 0 0 0 0 0 0 0 0 0 0 0 0 0 0 0] spanID:[0 0 0 0 0 0 0 0] traceFlags:0 traceState:{list:[]} remote:false}}]
[2026-07-26 20:01:13.163] local.info: [0.999ms] [rows:1] SELECT * FROM `templates` WHERE `templates`.`id` = 3
[Context] map[trace.traceContextKeyType:{Span:<nil> sc:{traceID:[0 0 0 0 0 0 0 0 0 0 0 0 0 0 0 0] spanID:[0 0 0 0 0 0 0 0] traceFlags:0 traceState:{list:[]} remote:false}}]
[2026-07-26 20:01:13.163] local.info: [1.752ms] [rows:1] SELECT * FROM `flows` WHERE `id` = 3
[Context] map[trace.traceContextKeyType:{Span:<nil> sc:{traceID:[0 0 0 0 0 0 0 0 0 0 0 0 0 0 0 0] spanID:[0 0 0 0 0 0 0 0] traceFlags:0 traceState:{list:[]} remote:false}}]
[2026-07-26 20:03:03.524] local.info: [1.225ms] [rows:1] SELECT * FROM `emps` WHERE `emps`.`id` = '13'
[Context] map[trace.traceContextKeyType:{Span:<nil> sc:{traceID:[0 0 0 0 0 0 0 0 0 0 0 0 0 0 0 0] spanID:[0 0 0 0 0 0 0 0] traceFlags:0 traceState:{list:[]} remote:false}}]
[2026-07-26 20:03:03.525] local.info: [0.430ms] [rows:1] SELECT `id` FROM `processes` WHERE flow_id=3 AND position=0
[Context] map[trace.traceContextKeyType:{Span:<nil> sc:{traceID:[0 0 0 0 0 0 0 0 0 0 0 0 0 0 0 0] spanID:[0 0 0 0 0 0 0 0] traceFlags:0 traceState:{list:[]} remote:false}}]
[2026-07-26 20:03:03.526] local.info: [0.680ms] [rows:1] SELECT * FROM `flowlinks` WHERE (flow_id=3 AND process_id=6) AND ((type!='Condition' OR type IS NULL)) ORDER BY sort ASC
[Context] map[trace.traceContextKeyType:{Span:<nil> sc:{traceID:[0 0 0 0 0 0 0 0 0 0 0 0 0 0 0 0] spanID:[0 0 0 0 0 0 0 0] traceFlags:0 traceState:{list:[]} remote:false}}]
[2026-07-26 20:03:03.527] local.info: [0.559ms] [rows:1] SELECT * FROM `processes` WHERE `processes`.`id` = 7
[Context] map[trace.traceContextKeyType:{Span:<nil> sc:{traceID:[0 0 0 0 0 0 0 0 0 0 0 0 0 0 0 0] spanID:[0 0 0 0 0 0 0 0] traceFlags:0 traceState:{list:[]} remote:false}}]
[2026-07-26 20:03:03.528] local.info: [0.382ms] [rows:1] SELECT * FROM `processes` WHERE `processes`.`id` = 6
[Context] map[trace.traceContextKeyType:{Span:<nil> sc:{traceID:[0 0 0 0 0 0 0 0 0 0 0 0 0 0 0 0] spanID:[0 0 0 0 0 0 0 0] traceFlags:0 traceState:{list:[]} remote:false}}]
[2026-07-26 20:03:03.528] local.info: [1.672ms] [rows:1] SELECT * FROM `flowlinks` WHERE id=6 ORDER BY `flowlinks`.`id` LIMIT 1
[Context] map[trace.traceContextKeyType:{Span:<nil> sc:{traceID:[0 0 0 0 0 0 0 0 0 0 0 0 0 0 0 0] spanID:[0 0 0 0 0 0 0 0] traceFlags:0 traceState:{list:[]} remote:false}}]
[2026-07-26 20:03:03.528] local.info: [0.341ms] [rows:1] SELECT * FROM `flows` WHERE `id` = 3
[Context] map[trace.traceContextKeyType:{Span:<nil> sc:{traceID:[0 0 0 0 0 0 0 0 0 0 0 0 0 0 0 0] spanID:[0 0 0 0 0 0 0 0] traceFlags:0 traceState:{list:[]} remote:false}}]
[2026-07-26 20:03:03.529] local.info: [0.333ms] [rows:1] SELECT * FROM `templates` WHERE id=3
[Context] map[trace.traceContextKeyType:{Span:<nil> sc:{traceID:[0 0 0 0 0 0 0 0 0 0 0 0 0 0 0 0] spanID:[0 0 0 0 0 0 0 0] traceFlags:0 traceState:{list:[]} remote:false}}]
[2026-07-26 20:03:03.529] local.info: [0.453ms] [rows:1] SELECT * FROM `templateforms` WHERE `template_id` = 3
[Context] map[trace.traceContextKeyType:{Span:<nil> sc:{traceID:[0 0 0 0 0 0 0 0 0 0 0 0 0 0 0 0] spanID:[0 0 0 0 0 0 0 0] traceFlags:0 traceState:{list:[]} remote:false}}]
[2026-07-26 20:03:35.413] local.info: [2.131ms] [rows:1] SELECT * FROM `emps` WHERE `emps`.`id` = '13'
[Context] map[trace.traceContextKeyType:{Span:<nil> sc:{traceID:[0 0 0 0 0 0 0 0 0 0 0 0 0 0 0 0] spanID:[0 0 0 0 0 0 0 0] traceFlags:0 traceState:{list:[]} remote:false}}]
[2026-07-26 20:03:35.415] local.info: [1.229ms] [rows:1] SELECT * FROM `emps` WHERE user_id=13
[Context] map[trace.traceContextKeyType:{Span:<nil> sc:{traceID:[0 0 0 0 0 0 0 0 0 0 0 0 0 0 0 0] spanID:[0 0 0 0 0 0 0 0] traceFlags:0 traceState:{list:[]} remote:false}}]
[2026-07-26 20:03:35.416] local.info: [0.589ms] [rows:1] SELECT count(*) FROM `depts`
[Context] map[trace.traceContextKeyType:{Span:<nil> sc:{traceID:[0 0 0 0 0 0 0 0 0 0 0 0 0 0 0 0] spanID:[0 0 0 0 0 0 0 0] traceFlags:0 traceState:{list:[]} remote:false}}]
[2026-07-26 20:03:35.417] local.info: [0.311ms] [rows:1] SELECT count(*) FROM `emps`
[Context] map[trace.traceContextKeyType:{Span:<nil> sc:{traceID:[0 0 0 0 0 0 0 0 0 0 0 0 0 0 0 0] spanID:[0 0 0 0 0 0 0 0] traceFlags:0 traceState:{list:[]} remote:false}}]
[2026-07-26 20:03:35.42] local.info: [3.379ms] [rows:1] SELECT count(*) FROM `flows`
[Context] map[trace.traceContextKeyType:{Span:<nil> sc:{traceID:[0 0 0 0 0 0 0 0 0 0 0 0 0 0 0 0] spanID:[0 0 0 0 0 0 0 0] traceFlags:0 traceState:{list:[]} remote:false}}]
[2026-07-26 20:03:35.421] local.info: [0.790ms] [rows:1] SELECT count(*) FROM `templates`
[Context] map[trace.traceContextKeyType:{Span:<nil> sc:{traceID:[0 0 0 0 0 0 0 0 0 0 0 0 0 0 0 0] spanID:[0 0 0 0 0 0 0 0] traceFlags:0 traceState:{list:[]} remote:false}}]
[2026-07-26 20:03:35.423] local.info: [1.441ms] [rows:1] SELECT count(*) FROM `entries`
[Context] map[trace.traceContextKeyType:{Span:<nil> sc:{traceID:[0 0 0 0 0 0 0 0 0 0 0 0 0 0 0 0] spanID:[0 0 0 0 0 0 0 0] traceFlags:0 traceState:{list:[]} remote:false}}]
[2026-07-26 20:03:35.424] local.info: [0.500ms] [rows:1] SELECT count(*) FROM `procs` WHERE status=0
[Context] map[trace.traceContextKeyType:{Span:<nil> sc:{traceID:[0 0 0 0 0 0 0 0 0 0 0 0 0 0 0 0] spanID:[0 0 0 0 0 0 0 0] traceFlags:0 traceState:{list:[]} remote:false}}]
[2026-07-26 20:03:35.424] local.info: [0.271ms] [rows:1] SELECT * FROM `emps` WHERE `emps`.`id` = 13
[Context] map[trace.traceContextKeyType:{Span:<nil> sc:{traceID:[0 0 0 0 0 0 0 0 0 0 0 0 0 0 0 0] spanID:[0 0 0 0 0 0 0 0] traceFlags:0 traceState:{list:[]} remote:false}}]
[2026-07-26 20:03:35.425] local.info: [0.269ms] [rows:1] SELECT * FROM `flows` WHERE `flows`.`id` = 1
[Context] map[trace.traceContextKeyType:{Span:<nil> sc:{traceID:[0 0 0 0 0 0 0 0 0 0 0 0 0 0 0 0] spanID:[0 0 0 0 0 0 0 0] traceFlags:0 traceState:{list:[]} remote:false}}]
[2026-07-26 20:03:35.425] local.info: [0.335ms] [rows:1] SELECT * FROM `processes` WHERE `processes`.`id` = 2
[Context] map[trace.traceContextKeyType:{Span:<nil> sc:{traceID:[0 0 0 0 0 0 0 0 0 0 0 0 0 0 0 0] spanID:[0 0 0 0 0 0 0 0] traceFlags:0 traceState:{list:[]} remote:false}}]
[2026-07-26 20:03:35.426] local.info: [0.390ms] [rows:1] SELECT * FROM `procs` WHERE `procs`.`entry_id` IN (3,2,1) ORDER BY id desc LIMIT 1
[Context] map[trace.traceContextKeyType:{Span:<nil> sc:{traceID:[0 0 0 0 0 0 0 0 0 0 0 0 0 0 0 0] spanID:[0 0 0 0 0 0 0 0] traceFlags:0 traceState:{list:[]} remote:false}}]
[2026-07-26 20:03:35.426] local.info: [1.995ms] [rows:3] SELECT * FROM `entries` WHERE emp_id=13 AND pid=0 ORDER BY id desc
[Context] map[trace.traceContextKeyType:{Span:<nil> sc:{traceID:[0 0 0 0 0 0 0 0 0 0 0 0 0 0 0 0] spanID:[0 0 0 0 0 0 0 0] traceFlags:0 traceState:{list:[]} remote:false}}]
[2026-07-26 20:03:35.426] local.info: [0.331ms] [rows:0] SELECT * FROM `procs` WHERE emp_id=13 AND status=0 ORDER BY id desc
[Context] map[trace.traceContextKeyType:{Span:<nil> sc:{traceID:[0 0 0 0 0 0 0 0 0 0 0 0 0 0 0 0] spanID:[0 0 0 0 0 0 0 0] traceFlags:0 traceState:{list:[]} remote:false}}]
[2026-07-26 20:03:35.427] local.info: [0.378ms] [rows:3] SELECT * FROM `flows` WHERE is_publish=1 AND is_show=1
[Context] map[trace.traceContextKeyType:{Span:<nil> sc:{traceID:[0 0 0 0 0 0 0 0 0 0 0 0 0 0 0 0] spanID:[0 0 0 0 0 0 0 0] traceFlags:0 traceState:{list:[]} remote:false}}]
[2026-07-26 20:03:35.428] local.info: [0.407ms] [rows:1] SELECT * FROM `emps` WHERE `emps`.`id` = 13
[Context] map[trace.traceContextKeyType:{Span:<nil> sc:{traceID:[0 0 0 0 0 0 0 0 0 0 0 0 0 0 0 0] spanID:[0 0 0 0 0 0 0 0] traceFlags:0 traceState:{list:[]} remote:false}}]
[2026-07-26 20:03:35.429] local.info: [1.163ms] [rows:3] SELECT * FROM `entries` WHERE `entries`.`id` IN (3,2,1)
[Context] map[trace.traceContextKeyType:{Span:<nil> sc:{traceID:[0 0 0 0 0 0 0 0 0 0 0 0 0 0 0 0] spanID:[0 0 0 0 0 0 0 0] traceFlags:0 traceState:{list:[]} remote:false}}]
[2026-07-26 20:03:35.429] local.info: [2.268ms] [rows:3] SELECT * FROM `procs` WHERE emp_id=13 AND status!=0 ORDER BY id desc
[Context] map[trace.traceContextKeyType:{Span:<nil> sc:{traceID:[0 0 0 0 0 0 0 0 0 0 0 0 0 0 0 0] spanID:[0 0 0 0 0 0 0 0] traceFlags:0 traceState:{list:[]} remote:false}}]
[2026-07-26 20:03:35.43] local.info: [0.644ms] [rows:0] SELECT * FROM `cc_records` WHERE emp_id=13 ORDER BY id desc
[Context] map[trace.traceContextKeyType:{Span:<nil> sc:{traceID:[0 0 0 0 0 0 0 0 0 0 0 0 0 0 0 0] spanID:[0 0 0 0 0 0 0 0] traceFlags:0 traceState:{list:[]} remote:false}}]
[2026-07-26 20:03:36.743] local.info: [0.484ms] [rows:1] SELECT count(*) FROM `emps`
[Context] map[trace.traceContextKeyType:{Span:<nil> sc:{traceID:[0 0 0 0 0 0 0 0 0 0 0 0 0 0 0 0] spanID:[0 0 0 0 0 0 0 0] traceFlags:0 traceState:{list:[]} remote:false}}]
[2026-07-26 20:03:36.745] local.info: [0.479ms] [rows:4] SELECT * FROM `depts` WHERE `depts`.`id` IN (1,2,3,4)
[Context] map[trace.traceContextKeyType:{Span:<nil> sc:{traceID:[0 0 0 0 0 0 0 0 0 0 0 0 0 0 0 0] spanID:[0 0 0 0 0 0 0 0] traceFlags:0 traceState:{list:[]} remote:false}}]
[2026-07-26 20:03:36.745] local.info: [1.182ms] [rows:10] SELECT * FROM `emps` LIMIT 10
[Context] map[trace.traceContextKeyType:{Span:<nil> sc:{traceID:[0 0 0 0 0 0 0 0 0 0 0 0 0 0 0 0] spanID:[0 0 0 0 0 0 0 0] traceFlags:0 traceState:{list:[]} remote:false}}]
[2026-07-26 20:03:45.387] local.info: [0.929ms] [rows:1] SELECT count(*) FROM `flows`
[Context] map[trace.traceContextKeyType:{Span:<nil> sc:{traceID:[0 0 0 0 0 0 0 0 0 0 0 0 0 0 0 0] spanID:[0 0 0 0 0 0 0 0] traceFlags:0 traceState:{list:[]} remote:false}}]
[2026-07-26 20:03:45.388] local.info: [0.671ms] [rows:3] SELECT * FROM `flows` LIMIT 10
[Context] map[trace.traceContextKeyType:{Span:<nil> sc:{traceID:[0 0 0 0 0 0 0 0 0 0 0 0 0 0 0 0] spanID:[0 0 0 0 0 0 0 0] traceFlags:0 traceState:{list:[]} remote:false}}]
[2026-07-26 20:03:47.814] local.info: [2.569ms] [rows:0] SELECT * FROM `processvars` WHERE `processvars`.`flow_id` = 3
[Context] map[trace.traceContextKeyType:{Span:<nil> sc:{traceID:[0 0 0 0 0 0 0 0 0 0 0 0 0 0 0 0] spanID:[0 0 0 0 0 0 0 0] traceFlags:0 traceState:{list:[]} remote:false}}]
[2026-07-26 20:03:47.815] local.info: [0.690ms] [rows:3] SELECT * FROM `processes` WHERE `processes`.`flow_id` = 3
[Context] map[trace.traceContextKeyType:{Span:<nil> sc:{traceID:[0 0 0 0 0 0 0 0 0 0 0 0 0 0 0 0] spanID:[0 0 0 0 0 0 0 0] traceFlags:0 traceState:{list:[]} remote:false}}]
[2026-07-26 20:03:47.815] local.info: [7.716ms] [rows:1] SELECT * FROM `flows` WHERE id=3
[Context] map[trace.traceContextKeyType:{Span:<nil> sc:{traceID:[0 0 0 0 0 0 0 0 0 0 0 0 0 0 0 0] spanID:[0 0 0 0 0 0 0 0] traceFlags:0 traceState:{list:[]} remote:false}}]
[2026-07-26 20:03:54.884] local.info: [1.312ms] [rows:1] SELECT count(*) FROM `templates`
[Context] map[trace.traceContextKeyType:{Span:<nil> sc:{traceID:[0 0 0 0 0 0 0 0 0 0 0 0 0 0 0 0] spanID:[0 0 0 0 0 0 0 0] traceFlags:0 traceState:{list:[]} remote:false}}]
[2026-07-26 20:03:54.885] local.info: [0.987ms] [rows:3] SELECT * FROM `templates` LIMIT 10
[Context] map[trace.traceContextKeyType:{Span:<nil> sc:{traceID:[0 0 0 0 0 0 0 0 0 0 0 0 0 0 0 0] spanID:[0 0 0 0 0 0 0 0] traceFlags:0 traceState:{list:[]} remote:false}}]
[2026-07-26 20:03:57.113] local.info: [1.850ms] [rows:1] SELECT * FROM `templateforms` WHERE template_id=3 ORDER BY sort asc,id desc
[Context] map[trace.traceContextKeyType:{Span:<nil> sc:{traceID:[0 0 0 0 0 0 0 0 0 0 0 0 0 0 0 0] spanID:[0 0 0 0 0 0 0 0] traceFlags:0 traceState:{list:[]} remote:false}}]
[2026-07-26 20:04:00.711] local.info: [1.144ms] [rows:1] SELECT * FROM `templateforms` WHERE id=3
[Context] map[trace.traceContextKeyType:{Span:<nil> sc:{traceID:[0 0 0 0 0 0 0 0 0 0 0 0 0 0 0 0] spanID:[0 0 0 0 0 0 0 0] traceFlags:0 traceState:{list:[]} remote:false}}]
[2026-07-26 20:04:05.769] local.info: [1.004ms] [rows:1] SELECT * FROM `templateforms` WHERE id=3
[Context] map[trace.traceContextKeyType:{Span:<nil> sc:{traceID:[0 0 0 0 0 0 0 0 0 0 0 0 0 0 0 0] spanID:[0 0 0 0 0 0 0 0] traceFlags:0 traceState:{list:[]} remote:false}}]
[2026-07-26 20:04:05.771] local.info: [1.801ms] [rows:1] UPDATE `templateforms` SET `created_at`='2026-07-26 19:57:40',`updated_at`='2026-07-26 20:04:05.769',`field`='username',`field_name`='姓名',`field_type`='text',`field_value`='[]',`field_default_value`='',`field_rules`='[{"rule_name":"required","rule_title":"必填","rule_value":""}]',`sort`=100,`template_id`=3 WHERE `id` = 3
[Context] map[trace.traceContextKeyType:{Span:<nil> sc:{traceID:[0 0 0 0 0 0 0 0 0 0 0 0 0 0 0 0] spanID:[0 0 0 0 0 0 0 0] traceFlags:0 traceState:{list:[]} remote:false}}]
[2026-07-26 20:04:10.058] local.info: [0.976ms] [rows:1] SELECT * FROM `templateforms` WHERE template_id=3 ORDER BY sort asc,id desc
[Context] map[trace.traceContextKeyType:{Span:<nil> sc:{traceID:[0 0 0 0 0 0 0 0 0 0 0 0 0 0 0 0] spanID:[0 0 0 0 0 0 0 0] traceFlags:0 traceState:{list:[]} remote:false}}]
[2026-07-26 20:04:18.834] local.info: [0.756ms] [rows:1] SELECT count(*) FROM `templates`
[Context] map[trace.traceContextKeyType:{Span:<nil> sc:{traceID:[0 0 0 0 0 0 0 0 0 0 0 0 0 0 0 0] spanID:[0 0 0 0 0 0 0 0] traceFlags:0 traceState:{list:[]} remote:false}}]
[2026-07-26 20:04:18.834] local.info: [0.561ms] [rows:3] SELECT * FROM `templates` LIMIT 10
[Context] map[trace.traceContextKeyType:{Span:<nil> sc:{traceID:[0 0 0 0 0 0 0 0 0 0 0 0 0 0 0 0] spanID:[0 0 0 0 0 0 0 0] traceFlags:0 traceState:{list:[]} remote:false}}]
[2026-07-26 20:04:19.876] local.info: [1.576ms] [rows:1] SELECT * FROM `templateforms` WHERE template_id=3 ORDER BY sort asc,id desc
[Context] map[trace.traceContextKeyType:{Span:<nil> sc:{traceID:[0 0 0 0 0 0 0 0 0 0 0 0 0 0 0 0] spanID:[0 0 0 0 0 0 0 0] traceFlags:0 traceState:{list:[]} remote:false}}]
[2026-07-26 20:04:21.348] local.info: [1.195ms] [rows:1] SELECT * FROM `templateforms` WHERE id=3
[Context] map[trace.traceContextKeyType:{Span:<nil> sc:{traceID:[0 0 0 0 0 0 0 0 0 0 0 0 0 0 0 0] spanID:[0 0 0 0 0 0 0 0] traceFlags:0 traceState:{list:[]} remote:false}}]
[2026-07-26 20:04:33.982] local.info: [0.871ms] [rows:1] SELECT * FROM `templateforms` WHERE id=3
[Context] map[trace.traceContextKeyType:{Span:<nil> sc:{traceID:[0 0 0 0 0 0 0 0 0 0 0 0 0 0 0 0] spanID:[0 0 0 0 0 0 0 0] traceFlags:0 traceState:{list:[]} remote:false}}]
[2026-07-26 20:04:33.983] local.info: [1.461ms] [rows:1] UPDATE `templateforms` SET `created_at`='2026-07-26 19:57:40',`updated_at`='2026-07-26 20:04:33.982',`field`='username',`field_name`='姓名',`field_type`='text',`field_value`='[]',`field_default_value`='',`field_rules`='[{"rule_name":"required","rule_title":"username","rule_value":""}]',`sort`=100,`template_id`=3 WHERE `id` = 3
[Context] map[trace.traceContextKeyType:{Span:<nil> sc:{traceID:[0 0 0 0 0 0 0 0 0 0 0 0 0 0 0 0] spanID:[0 0 0 0 0 0 0 0] traceFlags:0 traceState:{list:[]} remote:false}}]
[2026-07-26 20:04:36.175] local.info: [1.506ms] [rows:1] SELECT count(*) FROM `templates`
[Context] map[trace.traceContextKeyType:{Span:<nil> sc:{traceID:[0 0 0 0 0 0 0 0 0 0 0 0 0 0 0 0] spanID:[0 0 0 0 0 0 0 0] traceFlags:0 traceState:{list:[]} remote:false}}]
[2026-07-26 20:04:36.178] local.info: [2.968ms] [rows:3] SELECT * FROM `templates` LIMIT 10
[Context] map[trace.traceContextKeyType:{Span:<nil> sc:{traceID:[0 0 0 0 0 0 0 0 0 0 0 0 0 0 0 0] spanID:[0 0 0 0 0 0 0 0] traceFlags:0 traceState:{list:[]} remote:false}}]
[2026-07-26 20:04:37.281] local.info: [1.425ms] [rows:1] SELECT * FROM `templateforms` WHERE template_id=3 ORDER BY sort asc,id desc
[Context] map[trace.traceContextKeyType:{Span:<nil> sc:{traceID:[0 0 0 0 0 0 0 0 0 0 0 0 0 0 0 0] spanID:[0 0 0 0 0 0 0 0] traceFlags:0 traceState:{list:[]} remote:false}}]
[2026-07-26 20:04:40.284] local.info: [0.814ms] [rows:1] SELECT * FROM `emps` WHERE `emps`.`id` = '13'
[Context] map[trace.traceContextKeyType:{Span:<nil> sc:{traceID:[0 0 0 0 0 0 0 0 0 0 0 0 0 0 0 0] spanID:[0 0 0 0 0 0 0 0] traceFlags:0 traceState:{list:[]} remote:false}}]
[2026-07-26 20:04:40.285] local.info: [0.655ms] [rows:1] SELECT * FROM `emps` WHERE user_id=13
[Context] map[trace.traceContextKeyType:{Span:<nil> sc:{traceID:[0 0 0 0 0 0 0 0 0 0 0 0 0 0 0 0] spanID:[0 0 0 0 0 0 0 0] traceFlags:0 traceState:{list:[]} remote:false}}]
[2026-07-26 20:04:40.286] local.info: [0.633ms] [rows:1] SELECT count(*) FROM `depts`
[Context] map[trace.traceContextKeyType:{Span:<nil> sc:{traceID:[0 0 0 0 0 0 0 0 0 0 0 0 0 0 0 0] spanID:[0 0 0 0 0 0 0 0] traceFlags:0 traceState:{list:[]} remote:false}}]
[2026-07-26 20:04:40.287] local.info: [0.284ms] [rows:1] SELECT count(*) FROM `emps`
[Context] map[trace.traceContextKeyType:{Span:<nil> sc:{traceID:[0 0 0 0 0 0 0 0 0 0 0 0 0 0 0 0] spanID:[0 0 0 0 0 0 0 0] traceFlags:0 traceState:{list:[]} remote:false}}]
[2026-07-26 20:04:40.287] local.info: [0.532ms] [rows:1] SELECT count(*) FROM `flows`
[Context] map[trace.traceContextKeyType:{Span:<nil> sc:{traceID:[0 0 0 0 0 0 0 0 0 0 0 0 0 0 0 0] spanID:[0 0 0 0 0 0 0 0] traceFlags:0 traceState:{list:[]} remote:false}}]
[2026-07-26 20:04:40.288] local.info: [0.480ms] [rows:1] SELECT count(*) FROM `templates`
[Context] map[trace.traceContextKeyType:{Span:<nil> sc:{traceID:[0 0 0 0 0 0 0 0 0 0 0 0 0 0 0 0] spanID:[0 0 0 0 0 0 0 0] traceFlags:0 traceState:{list:[]} remote:false}}]
[2026-07-26 20:04:40.288] local.info: [0.224ms] [rows:1] SELECT count(*) FROM `entries`
[Context] map[trace.traceContextKeyType:{Span:<nil> sc:{traceID:[0 0 0 0 0 0 0 0 0 0 0 0 0 0 0 0] spanID:[0 0 0 0 0 0 0 0] traceFlags:0 traceState:{list:[]} remote:false}}]
[2026-07-26 20:04:40.289] local.info: [0.447ms] [rows:1] SELECT count(*) FROM `procs` WHERE status=0
[Context] map[trace.traceContextKeyType:{Span:<nil> sc:{traceID:[0 0 0 0 0 0 0 0 0 0 0 0 0 0 0 0] spanID:[0 0 0 0 0 0 0 0] traceFlags:0 traceState:{list:[]} remote:false}}]
[2026-07-26 20:04:40.29] local.info: [0.416ms] [rows:1] SELECT * FROM `emps` WHERE `emps`.`id` = 13
[Context] map[trace.traceContextKeyType:{Span:<nil> sc:{traceID:[0 0 0 0 0 0 0 0 0 0 0 0 0 0 0 0] spanID:[0 0 0 0 0 0 0 0] traceFlags:0 traceState:{list:[]} remote:false}}]
[2026-07-26 20:04:40.291] local.info: [0.416ms] [rows:1] SELECT * FROM `flows` WHERE `flows`.`id` = 1
[Context] map[trace.traceContextKeyType:{Span:<nil> sc:{traceID:[0 0 0 0 0 0 0 0 0 0 0 0 0 0 0 0] spanID:[0 0 0 0 0 0 0 0] traceFlags:0 traceState:{list:[]} remote:false}}]
[2026-07-26 20:04:40.291] local.info: [0.417ms] [rows:1] SELECT * FROM `processes` WHERE `processes`.`id` = 2
[Context] map[trace.traceContextKeyType:{Span:<nil> sc:{traceID:[0 0 0 0 0 0 0 0 0 0 0 0 0 0 0 0] spanID:[0 0 0 0 0 0 0 0] traceFlags:0 traceState:{list:[]} remote:false}}]
[2026-07-26 20:04:40.292] local.info: [0.548ms] [rows:1] SELECT * FROM `procs` WHERE `procs`.`entry_id` IN (3,2,1) ORDER BY id desc LIMIT 1
[Context] map[trace.traceContextKeyType:{Span:<nil> sc:{traceID:[0 0 0 0 0 0 0 0 0 0 0 0 0 0 0 0] spanID:[0 0 0 0 0 0 0 0] traceFlags:0 traceState:{list:[]} remote:false}}]
[2026-07-26 20:04:40.292] local.info: [3.090ms] [rows:3] SELECT * FROM `entries` WHERE emp_id=13 AND pid=0 ORDER BY id desc
[Context] map[trace.traceContextKeyType:{Span:<nil> sc:{traceID:[0 0 0 0 0 0 0 0 0 0 0 0 0 0 0 0] spanID:[0 0 0 0 0 0 0 0] traceFlags:0 traceState:{list:[]} remote:false}}]
[2026-07-26 20:04:40.293] local.info: [0.784ms] [rows:0] SELECT * FROM `procs` WHERE emp_id=13 AND status=0 ORDER BY id desc
[Context] map[trace.traceContextKeyType:{Span:<nil> sc:{traceID:[0 0 0 0 0 0 0 0 0 0 0 0 0 0 0 0] spanID:[0 0 0 0 0 0 0 0] traceFlags:0 traceState:{list:[]} remote:false}}]
[2026-07-26 20:04:40.295] local.info: [1.354ms] [rows:3] SELECT * FROM `flows` WHERE is_publish=1 AND is_show=1
[Context] map[trace.traceContextKeyType:{Span:<nil> sc:{traceID:[0 0 0 0 0 0 0 0 0 0 0 0 0 0 0 0] spanID:[0 0 0 0 0 0 0 0] traceFlags:0 traceState:{list:[]} remote:false}}]
[2026-07-26 20:04:40.296] local.info: [0.312ms] [rows:1] SELECT * FROM `emps` WHERE `emps`.`id` = 13
[Context] map[trace.traceContextKeyType:{Span:<nil> sc:{traceID:[0 0 0 0 0 0 0 0 0 0 0 0 0 0 0 0] spanID:[0 0 0 0 0 0 0 0] traceFlags:0 traceState:{list:[]} remote:false}}]
[2026-07-26 20:04:40.296] local.info: [0.353ms] [rows:3] SELECT * FROM `entries` WHERE `entries`.`id` IN (3,2,1)
[Context] map[trace.traceContextKeyType:{Span:<nil> sc:{traceID:[0 0 0 0 0 0 0 0 0 0 0 0 0 0 0 0] spanID:[0 0 0 0 0 0 0 0] traceFlags:0 traceState:{list:[]} remote:false}}]
[2026-07-26 20:04:40.296] local.info: [1.315ms] [rows:3] SELECT * FROM `procs` WHERE emp_id=13 AND status!=0 ORDER BY id desc
[Context] map[trace.traceContextKeyType:{Span:<nil> sc:{traceID:[0 0 0 0 0 0 0 0 0 0 0 0 0 0 0 0] spanID:[0 0 0 0 0 0 0 0] traceFlags:0 traceState:{list:[]} remote:false}}]
[2026-07-26 20:04:40.297] local.info: [0.314ms] [rows:0] SELECT * FROM `cc_records` WHERE emp_id=13 ORDER BY id desc
[Context] map[trace.traceContextKeyType:{Span:<nil> sc:{traceID:[0 0 0 0 0 0 0 0 0 0 0 0 0 0 0 0] spanID:[0 0 0 0 0 0 0 0] traceFlags:0 traceState:{list:[]} remote:false}}]
[2026-07-26 20:04:43.175] local.info: [1.360ms] [rows:6] SELECT * FROM `emps` WHERE `emps`.`id` IN (1,3,6,9,12,15)
[Context] map[trace.traceContextKeyType:{Span:<nil> sc:{traceID:[0 0 0 0 0 0 0 0 0 0 0 0 0 0 0 0] spanID:[0 0 0 0 0 0 0 0] traceFlags:0 traceState:{list:[]} remote:false}}]
[2026-07-26 20:04:43.176] local.info: [0.584ms] [rows:6] SELECT * FROM `emps` WHERE `emps`.`id` IN (1,2,5,8,11,14)
[Context] map[trace.traceContextKeyType:{Span:<nil> sc:{traceID:[0 0 0 0 0 0 0 0 0 0 0 0 0 0 0 0] spanID:[0 0 0 0 0 0 0 0] traceFlags:0 traceState:{list:[]} remote:false}}]
[2026-07-26 20:04:43.176] local.info: [3.090ms] [rows:6] SELECT * FROM `depts`
[Context] map[trace.traceContextKeyType:{Span:<nil> sc:{traceID:[0 0 0 0 0 0 0 0 0 0 0 0 0 0 0 0] spanID:[0 0 0 0 0 0 0 0] traceFlags:0 traceState:{list:[]} remote:false}}]
[2026-07-26 20:04:44.488] local.info: [0.775ms] [rows:1] SELECT * FROM `emps` WHERE `emps`.`id` = '13'
[Context] map[trace.traceContextKeyType:{Span:<nil> sc:{traceID:[0 0 0 0 0 0 0 0 0 0 0 0 0 0 0 0] spanID:[0 0 0 0 0 0 0 0] traceFlags:0 traceState:{list:[]} remote:false}}]
[2026-07-26 20:04:44.489] local.info: [0.874ms] [rows:1] SELECT * FROM `emps` WHERE user_id=13
[Context] map[trace.traceContextKeyType:{Span:<nil> sc:{traceID:[0 0 0 0 0 0 0 0 0 0 0 0 0 0 0 0] spanID:[0 0 0 0 0 0 0 0] traceFlags:0 traceState:{list:[]} remote:false}}]
[2026-07-26 20:04:44.489] local.info: [0.567ms] [rows:1] SELECT count(*) FROM `depts`
[Context] map[trace.traceContextKeyType:{Span:<nil> sc:{traceID:[0 0 0 0 0 0 0 0 0 0 0 0 0 0 0 0] spanID:[0 0 0 0 0 0 0 0] traceFlags:0 traceState:{list:[]} remote:false}}]
[2026-07-26 20:04:44.49] local.info: [0.244ms] [rows:1] SELECT count(*) FROM `emps`
[Context] map[trace.traceContextKeyType:{Span:<nil> sc:{traceID:[0 0 0 0 0 0 0 0 0 0 0 0 0 0 0 0] spanID:[0 0 0 0 0 0 0 0] traceFlags:0 traceState:{list:[]} remote:false}}]
[2026-07-26 20:04:44.49] local.info: [0.420ms] [rows:1] SELECT count(*) FROM `flows`
[Context] map[trace.traceContextKeyType:{Span:<nil> sc:{traceID:[0 0 0 0 0 0 0 0 0 0 0 0 0 0 0 0] spanID:[0 0 0 0 0 0 0 0] traceFlags:0 traceState:{list:[]} remote:false}}]
[2026-07-26 20:04:44.491] local.info: [0.360ms] [rows:1] SELECT count(*) FROM `templates`
[Context] map[trace.traceContextKeyType:{Span:<nil> sc:{traceID:[0 0 0 0 0 0 0 0 0 0 0 0 0 0 0 0] spanID:[0 0 0 0 0 0 0 0] traceFlags:0 traceState:{list:[]} remote:false}}]
[2026-07-26 20:04:44.491] local.info: [0.298ms] [rows:1] SELECT count(*) FROM `entries`
[Context] map[trace.traceContextKeyType:{Span:<nil> sc:{traceID:[0 0 0 0 0 0 0 0 0 0 0 0 0 0 0 0] spanID:[0 0 0 0 0 0 0 0] traceFlags:0 traceState:{list:[]} remote:false}}]
[2026-07-26 20:04:44.492] local.info: [0.359ms] [rows:1] SELECT count(*) FROM `procs` WHERE status=0
[Context] map[trace.traceContextKeyType:{Span:<nil> sc:{traceID:[0 0 0 0 0 0 0 0 0 0 0 0 0 0 0 0] spanID:[0 0 0 0 0 0 0 0] traceFlags:0 traceState:{list:[]} remote:false}}]
[2026-07-26 20:04:44.493] local.info: [0.305ms] [rows:1] SELECT * FROM `emps` WHERE `emps`.`id` = 13
[Context] map[trace.traceContextKeyType:{Span:<nil> sc:{traceID:[0 0 0 0 0 0 0 0 0 0 0 0 0 0 0 0] spanID:[0 0 0 0 0 0 0 0] traceFlags:0 traceState:{list:[]} remote:false}}]
[2026-07-26 20:04:44.493] local.info: [0.304ms] [rows:1] SELECT * FROM `flows` WHERE `flows`.`id` = 1
[Context] map[trace.traceContextKeyType:{Span:<nil> sc:{traceID:[0 0 0 0 0 0 0 0 0 0 0 0 0 0 0 0] spanID:[0 0 0 0 0 0 0 0] traceFlags:0 traceState:{list:[]} remote:false}}]
[2026-07-26 20:04:44.494] local.info: [0.371ms] [rows:1] SELECT * FROM `processes` WHERE `processes`.`id` = 2
[Context] map[trace.traceContextKeyType:{Span:<nil> sc:{traceID:[0 0 0 0 0 0 0 0 0 0 0 0 0 0 0 0] spanID:[0 0 0 0 0 0 0 0] traceFlags:0 traceState:{list:[]} remote:false}}]
[2026-07-26 20:04:44.494] local.info: [0.481ms] [rows:1] SELECT * FROM `procs` WHERE `procs`.`entry_id` IN (3,2,1) ORDER BY id desc LIMIT 1
[Context] map[trace.traceContextKeyType:{Span:<nil> sc:{traceID:[0 0 0 0 0 0 0 0 0 0 0 0 0 0 0 0] spanID:[0 0 0 0 0 0 0 0] traceFlags:0 traceState:{list:[]} remote:false}}]
[2026-07-26 20:04:44.494] local.info: [2.517ms] [rows:3] SELECT * FROM `entries` WHERE emp_id=13 AND pid=0 ORDER BY id desc
[Context] map[trace.traceContextKeyType:{Span:<nil> sc:{traceID:[0 0 0 0 0 0 0 0 0 0 0 0 0 0 0 0] spanID:[0 0 0 0 0 0 0 0] traceFlags:0 traceState:{list:[]} remote:false}}]
[2026-07-26 20:04:44.495] local.info: [0.386ms] [rows:0] SELECT * FROM `procs` WHERE emp_id=13 AND status=0 ORDER BY id desc
[Context] map[trace.traceContextKeyType:{Span:<nil> sc:{traceID:[0 0 0 0 0 0 0 0 0 0 0 0 0 0 0 0] spanID:[0 0 0 0 0 0 0 0] traceFlags:0 traceState:{list:[]} remote:false}}]
[2026-07-26 20:04:44.495] local.info: [0.407ms] [rows:3] SELECT * FROM `flows` WHERE is_publish=1 AND is_show=1
[Context] map[trace.traceContextKeyType:{Span:<nil> sc:{traceID:[0 0 0 0 0 0 0 0 0 0 0 0 0 0 0 0] spanID:[0 0 0 0 0 0 0 0] traceFlags:0 traceState:{list:[]} remote:false}}]
[2026-07-26 20:04:44.496] local.info: [0.331ms] [rows:1] SELECT * FROM `emps` WHERE `emps`.`id` = 13
[Context] map[trace.traceContextKeyType:{Span:<nil> sc:{traceID:[0 0 0 0 0 0 0 0 0 0 0 0 0 0 0 0] spanID:[0 0 0 0 0 0 0 0] traceFlags:0 traceState:{list:[]} remote:false}}]
[2026-07-26 20:04:44.497] local.info: [0.428ms] [rows:3] SELECT * FROM `entries` WHERE `entries`.`id` IN (3,2,1)
[Context] map[trace.traceContextKeyType:{Span:<nil> sc:{traceID:[0 0 0 0 0 0 0 0 0 0 0 0 0 0 0 0] spanID:[0 0 0 0 0 0 0 0] traceFlags:0 traceState:{list:[]} remote:false}}]
[2026-07-26 20:04:44.497] local.info: [1.573ms] [rows:3] SELECT * FROM `procs` WHERE emp_id=13 AND status!=0 ORDER BY id desc
[Context] map[trace.traceContextKeyType:{Span:<nil> sc:{traceID:[0 0 0 0 0 0 0 0 0 0 0 0 0 0 0 0] spanID:[0 0 0 0 0 0 0 0] traceFlags:0 traceState:{list:[]} remote:false}}]
[2026-07-26 20:04:44.498] local.info: [0.541ms] [rows:0] SELECT * FROM `cc_records` WHERE emp_id=13 ORDER BY id desc
[Context] map[trace.traceContextKeyType:{Span:<nil> sc:{traceID:[0 0 0 0 0 0 0 0 0 0 0 0 0 0 0 0] spanID:[0 0 0 0 0 0 0 0] traceFlags:0 traceState:{list:[]} remote:false}}]
[2026-07-26 20:04:45.355] local.info: [1.310ms] [rows:1] SELECT count(*) FROM `flows`
[Context] map[trace.traceContextKeyType:{Span:<nil> sc:{traceID:[0 0 0 0 0 0 0 0 0 0 0 0 0 0 0 0] spanID:[0 0 0 0 0 0 0 0] traceFlags:0 traceState:{list:[]} remote:false}}]
[2026-07-26 20:04:45.356] local.info: [0.731ms] [rows:3] SELECT * FROM `flows` LIMIT 10
[Context] map[trace.traceContextKeyType:{Span:<nil> sc:{traceID:[0 0 0 0 0 0 0 0 0 0 0 0 0 0 0 0] spanID:[0 0 0 0 0 0 0 0] traceFlags:0 traceState:{list:[]} remote:false}}]
[2026-07-26 20:04:55.218] local.info: [0.680ms] [rows:1] SELECT * FROM `templateforms` WHERE `templateforms`.`template_id` = 3
[Context] map[trace.traceContextKeyType:{Span:<nil> sc:{traceID:[0 0 0 0 0 0 0 0 0 0 0 0 0 0 0 0] spanID:[0 0 0 0 0 0 0 0] traceFlags:0 traceState:{list:[]} remote:false}}]
[2026-07-26 20:04:55.219] local.info: [1.482ms] [rows:1] SELECT * FROM `templates` WHERE `templates`.`id` = 3
[Context] map[trace.traceContextKeyType:{Span:<nil> sc:{traceID:[0 0 0 0 0 0 0 0 0 0 0 0 0 0 0 0] spanID:[0 0 0 0 0 0 0 0] traceFlags:0 traceState:{list:[]} remote:false}}]
[2026-07-26 20:04:55.219] local.info: [2.401ms] [rows:1] SELECT * FROM `flows` WHERE `id` = 3
[Context] map[trace.traceContextKeyType:{Span:<nil> sc:{traceID:[0 0 0 0 0 0 0 0 0 0 0 0 0 0 0 0] spanID:[0 0 0 0 0 0 0 0] traceFlags:0 traceState:{list:[]} remote:false}}]
[2026-07-26 20:05:02.118] local.info: [1.505ms] [rows:1] SELECT * FROM `emps` WHERE `emps`.`id` = '13'
[Context] map[trace.traceContextKeyType:{Span:<nil> sc:{traceID:[0 0 0 0 0 0 0 0 0 0 0 0 0 0 0 0] spanID:[0 0 0 0 0 0 0 0] traceFlags:0 traceState:{list:[]} remote:false}}]
[2026-07-26 20:05:02.119] local.info: [0.422ms] [rows:1] SELECT `id` FROM `processes` WHERE flow_id=3 AND position=0
[Context] map[trace.traceContextKeyType:{Span:<nil> sc:{traceID:[0 0 0 0 0 0 0 0 0 0 0 0 0 0 0 0] spanID:[0 0 0 0 0 0 0 0] traceFlags:0 traceState:{list:[]} remote:false}}]
[2026-07-26 20:05:02.12] local.info: [1.221ms] [rows:1] SELECT * FROM `flowlinks` WHERE (flow_id=3 AND process_id=6) AND ((type!='Condition' OR type IS NULL)) ORDER BY sort ASC
[Context] map[trace.traceContextKeyType:{Span:<nil> sc:{traceID:[0 0 0 0 0 0 0 0 0 0 0 0 0 0 0 0] spanID:[0 0 0 0 0 0 0 0] traceFlags:0 traceState:{list:[]} remote:false}}]
[2026-07-26 20:05:02.121] local.info: [0.432ms] [rows:1] SELECT * FROM `processes` WHERE `processes`.`id` = 7
[Context] map[trace.traceContextKeyType:{Span:<nil> sc:{traceID:[0 0 0 0 0 0 0 0 0 0 0 0 0 0 0 0] spanID:[0 0 0 0 0 0 0 0] traceFlags:0 traceState:{list:[]} remote:false}}]
[2026-07-26 20:05:02.122] local.info: [0.360ms] [rows:1] SELECT * FROM `processes` WHERE `processes`.`id` = 6
[Context] map[trace.traceContextKeyType:{Span:<nil> sc:{traceID:[0 0 0 0 0 0 0 0 0 0 0 0 0 0 0 0] spanID:[0 0 0 0 0 0 0 0] traceFlags:0 traceState:{list:[]} remote:false}}]
[2026-07-26 20:05:02.122] local.info: [1.432ms] [rows:1] SELECT * FROM `flowlinks` WHERE id=6 ORDER BY `flowlinks`.`id` LIMIT 1
[Context] map[trace.traceContextKeyType:{Span:<nil> sc:{traceID:[0 0 0 0 0 0 0 0 0 0 0 0 0 0 0 0] spanID:[0 0 0 0 0 0 0 0] traceFlags:0 traceState:{list:[]} remote:false}}]
[2026-07-26 20:05:02.122] local.info: [0.328ms] [rows:1] SELECT * FROM `flows` WHERE `id` = 3
[Context] map[trace.traceContextKeyType:{Span:<nil> sc:{traceID:[0 0 0 0 0 0 0 0 0 0 0 0 0 0 0 0] spanID:[0 0 0 0 0 0 0 0] traceFlags:0 traceState:{list:[]} remote:false}}]
[2026-07-26 20:05:02.123] local.info: [0.308ms] [rows:1] SELECT * FROM `templates` WHERE id=3
[Context] map[trace.traceContextKeyType:{Span:<nil> sc:{traceID:[0 0 0 0 0 0 0 0 0 0 0 0 0 0 0 0] spanID:[0 0 0 0 0 0 0 0] traceFlags:0 traceState:{list:[]} remote:false}}]
[2026-07-26 20:05:02.123] local.info: [0.376ms] [rows:1] SELECT * FROM `templateforms` WHERE `template_id` = 3
[Context] map[trace.traceContextKeyType:{Span:<nil> sc:{traceID:[0 0 0 0 0 0 0 0 0 0 0 0 0 0 0 0] spanID:[0 0 0 0 0 0 0 0] traceFlags:0 traceState:{list:[]} remote:false}}]
[2026-07-26 20:05:02.125] local.info: [1.403ms] [rows:1] INSERT INTO `entries` (`created_at`,`updated_at`,`title`,`flow_id`,`emp_id`,`process_id`,`circle`,`status`,`pid`,`enter_process_id`,`enter_proc_id`,`child`) VALUES ('2026-07-26 20:05:02.123','2026-07-26 20:05:02.123','加签测试',3,13,0,1,0,0,0,0,0)
[Context] map[trace.traceContextKeyType:{Span:<nil> sc:{traceID:[0 0 0 0 0 0 0 0 0 0 0 0 0 0 0 0] spanID:[0 0 0 0 0 0 0 0] traceFlags:0 traceState:{list:[]} remote:false}}]
[2026-07-26 20:05:02.126] local.info: [0.330ms] [rows:1] SELECT * FROM `depts` WHERE `depts`.`id` = 5
[Context] map[trace.traceContextKeyType:{Span:<nil> sc:{traceID:[0 0 0 0 0 0 0 0 0 0 0 0 0 0 0 0] spanID:[0 0 0 0 0 0 0 0] traceFlags:0 traceState:{list:[]} remote:false}}]
[2026-07-26 20:05:02.126] local.info: [0.787ms] [rows:1] SELECT * FROM `emps` WHERE `emps`.`id` = 13
[Context] map[trace.traceContextKeyType:{Span:<nil> sc:{traceID:[0 0 0 0 0 0 0 0 0 0 0 0 0 0 0 0] spanID:[0 0 0 0 0 0 0 0] traceFlags:0 traceState:{list:[]} remote:false}}]
[2026-07-26 20:05:02.127] local.info: [0.298ms] [rows:1] SELECT * FROM `flows` WHERE `flows`.`id` = 3
[Context] map[trace.traceContextKeyType:{Span:<nil> sc:{traceID:[0 0 0 0 0 0 0 0 0 0 0 0 0 0 0 0] spanID:[0 0 0 0 0 0 0 0] traceFlags:0 traceState:{list:[]} remote:false}}]
[2026-07-26 20:05:02.127] local.info: [0.343ms] [rows:0] SELECT * FROM `procs` WHERE `procs`.`entry_id` = 4
[Context] map[trace.traceContextKeyType:{Span:<nil> sc:{traceID:[0 0 0 0 0 0 0 0 0 0 0 0 0 0 0 0] spanID:[0 0 0 0 0 0 0 0] traceFlags:0 traceState:{list:[]} remote:false}}]
[2026-07-26 20:05:02.127] local.info: [2.155ms] [rows:1] SELECT * FROM `entries` WHERE id=4
[Context] map[trace.traceContextKeyType:{Span:<nil> sc:{traceID:[0 0 0 0 0 0 0 0 0 0 0 0 0 0 0 0] spanID:[0 0 0 0 0 0 0 0] traceFlags:0 traceState:{list:[]} remote:false}}]
[2026-07-26 20:05:02.128] local.info: [1.053ms] [rows:1] INSERT INTO `entrydatas` (`created_at`,`updated_at`,`entry_id`,`flow_id`,`field_name`,`field_value`,`field_remark`) VALUES ('2026-07-26 20:05:02.127','2026-07-26 20:05:02.127',4,3,'username','加签测试','')
[Context] map[trace.traceContextKeyType:{Span:<nil> sc:{traceID:[0 0 0 0 0 0 0 0 0 0 0 0 0 0 0 0] spanID:[0 0 0 0 0 0 0 0] traceFlags:0 traceState:{list:[]} remote:false}}]
[2026-07-26 20:05:02.13] local.info: [0.735ms] [rows:1] SELECT * FROM `flowlinks` WHERE type != 'Condition' AND process_id=6 ORDER BY `flowlinks`.`id` LIMIT 1
[Context] map[trace.traceContextKeyType:{Span:<nil> sc:{traceID:[0 0 0 0 0 0 0 0 0 0 0 0 0 0 0 0] spanID:[0 0 0 0 0 0 0 0] traceFlags:0 traceState:{list:[]} remote:false}}]
[2026-07-26 20:05:02.13] local.info: [0.633ms] [rows:1] INSERT INTO `procs` (`created_at`,`updated_at`,`entry_id`,`flow_id`,`process_id`,`process_name`,`emp_id`,`auditor_id`,`auditor_name`,`auditor_dept`,`status`,`is_read`,`is_real`,`circle`,`beizhu`,`concurrence`,`unpass_target_process_id`,`emp_name`,`dept_name`) VALUES ('2026-07-26 20:05:02.13','2026-07-26 20:05:02.13',4,3,6,'开始',13,13,'市场部-销售部-员工1','市场部-销售部',9,0,true,1,'','2026-07-26 20:05:02.13',0,'市场部-销售部-员工1','市场部-销售部')
[Context] map[trace.traceContextKeyType:{Span:<nil> sc:{traceID:[0 0 0 0 0 0 0 0 0 0 0 0 0 0 0 0] spanID:[0 0 0 0 0 0 0 0] traceFlags:0 traceState:{list:[]} remote:false}}]
[2026-07-26 20:05:02.131] local.info: [0.595ms] [rows:0] SELECT * FROM `flowlinks` WHERE process_id=6 AND type='Condition' ORDER BY sort ASC
[Context] map[trace.traceContextKeyType:{Span:<nil> sc:{traceID:[0 0 0 0 0 0 0 0 0 0 0 0 0 0 0 0] spanID:[0 0 0 0 0 0 0 0] traceFlags:0 traceState:{list:[]} remote:false}}]
[2026-07-26 20:05:02.132] local.info: [0.456ms] [rows:1] SELECT * FROM `processes` WHERE `processes`.`id` = 7
[Context] map[trace.traceContextKeyType:{Span:<nil> sc:{traceID:[0 0 0 0 0 0 0 0 0 0 0 0 0 0 0 0] spanID:[0 0 0 0 0 0 0 0] traceFlags:0 traceState:{list:[]} remote:false}}]
[2026-07-26 20:05:02.132] local.info: [1.000ms] [rows:1] SELECT * FROM `flowlinks` WHERE process_id=6 AND type!='Condition' ORDER BY `flowlinks`.`id` LIMIT 1
[Context] map[trace.traceContextKeyType:{Span:<nil> sc:{traceID:[0 0 0 0 0 0 0 0 0 0 0 0 0 0 0 0] spanID:[0 0 0 0 0 0 0 0] traceFlags:0 traceState:{list:[]} remote:false}}]
[2026-07-26 20:05:02.134] local.info: [1.143ms] [rows:0] SELECT * FROM `flowlinks` WHERE type = 'Sys' AND process_id=7 ORDER BY `flowlinks`.`id` LIMIT 1
[Context] map[trace.traceContextKeyType:{Span:<nil> sc:{traceID:[0 0 0 0 0 0 0 0 0 0 0 0 0 0 0 0] spanID:[0 0 0 0 0 0 0 0] traceFlags:0 traceState:{list:[]} remote:false}}]
[2026-07-26 20:05:02.134] local.info: [0.348ms] [rows:1] SELECT * FROM `flowlinks` WHERE type = 'Emp' AND process_id=7 ORDER BY `flowlinks`.`id` LIMIT 1
[Context] map[trace.traceContextKeyType:{Span:<nil> sc:{traceID:[0 0 0 0 0 0 0 0 0 0 0 0 0 0 0 0] spanID:[0 0 0 0 0 0 0 0] traceFlags:0 traceState:{list:[]} remote:false}}]
[2026-07-26 20:05:02.134] local.info: [0.290ms] [rows:0] SELECT * FROM `flowlinks` WHERE type = 'Dept' AND process_id=7 ORDER BY `flowlinks`.`id` LIMIT 1
[Context] map[trace.traceContextKeyType:{Span:<nil> sc:{traceID:[0 0 0 0 0 0 0 0 0 0 0 0 0 0 0 0] spanID:[0 0 0 0 0 0 0 0] traceFlags:0 traceState:{list:[]} remote:false}}]
[2026-07-26 20:05:02.135] local.info: [0.302ms] [rows:1] SELECT * FROM `depts` WHERE `depts`.`id` = 4
[Context] map[trace.traceContextKeyType:{Span:<nil> sc:{traceID:[0 0 0 0 0 0 0 0 0 0 0 0 0 0 0 0] spanID:[0 0 0 0 0 0 0 0] traceFlags:0 traceState:{list:[]} remote:false}}]
[2026-07-26 20:05:02.135] local.info: [0.706ms] [rows:1] SELECT * FROM `emps` WHERE id IN (8)
[Context] map[trace.traceContextKeyType:{Span:<nil> sc:{traceID:[0 0 0 0 0 0 0 0 0 0 0 0 0 0 0 0] spanID:[0 0 0 0 0 0 0 0] traceFlags:0 traceState:{list:[]} remote:false}}]
[2026-07-26 20:05:02.136] local.info: [0.456ms] [rows:1] INSERT INTO `procs` (`created_at`,`updated_at`,`entry_id`,`flow_id`,`process_id`,`process_name`,`emp_id`,`auditor_id`,`auditor_name`,`auditor_dept`,`status`,`is_read`,`is_real`,`circle`,`beizhu`,`concurrence`,`unpass_target_process_id`,`emp_name`,`dept_name`) VALUES ('2026-07-26 20:05:02.135','2026-07-26 20:05:02.135',4,3,7,'市场部',8,0,'','',0,0,true,1,'','2026-07-26 20:05:02.135',0,'市场部-经理','市场部')
[Context] map[trace.traceContextKeyType:{Span:<nil> sc:{traceID:[0 0 0 0 0 0 0 0 0 0 0 0 0 0 0 0] spanID:[0 0 0 0 0 0 0 0] traceFlags:0 traceState:{list:[]} remote:false}}]
[2026-07-26 20:05:02.136] local.info: NotifyNextAuditor called with id=8
[2026-07-26 20:05:02.136] local.info: Calling hook: NotifyNextAuditorHook
[2026-07-26 20:05:02.136] local.info: NotifyNextAuditor通知来咯8
[2026-07-26 20:05:02.136] local.info: Hook completed: NotifyNextAuditorHook
[2026-07-26 20:05:02.136] local.info: [0.382ms] [rows:1] UPDATE `entries` SET `process_id`=7,`updated_at`='2026-07-26 20:05:02.136' WHERE id=4
[Context] map[trace.traceContextKeyType:{Span:<nil> sc:{traceID:[0 0 0 0 0 0 0 0 0 0 0 0 0 0 0 0] spanID:[0 0 0 0 0 0 0 0] traceFlags:0 traceState:{list:[]} remote:false}}]
[2026-07-26 20:05:08.952] local.info: [0.952ms] [rows:1] SELECT * FROM `emps` WHERE `emps`.`id` = '13'
[Context] map[trace.traceContextKeyType:{Span:<nil> sc:{traceID:[0 0 0 0 0 0 0 0 0 0 0 0 0 0 0 0] spanID:[0 0 0 0 0 0 0 0] traceFlags:0 traceState:{list:[]} remote:false}}]
[2026-07-26 20:05:08.953] local.info: [0.514ms] [rows:1] SELECT * FROM `emps` WHERE user_id=13
[Context] map[trace.traceContextKeyType:{Span:<nil> sc:{traceID:[0 0 0 0 0 0 0 0 0 0 0 0 0 0 0 0] spanID:[0 0 0 0 0 0 0 0] traceFlags:0 traceState:{list:[]} remote:false}}]
[2026-07-26 20:05:08.954] local.info: [0.585ms] [rows:1] SELECT count(*) FROM `depts`
[Context] map[trace.traceContextKeyType:{Span:<nil> sc:{traceID:[0 0 0 0 0 0 0 0 0 0 0 0 0 0 0 0] spanID:[0 0 0 0 0 0 0 0] traceFlags:0 traceState:{list:[]} remote:false}}]
[2026-07-26 20:05:08.954] local.info: [0.228ms] [rows:1] SELECT count(*) FROM `emps`
[Context] map[trace.traceContextKeyType:{Span:<nil> sc:{traceID:[0 0 0 0 0 0 0 0 0 0 0 0 0 0 0 0] spanID:[0 0 0 0 0 0 0 0] traceFlags:0 traceState:{list:[]} remote:false}}]
[2026-07-26 20:05:08.954] local.info: [0.365ms] [rows:1] SELECT count(*) FROM `flows`
[Context] map[trace.traceContextKeyType:{Span:<nil> sc:{traceID:[0 0 0 0 0 0 0 0 0 0 0 0 0 0 0 0] spanID:[0 0 0 0 0 0 0 0] traceFlags:0 traceState:{list:[]} remote:false}}]
[2026-07-26 20:05:08.955] local.info: [0.378ms] [rows:1] SELECT count(*) FROM `templates`
[Context] map[trace.traceContextKeyType:{Span:<nil> sc:{traceID:[0 0 0 0 0 0 0 0 0 0 0 0 0 0 0 0] spanID:[0 0 0 0 0 0 0 0] traceFlags:0 traceState:{list:[]} remote:false}}]
[2026-07-26 20:05:08.955] local.info: [0.171ms] [rows:1] SELECT count(*) FROM `entries`
[Context] map[trace.traceContextKeyType:{Span:<nil> sc:{traceID:[0 0 0 0 0 0 0 0 0 0 0 0 0 0 0 0] spanID:[0 0 0 0 0 0 0 0] traceFlags:0 traceState:{list:[]} remote:false}}]
[2026-07-26 20:05:08.956] local.info: [0.312ms] [rows:1] SELECT count(*) FROM `procs` WHERE status=0
[Context] map[trace.traceContextKeyType:{Span:<nil> sc:{traceID:[0 0 0 0 0 0 0 0 0 0 0 0 0 0 0 0] spanID:[0 0 0 0 0 0 0 0] traceFlags:0 traceState:{list:[]} remote:false}}]
[2026-07-26 20:05:08.957] local.info: [0.295ms] [rows:1] SELECT * FROM `emps` WHERE `emps`.`id` = 13
[Context] map[trace.traceContextKeyType:{Span:<nil> sc:{traceID:[0 0 0 0 0 0 0 0 0 0 0 0 0 0 0 0] spanID:[0 0 0 0 0 0 0 0] traceFlags:0 traceState:{list:[]} remote:false}}]
[2026-07-26 20:05:08.957] local.info: [0.385ms] [rows:2] SELECT * FROM `flows` WHERE `flows`.`id` IN (3,1)
[Context] map[trace.traceContextKeyType:{Span:<nil> sc:{traceID:[0 0 0 0 0 0 0 0 0 0 0 0 0 0 0 0] spanID:[0 0 0 0 0 0 0 0] traceFlags:0 traceState:{list:[]} remote:false}}]
[2026-07-26 20:05:08.958] local.info: [0.422ms] [rows:2] SELECT * FROM `processes` WHERE `processes`.`id` IN (7,2)
[Context] map[trace.traceContextKeyType:{Span:<nil> sc:{traceID:[0 0 0 0 0 0 0 0 0 0 0 0 0 0 0 0] spanID:[0 0 0 0 0 0 0 0] traceFlags:0 traceState:{list:[]} remote:false}}]
[2026-07-26 20:05:08.958] local.info: [0.475ms] [rows:1] SELECT * FROM `procs` WHERE `procs`.`entry_id` IN (4,3,2,1) ORDER BY id desc LIMIT 1
[Context] map[trace.traceContextKeyType:{Span:<nil> sc:{traceID:[0 0 0 0 0 0 0 0 0 0 0 0 0 0 0 0] spanID:[0 0 0 0 0 0 0 0] traceFlags:0 traceState:{list:[]} remote:false}}]
[2026-07-26 20:05:08.958] local.info: [2.624ms] [rows:4] SELECT * FROM `entries` WHERE emp_id=13 AND pid=0 ORDER BY id desc
[Context] map[trace.traceContextKeyType:{Span:<nil> sc:{traceID:[0 0 0 0 0 0 0 0 0 0 0 0 0 0 0 0] spanID:[0 0 0 0 0 0 0 0] traceFlags:0 traceState:{list:[]} remote:false}}]
[2026-07-26 20:05:08.959] local.info: [0.534ms] [rows:0] SELECT * FROM `procs` WHERE emp_id=13 AND status=0 ORDER BY id desc
[Context] map[trace.traceContextKeyType:{Span:<nil> sc:{traceID:[0 0 0 0 0 0 0 0 0 0 0 0 0 0 0 0] spanID:[0 0 0 0 0 0 0 0] traceFlags:0 traceState:{list:[]} remote:false}}]
[2026-07-26 20:05:08.96] local.info: [0.794ms] [rows:3] SELECT * FROM `flows` WHERE is_publish=1 AND is_show=1
[Context] map[trace.traceContextKeyType:{Span:<nil> sc:{traceID:[0 0 0 0 0 0 0 0 0 0 0 0 0 0 0 0] spanID:[0 0 0 0 0 0 0 0] traceFlags:0 traceState:{list:[]} remote:false}}]
[2026-07-26 20:05:08.962] local.info: [0.446ms] [rows:1] SELECT * FROM `emps` WHERE `emps`.`id` = 13
[Context] map[trace.traceContextKeyType:{Span:<nil> sc:{traceID:[0 0 0 0 0 0 0 0 0 0 0 0 0 0 0 0] spanID:[0 0 0 0 0 0 0 0] traceFlags:0 traceState:{list:[]} remote:false}}]
[2026-07-26 20:05:08.962] local.info: [0.511ms] [rows:4] SELECT * FROM `entries` WHERE `entries`.`id` IN (4,3,2,1)
[Context] map[trace.traceContextKeyType:{Span:<nil> sc:{traceID:[0 0 0 0 0 0 0 0 0 0 0 0 0 0 0 0] spanID:[0 0 0 0 0 0 0 0] traceFlags:0 traceState:{list:[]} remote:false}}]
[2026-07-26 20:05:08.963] local.info: [2.404ms] [rows:4] SELECT * FROM `procs` WHERE emp_id=13 AND status!=0 ORDER BY id desc
[Context] map[trace.traceContextKeyType:{Span:<nil> sc:{traceID:[0 0 0 0 0 0 0 0 0 0 0 0 0 0 0 0] spanID:[0 0 0 0 0 0 0 0] traceFlags:0 traceState:{list:[]} remote:false}}]
[2026-07-26 20:05:08.963] local.info: [0.349ms] [rows:0] SELECT * FROM `cc_records` WHERE emp_id=13 ORDER BY id desc
[Context] map[trace.traceContextKeyType:{Span:<nil> sc:{traceID:[0 0 0 0 0 0 0 0 0 0 0 0 0 0 0 0] spanID:[0 0 0 0 0 0 0 0] traceFlags:0 traceState:{list:[]} remote:false}}]
[2026-07-26 20:05:14.828] local.info: [0.562ms] [rows:1] SELECT * FROM `depts` WHERE `depts`.`id` = 5
[Context] map[trace.traceContextKeyType:{Span:<nil> sc:{traceID:[0 0 0 0 0 0 0 0 0 0 0 0 0 0 0 0] spanID:[0 0 0 0 0 0 0 0] traceFlags:0 traceState:{list:[]} remote:false}}]
[2026-07-26 20:05:14.828] local.info: [1.294ms] [rows:1] SELECT * FROM `emps` WHERE `emps`.`id` = 13
[Context] map[trace.traceContextKeyType:{Span:<nil> sc:{traceID:[0 0 0 0 0 0 0 0 0 0 0 0 0 0 0 0] spanID:[0 0 0 0 0 0 0 0] traceFlags:0 traceState:{list:[]} remote:false}}]
[2026-07-26 20:05:14.829] local.info: [0.593ms] [rows:1] SELECT * FROM `entrydatas` WHERE `entrydatas`.`entry_id` = 4
[Context] map[trace.traceContextKeyType:{Span:<nil> sc:{traceID:[0 0 0 0 0 0 0 0 0 0 0 0 0 0 0 0] spanID:[0 0 0 0 0 0 0 0] traceFlags:0 traceState:{list:[]} remote:false}}]
[2026-07-26 20:05:14.83] local.info: [0.329ms] [rows:1] SELECT * FROM `templateforms` WHERE `templateforms`.`template_id` = 3
[Context] map[trace.traceContextKeyType:{Span:<nil> sc:{traceID:[0 0 0 0 0 0 0 0 0 0 0 0 0 0 0 0] spanID:[0 0 0 0 0 0 0 0] traceFlags:0 traceState:{list:[]} remote:false}}]
[2026-07-26 20:05:14.83] local.info: [0.739ms] [rows:1] SELECT * FROM `templates` WHERE `templates`.`id` = 3
[Context] map[trace.traceContextKeyType:{Span:<nil> sc:{traceID:[0 0 0 0 0 0 0 0 0 0 0 0 0 0 0 0] spanID:[0 0 0 0 0 0 0 0] traceFlags:0 traceState:{list:[]} remote:false}}]
[2026-07-26 20:05:14.83] local.info: [1.311ms] [rows:1] SELECT * FROM `flows` WHERE `flows`.`id` = 3
[Context] map[trace.traceContextKeyType:{Span:<nil> sc:{traceID:[0 0 0 0 0 0 0 0 0 0 0 0 0 0 0 0] spanID:[0 0 0 0 0 0 0 0] traceFlags:0 traceState:{list:[]} remote:false}}]
[2026-07-26 20:05:14.831] local.info: [0.349ms] [rows:1] SELECT * FROM `processes` WHERE `processes`.`id` = 7
[Context] map[trace.traceContextKeyType:{Span:<nil> sc:{traceID:[0 0 0 0 0 0 0 0 0 0 0 0 0 0 0 0] spanID:[0 0 0 0 0 0 0 0] traceFlags:0 traceState:{list:[]} remote:false}}]
[2026-07-26 20:05:14.832] local.info: [0.492ms] [rows:2] SELECT * FROM `procs` WHERE `procs`.`entry_id` = 4 ORDER BY id asc
[Context] map[trace.traceContextKeyType:{Span:<nil> sc:{traceID:[0 0 0 0 0 0 0 0 0 0 0 0 0 0 0 0] spanID:[0 0 0 0 0 0 0 0] traceFlags:0 traceState:{list:[]} remote:false}}]
[2026-07-26 20:05:14.832] local.info: [5.732ms] [rows:1] SELECT * FROM `entries` WHERE `id` = 4
[Context] map[trace.traceContextKeyType:{Span:<nil> sc:{traceID:[0 0 0 0 0 0 0 0 0 0 0 0 0 0 0 0] spanID:[0 0 0 0 0 0 0 0] traceFlags:0 traceState:{list:[]} remote:false}}]
[2026-07-26 20:05:14.833] local.info: [1.690ms] [rows:0] SELECT * FROM `proc_comments` WHERE entry_id = 4 AND status = 1 ORDER BY id asc
[Context] map[trace.traceContextKeyType:{Span:<nil> sc:{traceID:[0 0 0 0 0 0 0 0 0 0 0 0 0 0 0 0] spanID:[0 0 0 0 0 0 0 0] traceFlags:0 traceState:{list:[]} remote:false}}]
[2026-07-26 20:05:14.834] local.info: [0.340ms] [rows:0] SELECT * FROM `entries` WHERE pid = 4
[Context] map[trace.traceContextKeyType:{Span:<nil> sc:{traceID:[0 0 0 0 0 0 0 0 0 0 0 0 0 0 0 0] spanID:[0 0 0 0 0 0 0 0] traceFlags:0 traceState:{list:[]} remote:false}}]
[2026-07-26 20:05:26.829] local.info: [1.079ms] [rows:1] SELECT * FROM `emps` WHERE `workno` = '30001'
[Context] map[trace.traceContextKeyType:{Span:<nil> sc:{traceID:[0 0 0 0 0 0 0 0 0 0 0 0 0 0 0 0] spanID:[0 0 0 0 0 0 0 0] traceFlags:0 traceState:{list:[]} remote:false}}]
[2026-07-26 20:05:26.831] local.info: [1.175ms] [rows:1] SELECT * FROM `emps` WHERE workno='30001'
[Context] map[trace.traceContextKeyType:{Span:<nil> sc:{traceID:[0 0 0 0 0 0 0 0 0 0 0 0 0 0 0 0] spanID:[0 0 0 0 0 0 0 0] traceFlags:0 traceState:{list:[]} remote:false}}]
[2026-07-26 20:05:27.16] local.info: [0.677ms] [rows:1] SELECT * FROM `emps` WHERE `emps`.`id` = '8'
[Context] map[trace.traceContextKeyType:{Span:<nil> sc:{traceID:[0 0 0 0 0 0 0 0 0 0 0 0 0 0 0 0] spanID:[0 0 0 0 0 0 0 0] traceFlags:0 traceState:{list:[]} remote:false}}]
[2026-07-26 20:05:27.161] local.info: [0.367ms] [rows:1] SELECT * FROM `emps` WHERE user_id=8
[Context] map[trace.traceContextKeyType:{Span:<nil> sc:{traceID:[0 0 0 0 0 0 0 0 0 0 0 0 0 0 0 0] spanID:[0 0 0 0 0 0 0 0] traceFlags:0 traceState:{list:[]} remote:false}}]
[2026-07-26 20:05:27.161] local.info: [0.424ms] [rows:1] SELECT count(*) FROM `depts`
[Context] map[trace.traceContextKeyType:{Span:<nil> sc:{traceID:[0 0 0 0 0 0 0 0 0 0 0 0 0 0 0 0] spanID:[0 0 0 0 0 0 0 0] traceFlags:0 traceState:{list:[]} remote:false}}]
[2026-07-26 20:05:27.161] local.info: [0.150ms] [rows:1] SELECT count(*) FROM `emps`
[Context] map[trace.traceContextKeyType:{Span:<nil> sc:{traceID:[0 0 0 0 0 0 0 0 0 0 0 0 0 0 0 0] spanID:[0 0 0 0 0 0 0 0] traceFlags:0 traceState:{list:[]} remote:false}}]
[2026-07-26 20:05:27.162] local.info: [0.349ms] [rows:1] SELECT count(*) FROM `flows`
[Context] map[trace.traceContextKeyType:{Span:<nil> sc:{traceID:[0 0 0 0 0 0 0 0 0 0 0 0 0 0 0 0] spanID:[0 0 0 0 0 0 0 0] traceFlags:0 traceState:{list:[]} remote:false}}]
[2026-07-26 20:05:27.162] local.info: [0.334ms] [rows:1] SELECT count(*) FROM `templates`
[Context] map[trace.traceContextKeyType:{Span:<nil> sc:{traceID:[0 0 0 0 0 0 0 0 0 0 0 0 0 0 0 0] spanID:[0 0 0 0 0 0 0 0] traceFlags:0 traceState:{list:[]} remote:false}}]
[2026-07-26 20:05:27.163] local.info: [0.191ms] [rows:1] SELECT count(*) FROM `entries`
[Context] map[trace.traceContextKeyType:{Span:<nil> sc:{traceID:[0 0 0 0 0 0 0 0 0 0 0 0 0 0 0 0] spanID:[0 0 0 0 0 0 0 0] traceFlags:0 traceState:{list:[]} remote:false}}]
[2026-07-26 20:05:27.163] local.info: [0.335ms] [rows:1] SELECT count(*) FROM `procs` WHERE status=0
[Context] map[trace.traceContextKeyType:{Span:<nil> sc:{traceID:[0 0 0 0 0 0 0 0 0 0 0 0 0 0 0 0] spanID:[0 0 0 0 0 0 0 0] traceFlags:0 traceState:{list:[]} remote:false}}]
[2026-07-26 20:05:27.163] local.info: [0.375ms] [rows:0] SELECT * FROM `entries` WHERE emp_id=8 AND pid=0 ORDER BY id desc
[Context] map[trace.traceContextKeyType:{Span:<nil> sc:{traceID:[0 0 0 0 0 0 0 0 0 0 0 0 0 0 0 0] spanID:[0 0 0 0 0 0 0 0] traceFlags:0 traceState:{list:[]} remote:false}}]
[2026-07-26 20:05:27.164] local.info: [0.307ms] [rows:1] SELECT * FROM `emps` WHERE `emps`.`id` = 8
[Context] map[trace.traceContextKeyType:{Span:<nil> sc:{traceID:[0 0 0 0 0 0 0 0 0 0 0 0 0 0 0 0] spanID:[0 0 0 0 0 0 0 0] traceFlags:0 traceState:{list:[]} remote:false}}]
[2026-07-26 20:05:27.167] local.info: [0.695ms] [rows:1] SELECT * FROM `emps` WHERE `emps`.`id` = 13
[Context] map[trace.traceContextKeyType:{Span:<nil> sc:{traceID:[0 0 0 0 0 0 0 0 0 0 0 0 0 0 0 0] spanID:[0 0 0 0 0 0 0 0] traceFlags:0 traceState:{list:[]} remote:false}}]
[2026-07-26 20:05:27.167] local.info: [2.721ms] [rows:1] SELECT * FROM `entries` WHERE `entries`.`id` = 4
[Context] map[trace.traceContextKeyType:{Span:<nil> sc:{traceID:[0 0 0 0 0 0 0 0 0 0 0 0 0 0 0 0] spanID:[0 0 0 0 0 0 0 0] traceFlags:0 traceState:{list:[]} remote:false}}]
[2026-07-26 20:05:27.167] local.info: [3.604ms] [rows:1] SELECT * FROM `procs` WHERE emp_id=8 AND status=0 ORDER BY id desc
[Context] map[trace.traceContextKeyType:{Span:<nil> sc:{traceID:[0 0 0 0 0 0 0 0 0 0 0 0 0 0 0 0] spanID:[0 0 0 0 0 0 0 0] traceFlags:0 traceState:{list:[]} remote:false}}]
[2026-07-26 20:05:27.168] local.info: [0.608ms] [rows:3] SELECT * FROM `flows` WHERE is_publish=1 AND is_show=1
[Context] map[trace.traceContextKeyType:{Span:<nil> sc:{traceID:[0 0 0 0 0 0 0 0 0 0 0 0 0 0 0 0] spanID:[0 0 0 0 0 0 0 0] traceFlags:0 traceState:{list:[]} remote:false}}]
[2026-07-26 20:05:27.168] local.info: [0.443ms] [rows:0] SELECT * FROM `procs` WHERE emp_id=8 AND status!=0 ORDER BY id desc
[Context] map[trace.traceContextKeyType:{Span:<nil> sc:{traceID:[0 0 0 0 0 0 0 0 0 0 0 0 0 0 0 0] spanID:[0 0 0 0 0 0 0 0] traceFlags:0 traceState:{list:[]} remote:false}}]
[2026-07-26 20:05:27.169] local.info: [0.407ms] [rows:0] SELECT * FROM `cc_records` WHERE emp_id=8 ORDER BY id desc
[Context] map[trace.traceContextKeyType:{Span:<nil> sc:{traceID:[0 0 0 0 0 0 0 0 0 0 0 0 0 0 0 0] spanID:[0 0 0 0 0 0 0 0] traceFlags:0 traceState:{list:[]} remote:false}}]
[2026-07-26 20:05:28.688] local.info: [0.565ms] [rows:1] SELECT * FROM `templateforms` WHERE `templateforms`.`template_id` = 3
[Context] map[trace.traceContextKeyType:{Span:<nil> sc:{traceID:[0 0 0 0 0 0 0 0 0 0 0 0 0 0 0 0] spanID:[0 0 0 0 0 0 0 0] traceFlags:0 traceState:{list:[]} remote:false}}]
[2026-07-26 20:05:28.688] local.info: [1.324ms] [rows:1] SELECT * FROM `templates` WHERE `templates`.`id` = 3
[Context] map[trace.traceContextKeyType:{Span:<nil> sc:{traceID:[0 0 0 0 0 0 0 0 0 0 0 0 0 0 0 0] spanID:[0 0 0 0 0 0 0 0] traceFlags:0 traceState:{list:[]} remote:false}}]
[2026-07-26 20:05:28.688] local.info: [2.328ms] [rows:1] SELECT * FROM `flows` WHERE `id` = 3
[Context] map[trace.traceContextKeyType:{Span:<nil> sc:{traceID:[0 0 0 0 0 0 0 0 0 0 0 0 0 0 0 0] spanID:[0 0 0 0 0 0 0 0] traceFlags:0 traceState:{list:[]} remote:false}}]
[2026-07-26 20:05:28.698] local.info: [0.931ms] [rows:1] SELECT * FROM `entries` WHERE id=4
[Context] map[trace.traceContextKeyType:{Span:<nil> sc:{traceID:[0 0 0 0 0 0 0 0 0 0 0 0 0 0 0 0] spanID:[0 0 0 0 0 0 0 0] traceFlags:0 traceState:{list:[]} remote:false}}]
[2026-07-26 20:05:28.699] local.info: [0.432ms] [rows:1] SELECT * FROM `entrydatas` WHERE entry_id=4 OR entry_id=0
[Context] map[trace.traceContextKeyType:{Span:<nil> sc:{traceID:[0 0 0 0 0 0 0 0 0 0 0 0 0 0 0 0] spanID:[0 0 0 0 0 0 0 0] traceFlags:0 traceState:{list:[]} remote:false}}]
[2026-07-26 20:05:28.699] local.info: [0.402ms] [rows:0] SELECT * FROM `flowlinks` WHERE next_process_id=7 AND type='Condition'
[Context] map[trace.traceContextKeyType:{Span:<nil> sc:{traceID:[0 0 0 0 0 0 0 0 0 0 0 0 0 0 0 0] spanID:[0 0 0 0 0 0 0 0] traceFlags:0 traceState:{list:[]} remote:false}}]
[2026-07-26 20:05:28.7] local.error: [0.822ms] [rows:0] SELECT * FROM `plugin_configs` WHERE process_id=0	Error 1146 (42S02): Table 'workflow_test.plugin_configs' doesn't exist
[Context] map[trace.traceContextKeyType:{Span:<nil> sc:{traceID:[0 0 0 0 0 0 0 0 0 0 0 0 0 0 0 0] spanID:[0 0 0 0 0 0 0 0] traceFlags:0 traceState:{list:[]} remote:false}}]
[Trace] /Users/mac/go/pkg/mod/github.com/goravel/framework@v1.18.0/log/writer.go:209 [log.(*Writer).withStackTrace]
/Users/mac/go/pkg/mod/github.com/goravel/framework@v1.18.0/log/writer.go:65 [log.(*Writer).Errorf]
/Users/mac/go/pkg/mod/github.com/goravel/framework@v1.18.0/database/db/logger.go:79 [db.(*Logger).Errorf]
/Users/mac/go/pkg/mod/github.com/goravel/framework@v1.18.0/database/db/logger.go:102 [db.(*Logger).Trace]
/Users/mac/go/pkg/mod/github.com/goravel/framework@v1.18.0/database/db/logger.go:153 [db.(*Gorm).Trace]
/Users/mac/go/pkg/mod/gorm.io/gorm@v1.31.2/callbacks.go:140 [gorm.(*processor).Execute]
/Users/mac/go/pkg/mod/gorm.io/gorm@v1.31.2/finisher_api.go:182 [gorm.(*DB).Find]
/Users/mac/go/pkg/mod/github.com/goravel/framework@v1.18.0/database/gorm/query.go:278 [gorm.(*Query).Find]
/Users/mac/code/Sites/goland/workflow_test/packages/goravel-workflow/controllers/entry_controller.go:135 [controllers.(*EntryController).EntryData]
/Users/mac/go/pkg/mod/github.com/goravel/gin@v1.18.0/utils.go:37 [gin.handlerToGinHandler.func1]
/Users/mac/go/pkg/mod/github.com/gin-gonic/gin@v1.12.0/context.go:192 [gin.(*Context).Next]
/Users/mac/go/pkg/mod/github.com/goravel/gin@v1.18.0/context_request.go:233 [gin.(*ContextRequest).Next]
/Users/mac/go/pkg/mod/github.com/goravel/gin@v1.18.0/context_response.go:164 [gin.(*responseMiddleware).Handle]
/Users/mac/go/pkg/mod/github.com/goravel/gin@v1.18.0/utils.go:66 [gin.middlewareToGinHandler.func1]
/Users/mac/go/pkg/mod/github.com/gin-gonic/gin@v1.12.0/context.go:192 [gin.(*Context).Next]
/Users/mac/go/pkg/mod/github.com/goravel/gin@v1.18.0/context_request.go:233 [gin.(*ContextRequest).Next]
/Users/mac/code/Sites/goland/workflow_test/packages/goravel-workflow/middleware/jwt.go:34 [middleware.(*Jwt).Handle]
/Users/mac/go/pkg/mod/github.com/goravel/gin@v1.18.0/utils.go:66 [gin.middlewareToGinHandler.func1]
/Users/mac/go/pkg/mod/github.com/gin-gonic/gin@v1.12.0/context.go:192 [gin.(*Context).Next]
/Users/mac/go/pkg/mod/github.com/goravel/gin@v1.18.0/context_request.go:233 [gin.(*ContextRequest).Next]
/Users/mac/go/pkg/mod/github.com/goravel/framework@v1.18.0/http/middleware/check_for_maintenance_mode.go:34 [middleware.(*maintenanceMode).Handle]
/Users/mac/go/pkg/mod/github.com/goravel/gin@v1.18.0/utils.go:66 [gin.middlewareToGinHandler.func1]
/Users/mac/go/pkg/mod/github.com/gin-gonic/gin@v1.12.0/context.go:192 [gin.(*Context).Next]
/Users/mac/go/pkg/mod/github.com/goravel/gin@v1.18.0/context_request.go:233 [gin.(*ContextRequest).Next]
/Users/mac/go/pkg/mod/github.com/goravel/gin@v1.18.0/middleware_tls.go:23 [gin.(*TlsMiddleware).Handle]
/Users/mac/go/pkg/mod/github.com/goravel/gin@v1.18.0/utils.go:66 [gin.middlewareToGinHandler.func1]
/Users/mac/go/pkg/mod/github.com/gin-gonic/gin@v1.12.0/context.go:192 [gin.(*Context).Next]
/Users/mac/go/pkg/mod/github.com/goravel/gin@v1.18.0/context_request.go:233 [gin.(*ContextRequest).Next]
/Users/mac/go/pkg/mod/github.com/goravel/gin@v1.18.0/middleware_cors.go:42 [gin.(*CorsMiddleware).Handle]
/Users/mac/go/pkg/mod/github.com/goravel/gin@v1.18.0/utils.go:66 [gin.middlewareToGinHandler.func1]
/Users/mac/go/pkg/mod/github.com/gin-gonic/gin@v1.12.0/context.go:192 [gin.(*Context).Next]
[2026-07-26 20:05:28.706] local.info: [0.470ms] [rows:0] SELECT * FROM `proc_comments` WHERE entry_id=4 AND status=1 ORDER BY id asc
[Context] map[trace.traceContextKeyType:{Span:<nil> sc:{traceID:[0 0 0 0 0 0 0 0 0 0 0 0 0 0 0 0] spanID:[0 0 0 0 0 0 0 0] traceFlags:0 traceState:{list:[]} remote:false}}]
[2026-07-26 20:05:34.287] local.info: [0.816ms] [rows:0] SELECT * FROM `emps` WHERE name like '%d''f%' OR workno like '%d''f%'
[Context] map[trace.traceContextKeyType:{Span:<nil> sc:{traceID:[0 0 0 0 0 0 0 0 0 0 0 0 0 0 0 0] spanID:[0 0 0 0 0 0 0 0] traceFlags:0 traceState:{list:[]} remote:false}}]
[2026-07-26 20:05:34.628] local.info: [1.197ms] [rows:0] SELECT * FROM `emps` WHERE name like '%地方%' OR workno like '%地方%'
[Context] map[trace.traceContextKeyType:{Span:<nil> sc:{traceID:[0 0 0 0 0 0 0 0 0 0 0 0 0 0 0 0] spanID:[0 0 0 0 0 0 0 0] traceFlags:0 traceState:{list:[]} remote:false}}]
[2026-07-26 20:05:35.644] local.info: [1.269ms] [rows:16] SELECT * FROM `emps` WHERE name like '%%' OR workno like '%%'
[Context] map[trace.traceContextKeyType:{Span:<nil> sc:{traceID:[0 0 0 0 0 0 0 0 0 0 0 0 0 0 0 0] spanID:[0 0 0 0 0 0 0 0] traceFlags:0 traceState:{list:[]} remote:false}}]
[2026-07-26 20:05:46.529] local.info: [0.746ms] [rows:0] SELECT * FROM `emps` WHERE name like '%d%' OR workno like '%d%'
[Context] map[trace.traceContextKeyType:{Span:<nil> sc:{traceID:[0 0 0 0 0 0 0 0 0 0 0 0 0 0 0 0] spanID:[0 0 0 0 0 0 0 0] traceFlags:0 traceState:{list:[]} remote:false}}]
[2026-07-26 20:05:47.253] local.info: [1.296ms] [rows:0] SELECT * FROM `emps` WHERE name like '%的%' OR workno like '%的%'
[Context] map[trace.traceContextKeyType:{Span:<nil> sc:{traceID:[0 0 0 0 0 0 0 0 0 0 0 0 0 0 0 0] spanID:[0 0 0 0 0 0 0 0] traceFlags:0 traceState:{list:[]} remote:false}}]
[2026-07-26 20:05:47.73] local.info: [1.273ms] [rows:16] SELECT * FROM `emps` WHERE name like '%%' OR workno like '%%'
[Context] map[trace.traceContextKeyType:{Span:<nil> sc:{traceID:[0 0 0 0 0 0 0 0 0 0 0 0 0 0 0 0] spanID:[0 0 0 0 0 0 0 0] traceFlags:0 traceState:{list:[]} remote:false}}]
[2026-07-26 20:05:51.093] local.info: [1.246ms] [rows:0] SELECT * FROM `emps` WHERE name like '%ji''shu%' OR workno like '%ji''shu%'
[Context] map[trace.traceContextKeyType:{Span:<nil> sc:{traceID:[0 0 0 0 0 0 0 0 0 0 0 0 0 0 0 0] spanID:[0 0 0 0 0 0 0 0] traceFlags:0 traceState:{list:[]} remote:false}}]
[2026-07-26 20:05:51.465] local.info: [0.970ms] [rows:3] SELECT * FROM `emps` WHERE name like '%技术%' OR workno like '%技术%'
[Context] map[trace.traceContextKeyType:{Span:<nil> sc:{traceID:[0 0 0 0 0 0 0 0 0 0 0 0 0 0 0 0] spanID:[0 0 0 0 0 0 0 0] traceFlags:0 traceState:{list:[]} remote:false}}]
[2026-07-26 20:05:54.625] local.info: [1.747ms] [rows:16] SELECT * FROM `emps` WHERE name like '%%' OR workno like '%%'
[Context] map[trace.traceContextKeyType:{Span:<nil> sc:{traceID:[0 0 0 0 0 0 0 0 0 0 0 0 0 0 0 0] spanID:[0 0 0 0 0 0 0 0] traceFlags:0 traceState:{list:[]} remote:false}}]
[2026-07-26 20:08:19.347] local.info: [0.502ms] [rows:1] SELECT * FROM `templateforms` WHERE `templateforms`.`template_id` = 3
[Context] map[trace.traceContextKeyType:{Span:<nil> sc:{traceID:[0 0 0 0 0 0 0 0 0 0 0 0 0 0 0 0] spanID:[0 0 0 0 0 0 0 0] traceFlags:0 traceState:{list:[]} remote:false}}]
[2026-07-26 20:08:19.347] local.info: [1.363ms] [rows:1] SELECT * FROM `templates` WHERE `templates`.`id` = 3
[Context] map[trace.traceContextKeyType:{Span:<nil> sc:{traceID:[0 0 0 0 0 0 0 0 0 0 0 0 0 0 0 0] spanID:[0 0 0 0 0 0 0 0] traceFlags:0 traceState:{list:[]} remote:false}}]
[2026-07-26 20:08:19.347] local.info: [5.125ms] [rows:1] SELECT * FROM `flows` WHERE `id` = 3
[Context] map[trace.traceContextKeyType:{Span:<nil> sc:{traceID:[0 0 0 0 0 0 0 0 0 0 0 0 0 0 0 0] spanID:[0 0 0 0 0 0 0 0] traceFlags:0 traceState:{list:[]} remote:false}}]
[2026-07-26 20:08:19.367] local.info: [2.327ms] [rows:1] SELECT * FROM `entries` WHERE id=4
[Context] map[trace.traceContextKeyType:{Span:<nil> sc:{traceID:[0 0 0 0 0 0 0 0 0 0 0 0 0 0 0 0] spanID:[0 0 0 0 0 0 0 0] traceFlags:0 traceState:{list:[]} remote:false}}]
[2026-07-26 20:08:19.367] local.info: [0.524ms] [rows:1] SELECT * FROM `entrydatas` WHERE entry_id=4 OR entry_id=0
[Context] map[trace.traceContextKeyType:{Span:<nil> sc:{traceID:[0 0 0 0 0 0 0 0 0 0 0 0 0 0 0 0] spanID:[0 0 0 0 0 0 0 0] traceFlags:0 traceState:{list:[]} remote:false}}]
[2026-07-26 20:08:19.368] local.info: [0.894ms] [rows:0] SELECT * FROM `flowlinks` WHERE next_process_id=7 AND type='Condition'
[Context] map[trace.traceContextKeyType:{Span:<nil> sc:{traceID:[0 0 0 0 0 0 0 0 0 0 0 0 0 0 0 0] spanID:[0 0 0 0 0 0 0 0] traceFlags:0 traceState:{list:[]} remote:false}}]
[2026-07-26 20:08:19.37] local.error: [0.908ms] [rows:0] SELECT * FROM `plugin_configs` WHERE process_id=0	Error 1146 (42S02): Table 'workflow_test.plugin_configs' doesn't exist
[Context] map[trace.traceContextKeyType:{Span:<nil> sc:{traceID:[0 0 0 0 0 0 0 0 0 0 0 0 0 0 0 0] spanID:[0 0 0 0 0 0 0 0] traceFlags:0 traceState:{list:[]} remote:false}}]
[Trace] /Users/mac/go/pkg/mod/github.com/goravel/framework@v1.18.0/log/writer.go:209 [log.(*Writer).withStackTrace]
/Users/mac/go/pkg/mod/github.com/goravel/framework@v1.18.0/log/writer.go:65 [log.(*Writer).Errorf]
/Users/mac/go/pkg/mod/github.com/goravel/framework@v1.18.0/database/db/logger.go:79 [db.(*Logger).Errorf]
/Users/mac/go/pkg/mod/github.com/goravel/framework@v1.18.0/database/db/logger.go:102 [db.(*Logger).Trace]
/Users/mac/go/pkg/mod/github.com/goravel/framework@v1.18.0/database/db/logger.go:153 [db.(*Gorm).Trace]
/Users/mac/go/pkg/mod/gorm.io/gorm@v1.31.2/callbacks.go:140 [gorm.(*processor).Execute]
/Users/mac/go/pkg/mod/gorm.io/gorm@v1.31.2/finisher_api.go:182 [gorm.(*DB).Find]
/Users/mac/go/pkg/mod/github.com/goravel/framework@v1.18.0/database/gorm/query.go:278 [gorm.(*Query).Find]
/Users/mac/code/Sites/goland/workflow_test/packages/goravel-workflow/controllers/entry_controller.go:135 [controllers.(*EntryController).EntryData]
/Users/mac/go/pkg/mod/github.com/goravel/gin@v1.18.0/utils.go:37 [gin.handlerToGinHandler.func1]
/Users/mac/go/pkg/mod/github.com/gin-gonic/gin@v1.12.0/context.go:192 [gin.(*Context).Next]
/Users/mac/go/pkg/mod/github.com/goravel/gin@v1.18.0/context_request.go:233 [gin.(*ContextRequest).Next]
/Users/mac/go/pkg/mod/github.com/goravel/gin@v1.18.0/context_response.go:164 [gin.(*responseMiddleware).Handle]
/Users/mac/go/pkg/mod/github.com/goravel/gin@v1.18.0/utils.go:66 [gin.middlewareToGinHandler.func1]
/Users/mac/go/pkg/mod/github.com/gin-gonic/gin@v1.12.0/context.go:192 [gin.(*Context).Next]
/Users/mac/go/pkg/mod/github.com/goravel/gin@v1.18.0/context_request.go:233 [gin.(*ContextRequest).Next]
/Users/mac/code/Sites/goland/workflow_test/packages/goravel-workflow/middleware/jwt.go:34 [middleware.(*Jwt).Handle]
/Users/mac/go/pkg/mod/github.com/goravel/gin@v1.18.0/utils.go:66 [gin.middlewareToGinHandler.func1]
/Users/mac/go/pkg/mod/github.com/gin-gonic/gin@v1.12.0/context.go:192 [gin.(*Context).Next]
/Users/mac/go/pkg/mod/github.com/goravel/gin@v1.18.0/context_request.go:233 [gin.(*ContextRequest).Next]
/Users/mac/go/pkg/mod/github.com/goravel/framework@v1.18.0/http/middleware/check_for_maintenance_mode.go:34 [middleware.(*maintenanceMode).Handle]
/Users/mac/go/pkg/mod/github.com/goravel/gin@v1.18.0/utils.go:66 [gin.middlewareToGinHandler.func1]
/Users/mac/go/pkg/mod/github.com/gin-gonic/gin@v1.12.0/context.go:192 [gin.(*Context).Next]
/Users/mac/go/pkg/mod/github.com/goravel/gin@v1.18.0/context_request.go:233 [gin.(*ContextRequest).Next]
/Users/mac/go/pkg/mod/github.com/goravel/gin@v1.18.0/middleware_tls.go:23 [gin.(*TlsMiddleware).Handle]
/Users/mac/go/pkg/mod/github.com/goravel/gin@v1.18.0/utils.go:66 [gin.middlewareToGinHandler.func1]
/Users/mac/go/pkg/mod/github.com/gin-gonic/gin@v1.12.0/context.go:192 [gin.(*Context).Next]
/Users/mac/go/pkg/mod/github.com/goravel/gin@v1.18.0/context_request.go:233 [gin.(*ContextRequest).Next]
/Users/mac/go/pkg/mod/github.com/goravel/gin@v1.18.0/middleware_cors.go:42 [gin.(*CorsMiddleware).Handle]
/Users/mac/go/pkg/mod/github.com/goravel/gin@v1.18.0/utils.go:66 [gin.middlewareToGinHandler.func1]
/Users/mac/go/pkg/mod/github.com/gin-gonic/gin@v1.12.0/context.go:192 [gin.(*Context).Next]
[2026-07-26 20:08:19.394] local.info: [1.204ms] [rows:0] SELECT * FROM `proc_comments` WHERE entry_id=4 AND status=1 ORDER BY id asc
[Context] map[trace.traceContextKeyType:{Span:<nil> sc:{traceID:[0 0 0 0 0 0 0 0 0 0 0 0 0 0 0 0] spanID:[0 0 0 0 0 0 0 0] traceFlags:0 traceState:{list:[]} remote:false}}]
[2026-07-26 20:08:23.603] local.error: [0.443ms] [rows:-] SELECT name as label,value as id FROM `emps` WHERE name like '%shi%' OR workno like '%shi%'	Error 1054 (42S22): Unknown column 'value' in 'field list'
[Context] map[trace.traceContextKeyType:{Span:<nil> sc:{traceID:[0 0 0 0 0 0 0 0 0 0 0 0 0 0 0 0] spanID:[0 0 0 0 0 0 0 0] traceFlags:0 traceState:{list:[]} remote:false}}]
[Trace] /Users/mac/go/pkg/mod/github.com/goravel/framework@v1.18.0/log/writer.go:209 [log.(*Writer).withStackTrace]
/Users/mac/go/pkg/mod/github.com/goravel/framework@v1.18.0/log/writer.go:65 [log.(*Writer).Errorf]
/Users/mac/go/pkg/mod/github.com/goravel/framework@v1.18.0/database/db/logger.go:79 [db.(*Logger).Errorf]
/Users/mac/go/pkg/mod/github.com/goravel/framework@v1.18.0/database/db/logger.go:100 [db.(*Logger).Trace]
/Users/mac/go/pkg/mod/github.com/goravel/framework@v1.18.0/database/db/logger.go:153 [db.(*Gorm).Trace]
/Users/mac/go/pkg/mod/gorm.io/gorm@v1.31.2/finisher_api.go:560 [gorm.(*DB).Scan]
/Users/mac/go/pkg/mod/github.com/goravel/framework@v1.18.0/database/gorm/query.go:778 [gorm.(*Query).Scan]
/Users/mac/code/Sites/goland/workflow_test/packages/goravel-workflow/controllers/emp_controller.go:57 [controllers.(*EmpController).Search]
/Users/mac/go/pkg/mod/github.com/goravel/gin@v1.18.0/utils.go:37 [gin.handlerToGinHandler.func1]
/Users/mac/go/pkg/mod/github.com/gin-gonic/gin@v1.12.0/context.go:192 [gin.(*Context).Next]
/Users/mac/go/pkg/mod/github.com/goravel/gin@v1.18.0/context_request.go:233 [gin.(*ContextRequest).Next]
/Users/mac/go/pkg/mod/github.com/goravel/gin@v1.18.0/context_response.go:164 [gin.(*responseMiddleware).Handle]
/Users/mac/go/pkg/mod/github.com/goravel/gin@v1.18.0/utils.go:66 [gin.middlewareToGinHandler.func1]
/Users/mac/go/pkg/mod/github.com/gin-gonic/gin@v1.12.0/context.go:192 [gin.(*Context).Next]
/Users/mac/go/pkg/mod/github.com/goravel/gin@v1.18.0/context_request.go:233 [gin.(*ContextRequest).Next]
/Users/mac/code/Sites/goland/workflow_test/packages/goravel-workflow/middleware/jwt.go:34 [middleware.(*Jwt).Handle]
/Users/mac/go/pkg/mod/github.com/goravel/gin@v1.18.0/utils.go:66 [gin.middlewareToGinHandler.func1]
/Users/mac/go/pkg/mod/github.com/gin-gonic/gin@v1.12.0/context.go:192 [gin.(*Context).Next]
/Users/mac/go/pkg/mod/github.com/goravel/gin@v1.18.0/context_request.go:233 [gin.(*ContextRequest).Next]
/Users/mac/go/pkg/mod/github.com/goravel/framework@v1.18.0/http/middleware/check_for_maintenance_mode.go:34 [middleware.(*maintenanceMode).Handle]
/Users/mac/go/pkg/mod/github.com/goravel/gin@v1.18.0/utils.go:66 [gin.middlewareToGinHandler.func1]
/Users/mac/go/pkg/mod/github.com/gin-gonic/gin@v1.12.0/context.go:192 [gin.(*Context).Next]
/Users/mac/go/pkg/mod/github.com/goravel/gin@v1.18.0/context_request.go:233 [gin.(*ContextRequest).Next]
/Users/mac/go/pkg/mod/github.com/goravel/gin@v1.18.0/middleware_tls.go:23 [gin.(*TlsMiddleware).Handle]
/Users/mac/go/pkg/mod/github.com/goravel/gin@v1.18.0/utils.go:66 [gin.middlewareToGinHandler.func1]
/Users/mac/go/pkg/mod/github.com/gin-gonic/gin@v1.12.0/context.go:192 [gin.(*Context).Next]
/Users/mac/go/pkg/mod/github.com/goravel/gin@v1.18.0/context_request.go:233 [gin.(*ContextRequest).Next]
/Users/mac/go/pkg/mod/github.com/goravel/gin@v1.18.0/middleware_cors.go:42 [gin.(*CorsMiddleware).Handle]
/Users/mac/go/pkg/mod/github.com/goravel/gin@v1.18.0/utils.go:66 [gin.middlewareToGinHandler.func1]
/Users/mac/go/pkg/mod/github.com/gin-gonic/gin@v1.12.0/context.go:192 [gin.(*Context).Next]
[2026-07-26 20:08:24.486] local.error: [0.718ms] [rows:-] SELECT name as label,value as id FROM `emps` WHERE name like '%时长%' OR workno like '%时长%'	Error 1054 (42S22): Unknown column 'value' in 'field list'
[Context] map[trace.traceContextKeyType:{Span:<nil> sc:{traceID:[0 0 0 0 0 0 0 0 0 0 0 0 0 0 0 0] spanID:[0 0 0 0 0 0 0 0] traceFlags:0 traceState:{list:[]} remote:false}}]
[Trace] /Users/mac/go/pkg/mod/github.com/goravel/framework@v1.18.0/log/writer.go:209 [log.(*Writer).withStackTrace]
/Users/mac/go/pkg/mod/github.com/goravel/framework@v1.18.0/log/writer.go:65 [log.(*Writer).Errorf]
/Users/mac/go/pkg/mod/github.com/goravel/framework@v1.18.0/database/db/logger.go:79 [db.(*Logger).Errorf]
/Users/mac/go/pkg/mod/github.com/goravel/framework@v1.18.0/database/db/logger.go:100 [db.(*Logger).Trace]
/Users/mac/go/pkg/mod/github.com/goravel/framework@v1.18.0/database/db/logger.go:153 [db.(*Gorm).Trace]
/Users/mac/go/pkg/mod/gorm.io/gorm@v1.31.2/finisher_api.go:560 [gorm.(*DB).Scan]
/Users/mac/go/pkg/mod/github.com/goravel/framework@v1.18.0/database/gorm/query.go:778 [gorm.(*Query).Scan]
/Users/mac/code/Sites/goland/workflow_test/packages/goravel-workflow/controllers/emp_controller.go:57 [controllers.(*EmpController).Search]
/Users/mac/go/pkg/mod/github.com/goravel/gin@v1.18.0/utils.go:37 [gin.handlerToGinHandler.func1]
/Users/mac/go/pkg/mod/github.com/gin-gonic/gin@v1.12.0/context.go:192 [gin.(*Context).Next]
/Users/mac/go/pkg/mod/github.com/goravel/gin@v1.18.0/context_request.go:233 [gin.(*ContextRequest).Next]
/Users/mac/go/pkg/mod/github.com/goravel/gin@v1.18.0/context_response.go:164 [gin.(*responseMiddleware).Handle]
/Users/mac/go/pkg/mod/github.com/goravel/gin@v1.18.0/utils.go:66 [gin.middlewareToGinHandler.func1]
/Users/mac/go/pkg/mod/github.com/gin-gonic/gin@v1.12.0/context.go:192 [gin.(*Context).Next]
/Users/mac/go/pkg/mod/github.com/goravel/gin@v1.18.0/context_request.go:233 [gin.(*ContextRequest).Next]
/Users/mac/code/Sites/goland/workflow_test/packages/goravel-workflow/middleware/jwt.go:34 [middleware.(*Jwt).Handle]
/Users/mac/go/pkg/mod/github.com/goravel/gin@v1.18.0/utils.go:66 [gin.middlewareToGinHandler.func1]
/Users/mac/go/pkg/mod/github.com/gin-gonic/gin@v1.12.0/context.go:192 [gin.(*Context).Next]
/Users/mac/go/pkg/mod/github.com/goravel/gin@v1.18.0/context_request.go:233 [gin.(*ContextRequest).Next]
/Users/mac/go/pkg/mod/github.com/goravel/framework@v1.18.0/http/middleware/check_for_maintenance_mode.go:34 [middleware.(*maintenanceMode).Handle]
/Users/mac/go/pkg/mod/github.com/goravel/gin@v1.18.0/utils.go:66 [gin.middlewareToGinHandler.func1]
/Users/mac/go/pkg/mod/github.com/gin-gonic/gin@v1.12.0/context.go:192 [gin.(*Context).Next]
/Users/mac/go/pkg/mod/github.com/goravel/gin@v1.18.0/context_request.go:233 [gin.(*ContextRequest).Next]
/Users/mac/go/pkg/mod/github.com/goravel/gin@v1.18.0/middleware_tls.go:23 [gin.(*TlsMiddleware).Handle]
/Users/mac/go/pkg/mod/github.com/goravel/gin@v1.18.0/utils.go:66 [gin.middlewareToGinHandler.func1]
/Users/mac/go/pkg/mod/github.com/gin-gonic/gin@v1.12.0/context.go:192 [gin.(*Context).Next]
/Users/mac/go/pkg/mod/github.com/goravel/gin@v1.18.0/context_request.go:233 [gin.(*ContextRequest).Next]
/Users/mac/go/pkg/mod/github.com/goravel/gin@v1.18.0/middleware_cors.go:42 [gin.(*CorsMiddleware).Handle]
/Users/mac/go/pkg/mod/github.com/goravel/gin@v1.18.0/utils.go:66 [gin.middlewareToGinHandler.func1]
/Users/mac/go/pkg/mod/github.com/gin-gonic/gin@v1.12.0/context.go:192 [gin.(*Context).Next]
[2026-07-26 20:08:25.145] local.error: [0.772ms] [rows:-] SELECT name as label,value as id FROM `emps` WHERE name like '%%' OR workno like '%%'	Error 1054 (42S22): Unknown column 'value' in 'field list'
[Context] map[trace.traceContextKeyType:{Span:<nil> sc:{traceID:[0 0 0 0 0 0 0 0 0 0 0 0 0 0 0 0] spanID:[0 0 0 0 0 0 0 0] traceFlags:0 traceState:{list:[]} remote:false}}]
[Trace] /Users/mac/go/pkg/mod/github.com/goravel/framework@v1.18.0/log/writer.go:209 [log.(*Writer).withStackTrace]
/Users/mac/go/pkg/mod/github.com/goravel/framework@v1.18.0/log/writer.go:65 [log.(*Writer).Errorf]
/Users/mac/go/pkg/mod/github.com/goravel/framework@v1.18.0/database/db/logger.go:79 [db.(*Logger).Errorf]
/Users/mac/go/pkg/mod/github.com/goravel/framework@v1.18.0/database/db/logger.go:100 [db.(*Logger).Trace]
/Users/mac/go/pkg/mod/github.com/goravel/framework@v1.18.0/database/db/logger.go:153 [db.(*Gorm).Trace]
/Users/mac/go/pkg/mod/gorm.io/gorm@v1.31.2/finisher_api.go:560 [gorm.(*DB).Scan]
/Users/mac/go/pkg/mod/github.com/goravel/framework@v1.18.0/database/gorm/query.go:778 [gorm.(*Query).Scan]
/Users/mac/code/Sites/goland/workflow_test/packages/goravel-workflow/controllers/emp_controller.go:57 [controllers.(*EmpController).Search]
/Users/mac/go/pkg/mod/github.com/goravel/gin@v1.18.0/utils.go:37 [gin.handlerToGinHandler.func1]
/Users/mac/go/pkg/mod/github.com/gin-gonic/gin@v1.12.0/context.go:192 [gin.(*Context).Next]
/Users/mac/go/pkg/mod/github.com/goravel/gin@v1.18.0/context_request.go:233 [gin.(*ContextRequest).Next]
/Users/mac/go/pkg/mod/github.com/goravel/gin@v1.18.0/context_response.go:164 [gin.(*responseMiddleware).Handle]
/Users/mac/go/pkg/mod/github.com/goravel/gin@v1.18.0/utils.go:66 [gin.middlewareToGinHandler.func1]
/Users/mac/go/pkg/mod/github.com/gin-gonic/gin@v1.12.0/context.go:192 [gin.(*Context).Next]
/Users/mac/go/pkg/mod/github.com/goravel/gin@v1.18.0/context_request.go:233 [gin.(*ContextRequest).Next]
/Users/mac/code/Sites/goland/workflow_test/packages/goravel-workflow/middleware/jwt.go:34 [middleware.(*Jwt).Handle]
/Users/mac/go/pkg/mod/github.com/goravel/gin@v1.18.0/utils.go:66 [gin.middlewareToGinHandler.func1]
/Users/mac/go/pkg/mod/github.com/gin-gonic/gin@v1.12.0/context.go:192 [gin.(*Context).Next]
/Users/mac/go/pkg/mod/github.com/goravel/gin@v1.18.0/context_request.go:233 [gin.(*ContextRequest).Next]
/Users/mac/go/pkg/mod/github.com/goravel/framework@v1.18.0/http/middleware/check_for_maintenance_mode.go:34 [middleware.(*maintenanceMode).Handle]
/Users/mac/go/pkg/mod/github.com/goravel/gin@v1.18.0/utils.go:66 [gin.middlewareToGinHandler.func1]
/Users/mac/go/pkg/mod/github.com/gin-gonic/gin@v1.12.0/context.go:192 [gin.(*Context).Next]
/Users/mac/go/pkg/mod/github.com/goravel/gin@v1.18.0/context_request.go:233 [gin.(*ContextRequest).Next]
/Users/mac/go/pkg/mod/github.com/goravel/gin@v1.18.0/middleware_tls.go:23 [gin.(*TlsMiddleware).Handle]
/Users/mac/go/pkg/mod/github.com/goravel/gin@v1.18.0/utils.go:66 [gin.middlewareToGinHandler.func1]
/Users/mac/go/pkg/mod/github.com/gin-gonic/gin@v1.12.0/context.go:192 [gin.(*Context).Next]
/Users/mac/go/pkg/mod/github.com/goravel/gin@v1.18.0/context_request.go:233 [gin.(*ContextRequest).Next]
/Users/mac/go/pkg/mod/github.com/goravel/gin@v1.18.0/middleware_cors.go:42 [gin.(*CorsMiddleware).Handle]
/Users/mac/go/pkg/mod/github.com/goravel/gin@v1.18.0/utils.go:66 [gin.middlewareToGinHandler.func1]
/Users/mac/go/pkg/mod/github.com/gin-gonic/gin@v1.12.0/context.go:192 [gin.(*Context).Next]
[2026-07-26 20:08:26.834] local.error: [0.420ms] [rows:-] SELECT name as label,value as id FROM `emps` WHERE name like '%shi''chang%' OR workno like '%shi''chang%'	Error 1054 (42S22): Unknown column 'value' in 'field list'
[Context] map[trace.traceContextKeyType:{Span:<nil> sc:{traceID:[0 0 0 0 0 0 0 0 0 0 0 0 0 0 0 0] spanID:[0 0 0 0 0 0 0 0] traceFlags:0 traceState:{list:[]} remote:false}}]
[Trace] /Users/mac/go/pkg/mod/github.com/goravel/framework@v1.18.0/log/writer.go:209 [log.(*Writer).withStackTrace]
/Users/mac/go/pkg/mod/github.com/goravel/framework@v1.18.0/log/writer.go:65 [log.(*Writer).Errorf]
/Users/mac/go/pkg/mod/github.com/goravel/framework@v1.18.0/database/db/logger.go:79 [db.(*Logger).Errorf]
/Users/mac/go/pkg/mod/github.com/goravel/framework@v1.18.0/database/db/logger.go:100 [db.(*Logger).Trace]
/Users/mac/go/pkg/mod/github.com/goravel/framework@v1.18.0/database/db/logger.go:153 [db.(*Gorm).Trace]
/Users/mac/go/pkg/mod/gorm.io/gorm@v1.31.2/finisher_api.go:560 [gorm.(*DB).Scan]
/Users/mac/go/pkg/mod/github.com/goravel/framework@v1.18.0/database/gorm/query.go:778 [gorm.(*Query).Scan]
/Users/mac/code/Sites/goland/workflow_test/packages/goravel-workflow/controllers/emp_controller.go:57 [controllers.(*EmpController).Search]
/Users/mac/go/pkg/mod/github.com/goravel/gin@v1.18.0/utils.go:37 [gin.handlerToGinHandler.func1]
/Users/mac/go/pkg/mod/github.com/gin-gonic/gin@v1.12.0/context.go:192 [gin.(*Context).Next]
/Users/mac/go/pkg/mod/github.com/goravel/gin@v1.18.0/context_request.go:233 [gin.(*ContextRequest).Next]
/Users/mac/go/pkg/mod/github.com/goravel/gin@v1.18.0/context_response.go:164 [gin.(*responseMiddleware).Handle]
/Users/mac/go/pkg/mod/github.com/goravel/gin@v1.18.0/utils.go:66 [gin.middlewareToGinHandler.func1]
/Users/mac/go/pkg/mod/github.com/gin-gonic/gin@v1.12.0/context.go:192 [gin.(*Context).Next]
/Users/mac/go/pkg/mod/github.com/goravel/gin@v1.18.0/context_request.go:233 [gin.(*ContextRequest).Next]
/Users/mac/code/Sites/goland/workflow_test/packages/goravel-workflow/middleware/jwt.go:34 [middleware.(*Jwt).Handle]
/Users/mac/go/pkg/mod/github.com/goravel/gin@v1.18.0/utils.go:66 [gin.middlewareToGinHandler.func1]
/Users/mac/go/pkg/mod/github.com/gin-gonic/gin@v1.12.0/context.go:192 [gin.(*Context).Next]
/Users/mac/go/pkg/mod/github.com/goravel/gin@v1.18.0/context_request.go:233 [gin.(*ContextRequest).Next]
/Users/mac/go/pkg/mod/github.com/goravel/framework@v1.18.0/http/middleware/check_for_maintenance_mode.go:34 [middleware.(*maintenanceMode).Handle]
/Users/mac/go/pkg/mod/github.com/goravel/gin@v1.18.0/utils.go:66 [gin.middlewareToGinHandler.func1]
/Users/mac/go/pkg/mod/github.com/gin-gonic/gin@v1.12.0/context.go:192 [gin.(*Context).Next]
/Users/mac/go/pkg/mod/github.com/goravel/gin@v1.18.0/context_request.go:233 [gin.(*ContextRequest).Next]
/Users/mac/go/pkg/mod/github.com/goravel/gin@v1.18.0/middleware_tls.go:23 [gin.(*TlsMiddleware).Handle]
/Users/mac/go/pkg/mod/github.com/goravel/gin@v1.18.0/utils.go:66 [gin.middlewareToGinHandler.func1]
/Users/mac/go/pkg/mod/github.com/gin-gonic/gin@v1.12.0/context.go:192 [gin.(*Context).Next]
/Users/mac/go/pkg/mod/github.com/goravel/gin@v1.18.0/context_request.go:233 [gin.(*ContextRequest).Next]
/Users/mac/go/pkg/mod/github.com/goravel/gin@v1.18.0/middleware_cors.go:42 [gin.(*CorsMiddleware).Handle]
/Users/mac/go/pkg/mod/github.com/goravel/gin@v1.18.0/utils.go:66 [gin.middlewareToGinHandler.func1]
/Users/mac/go/pkg/mod/github.com/gin-gonic/gin@v1.12.0/context.go:192 [gin.(*Context).Next]
[2026-07-26 20:08:27.464] local.error: [0.417ms] [rows:-] SELECT name as label,value as id FROM `emps` WHERE name like '%市场%' OR workno like '%市场%'	Error 1054 (42S22): Unknown column 'value' in 'field list'
[Context] map[trace.traceContextKeyType:{Span:<nil> sc:{traceID:[0 0 0 0 0 0 0 0 0 0 0 0 0 0 0 0] spanID:[0 0 0 0 0 0 0 0] traceFlags:0 traceState:{list:[]} remote:false}}]
[Trace] /Users/mac/go/pkg/mod/github.com/goravel/framework@v1.18.0/log/writer.go:209 [log.(*Writer).withStackTrace]
/Users/mac/go/pkg/mod/github.com/goravel/framework@v1.18.0/log/writer.go:65 [log.(*Writer).Errorf]
/Users/mac/go/pkg/mod/github.com/goravel/framework@v1.18.0/database/db/logger.go:79 [db.(*Logger).Errorf]
/Users/mac/go/pkg/mod/github.com/goravel/framework@v1.18.0/database/db/logger.go:100 [db.(*Logger).Trace]
/Users/mac/go/pkg/mod/github.com/goravel/framework@v1.18.0/database/db/logger.go:153 [db.(*Gorm).Trace]
/Users/mac/go/pkg/mod/gorm.io/gorm@v1.31.2/finisher_api.go:560 [gorm.(*DB).Scan]
/Users/mac/go/pkg/mod/github.com/goravel/framework@v1.18.0/database/gorm/query.go:778 [gorm.(*Query).Scan]
/Users/mac/code/Sites/goland/workflow_test/packages/goravel-workflow/controllers/emp_controller.go:57 [controllers.(*EmpController).Search]
/Users/mac/go/pkg/mod/github.com/goravel/gin@v1.18.0/utils.go:37 [gin.handlerToGinHandler.func1]
/Users/mac/go/pkg/mod/github.com/gin-gonic/gin@v1.12.0/context.go:192 [gin.(*Context).Next]
/Users/mac/go/pkg/mod/github.com/goravel/gin@v1.18.0/context_request.go:233 [gin.(*ContextRequest).Next]
/Users/mac/go/pkg/mod/github.com/goravel/gin@v1.18.0/context_response.go:164 [gin.(*responseMiddleware).Handle]
/Users/mac/go/pkg/mod/github.com/goravel/gin@v1.18.0/utils.go:66 [gin.middlewareToGinHandler.func1]
/Users/mac/go/pkg/mod/github.com/gin-gonic/gin@v1.12.0/context.go:192 [gin.(*Context).Next]
/Users/mac/go/pkg/mod/github.com/goravel/gin@v1.18.0/context_request.go:233 [gin.(*ContextRequest).Next]
/Users/mac/code/Sites/goland/workflow_test/packages/goravel-workflow/middleware/jwt.go:34 [middleware.(*Jwt).Handle]
/Users/mac/go/pkg/mod/github.com/goravel/gin@v1.18.0/utils.go:66 [gin.middlewareToGinHandler.func1]
/Users/mac/go/pkg/mod/github.com/gin-gonic/gin@v1.12.0/context.go:192 [gin.(*Context).Next]
/Users/mac/go/pkg/mod/github.com/goravel/gin@v1.18.0/context_request.go:233 [gin.(*ContextRequest).Next]
/Users/mac/go/pkg/mod/github.com/goravel/framework@v1.18.0/http/middleware/check_for_maintenance_mode.go:34 [middleware.(*maintenanceMode).Handle]
/Users/mac/go/pkg/mod/github.com/goravel/gin@v1.18.0/utils.go:66 [gin.middlewareToGinHandler.func1]
/Users/mac/go/pkg/mod/github.com/gin-gonic/gin@v1.12.0/context.go:192 [gin.(*Context).Next]
/Users/mac/go/pkg/mod/github.com/goravel/gin@v1.18.0/context_request.go:233 [gin.(*ContextRequest).Next]
/Users/mac/go/pkg/mod/github.com/goravel/gin@v1.18.0/middleware_tls.go:23 [gin.(*TlsMiddleware).Handle]
/Users/mac/go/pkg/mod/github.com/goravel/gin@v1.18.0/utils.go:66 [gin.middlewareToGinHandler.func1]
/Users/mac/go/pkg/mod/github.com/gin-gonic/gin@v1.12.0/context.go:192 [gin.(*Context).Next]
/Users/mac/go/pkg/mod/github.com/goravel/gin@v1.18.0/context_request.go:233 [gin.(*ContextRequest).Next]
/Users/mac/go/pkg/mod/github.com/goravel/gin@v1.18.0/middleware_cors.go:42 [gin.(*CorsMiddleware).Handle]
/Users/mac/go/pkg/mod/github.com/goravel/gin@v1.18.0/utils.go:66 [gin.middlewareToGinHandler.func1]
/Users/mac/go/pkg/mod/github.com/gin-gonic/gin@v1.12.0/context.go:192 [gin.(*Context).Next]
[2026-07-26 20:08:29.618] local.error: [0.474ms] [rows:-] SELECT name as label,value as id FROM `emps` WHERE name like '%%' OR workno like '%%'	Error 1054 (42S22): Unknown column 'value' in 'field list'
[Context] map[trace.traceContextKeyType:{Span:<nil> sc:{traceID:[0 0 0 0 0 0 0 0 0 0 0 0 0 0 0 0] spanID:[0 0 0 0 0 0 0 0] traceFlags:0 traceState:{list:[]} remote:false}}]
[Trace] /Users/mac/go/pkg/mod/github.com/goravel/framework@v1.18.0/log/writer.go:209 [log.(*Writer).withStackTrace]
/Users/mac/go/pkg/mod/github.com/goravel/framework@v1.18.0/log/writer.go:65 [log.(*Writer).Errorf]
/Users/mac/go/pkg/mod/github.com/goravel/framework@v1.18.0/database/db/logger.go:79 [db.(*Logger).Errorf]
/Users/mac/go/pkg/mod/github.com/goravel/framework@v1.18.0/database/db/logger.go:100 [db.(*Logger).Trace]
/Users/mac/go/pkg/mod/github.com/goravel/framework@v1.18.0/database/db/logger.go:153 [db.(*Gorm).Trace]
/Users/mac/go/pkg/mod/gorm.io/gorm@v1.31.2/finisher_api.go:560 [gorm.(*DB).Scan]
/Users/mac/go/pkg/mod/github.com/goravel/framework@v1.18.0/database/gorm/query.go:778 [gorm.(*Query).Scan]
/Users/mac/code/Sites/goland/workflow_test/packages/goravel-workflow/controllers/emp_controller.go:57 [controllers.(*EmpController).Search]
/Users/mac/go/pkg/mod/github.com/goravel/gin@v1.18.0/utils.go:37 [gin.handlerToGinHandler.func1]
/Users/mac/go/pkg/mod/github.com/gin-gonic/gin@v1.12.0/context.go:192 [gin.(*Context).Next]
/Users/mac/go/pkg/mod/github.com/goravel/gin@v1.18.0/context_request.go:233 [gin.(*ContextRequest).Next]
/Users/mac/go/pkg/mod/github.com/goravel/gin@v1.18.0/context_response.go:164 [gin.(*responseMiddleware).Handle]
/Users/mac/go/pkg/mod/github.com/goravel/gin@v1.18.0/utils.go:66 [gin.middlewareToGinHandler.func1]
/Users/mac/go/pkg/mod/github.com/gin-gonic/gin@v1.12.0/context.go:192 [gin.(*Context).Next]
/Users/mac/go/pkg/mod/github.com/goravel/gin@v1.18.0/context_request.go:233 [gin.(*ContextRequest).Next]
/Users/mac/code/Sites/goland/workflow_test/packages/goravel-workflow/middleware/jwt.go:34 [middleware.(*Jwt).Handle]
/Users/mac/go/pkg/mod/github.com/goravel/gin@v1.18.0/utils.go:66 [gin.middlewareToGinHandler.func1]
/Users/mac/go/pkg/mod/github.com/gin-gonic/gin@v1.12.0/context.go:192 [gin.(*Context).Next]
/Users/mac/go/pkg/mod/github.com/goravel/gin@v1.18.0/context_request.go:233 [gin.(*ContextRequest).Next]
/Users/mac/go/pkg/mod/github.com/goravel/framework@v1.18.0/http/middleware/check_for_maintenance_mode.go:34 [middleware.(*maintenanceMode).Handle]
/Users/mac/go/pkg/mod/github.com/goravel/gin@v1.18.0/utils.go:66 [gin.middlewareToGinHandler.func1]
/Users/mac/go/pkg/mod/github.com/gin-gonic/gin@v1.12.0/context.go:192 [gin.(*Context).Next]
/Users/mac/go/pkg/mod/github.com/goravel/gin@v1.18.0/context_request.go:233 [gin.(*ContextRequest).Next]
/Users/mac/go/pkg/mod/github.com/goravel/gin@v1.18.0/middleware_tls.go:23 [gin.(*TlsMiddleware).Handle]
/Users/mac/go/pkg/mod/github.com/goravel/gin@v1.18.0/utils.go:66 [gin.middlewareToGinHandler.func1]
/Users/mac/go/pkg/mod/github.com/gin-gonic/gin@v1.12.0/context.go:192 [gin.(*Context).Next]
/Users/mac/go/pkg/mod/github.com/goravel/gin@v1.18.0/context_request.go:233 [gin.(*ContextRequest).Next]
/Users/mac/go/pkg/mod/github.com/goravel/gin@v1.18.0/middleware_cors.go:42 [gin.(*CorsMiddleware).Handle]
/Users/mac/go/pkg/mod/github.com/goravel/gin@v1.18.0/utils.go:66 [gin.middlewareToGinHandler.func1]
/Users/mac/go/pkg/mod/github.com/gin-gonic/gin@v1.12.0/context.go:192 [gin.(*Context).Next]
[2026-07-26 20:08:57.755] local.info: [0.689ms] [rows:1] SELECT * FROM `templateforms` WHERE `templateforms`.`template_id` = 3
[Context] map[trace.traceContextKeyType:{Span:<nil> sc:{traceID:[0 0 0 0 0 0 0 0 0 0 0 0 0 0 0 0] spanID:[0 0 0 0 0 0 0 0] traceFlags:0 traceState:{list:[]} remote:false}}]
[2026-07-26 20:08:57.756] local.info: [1.397ms] [rows:1] SELECT * FROM `templates` WHERE `templates`.`id` = 3
[Context] map[trace.traceContextKeyType:{Span:<nil> sc:{traceID:[0 0 0 0 0 0 0 0 0 0 0 0 0 0 0 0] spanID:[0 0 0 0 0 0 0 0] traceFlags:0 traceState:{list:[]} remote:false}}]
[2026-07-26 20:08:57.756] local.info: [2.354ms] [rows:1] SELECT * FROM `flows` WHERE `id` = 3
[Context] map[trace.traceContextKeyType:{Span:<nil> sc:{traceID:[0 0 0 0 0 0 0 0 0 0 0 0 0 0 0 0] spanID:[0 0 0 0 0 0 0 0] traceFlags:0 traceState:{list:[]} remote:false}}]
[2026-07-26 20:08:57.775] local.info: [0.730ms] [rows:1] SELECT * FROM `entries` WHERE id=4
[Context] map[trace.traceContextKeyType:{Span:<nil> sc:{traceID:[0 0 0 0 0 0 0 0 0 0 0 0 0 0 0 0] spanID:[0 0 0 0 0 0 0 0] traceFlags:0 traceState:{list:[]} remote:false}}]
[2026-07-26 20:08:57.776] local.info: [0.686ms] [rows:1] SELECT * FROM `entrydatas` WHERE entry_id=4 OR entry_id=0
[Context] map[trace.traceContextKeyType:{Span:<nil> sc:{traceID:[0 0 0 0 0 0 0 0 0 0 0 0 0 0 0 0] spanID:[0 0 0 0 0 0 0 0] traceFlags:0 traceState:{list:[]} remote:false}}]
[2026-07-26 20:08:57.777] local.info: [1.323ms] [rows:0] SELECT * FROM `flowlinks` WHERE next_process_id=7 AND type='Condition'
[Context] map[trace.traceContextKeyType:{Span:<nil> sc:{traceID:[0 0 0 0 0 0 0 0 0 0 0 0 0 0 0 0] spanID:[0 0 0 0 0 0 0 0] traceFlags:0 traceState:{list:[]} remote:false}}]
[2026-07-26 20:08:57.779] local.error: [0.994ms] [rows:0] SELECT * FROM `plugin_configs` WHERE process_id=0	Error 1146 (42S02): Table 'workflow_test.plugin_configs' doesn't exist
[Context] map[trace.traceContextKeyType:{Span:<nil> sc:{traceID:[0 0 0 0 0 0 0 0 0 0 0 0 0 0 0 0] spanID:[0 0 0 0 0 0 0 0] traceFlags:0 traceState:{list:[]} remote:false}}]
[Trace] /Users/mac/go/pkg/mod/github.com/goravel/framework@v1.18.0/log/writer.go:209 [log.(*Writer).withStackTrace]
/Users/mac/go/pkg/mod/github.com/goravel/framework@v1.18.0/log/writer.go:65 [log.(*Writer).Errorf]
/Users/mac/go/pkg/mod/github.com/goravel/framework@v1.18.0/database/db/logger.go:79 [db.(*Logger).Errorf]
/Users/mac/go/pkg/mod/github.com/goravel/framework@v1.18.0/database/db/logger.go:102 [db.(*Logger).Trace]
/Users/mac/go/pkg/mod/github.com/goravel/framework@v1.18.0/database/db/logger.go:153 [db.(*Gorm).Trace]
/Users/mac/go/pkg/mod/gorm.io/gorm@v1.31.2/callbacks.go:140 [gorm.(*processor).Execute]
/Users/mac/go/pkg/mod/gorm.io/gorm@v1.31.2/finisher_api.go:182 [gorm.(*DB).Find]
/Users/mac/go/pkg/mod/github.com/goravel/framework@v1.18.0/database/gorm/query.go:278 [gorm.(*Query).Find]
/Users/mac/code/Sites/goland/workflow_test/packages/goravel-workflow/controllers/entry_controller.go:135 [controllers.(*EntryController).EntryData]
/Users/mac/go/pkg/mod/github.com/goravel/gin@v1.18.0/utils.go:37 [gin.handlerToGinHandler.func1]
/Users/mac/go/pkg/mod/github.com/gin-gonic/gin@v1.12.0/context.go:192 [gin.(*Context).Next]
/Users/mac/go/pkg/mod/github.com/goravel/gin@v1.18.0/context_request.go:233 [gin.(*ContextRequest).Next]
/Users/mac/go/pkg/mod/github.com/goravel/gin@v1.18.0/context_response.go:164 [gin.(*responseMiddleware).Handle]
/Users/mac/go/pkg/mod/github.com/goravel/gin@v1.18.0/utils.go:66 [gin.middlewareToGinHandler.func1]
/Users/mac/go/pkg/mod/github.com/gin-gonic/gin@v1.12.0/context.go:192 [gin.(*Context).Next]
/Users/mac/go/pkg/mod/github.com/goravel/gin@v1.18.0/context_request.go:233 [gin.(*ContextRequest).Next]
/Users/mac/code/Sites/goland/workflow_test/packages/goravel-workflow/middleware/jwt.go:34 [middleware.(*Jwt).Handle]
/Users/mac/go/pkg/mod/github.com/goravel/gin@v1.18.0/utils.go:66 [gin.middlewareToGinHandler.func1]
/Users/mac/go/pkg/mod/github.com/gin-gonic/gin@v1.12.0/context.go:192 [gin.(*Context).Next]
/Users/mac/go/pkg/mod/github.com/goravel/gin@v1.18.0/context_request.go:233 [gin.(*ContextRequest).Next]
/Users/mac/go/pkg/mod/github.com/goravel/framework@v1.18.0/http/middleware/check_for_maintenance_mode.go:34 [middleware.(*maintenanceMode).Handle]
/Users/mac/go/pkg/mod/github.com/goravel/gin@v1.18.0/utils.go:66 [gin.middlewareToGinHandler.func1]
/Users/mac/go/pkg/mod/github.com/gin-gonic/gin@v1.12.0/context.go:192 [gin.(*Context).Next]
/Users/mac/go/pkg/mod/github.com/goravel/gin@v1.18.0/context_request.go:233 [gin.(*ContextRequest).Next]
/Users/mac/go/pkg/mod/github.com/goravel/gin@v1.18.0/middleware_tls.go:23 [gin.(*TlsMiddleware).Handle]
/Users/mac/go/pkg/mod/github.com/goravel/gin@v1.18.0/utils.go:66 [gin.middlewareToGinHandler.func1]
/Users/mac/go/pkg/mod/github.com/gin-gonic/gin@v1.12.0/context.go:192 [gin.(*Context).Next]
/Users/mac/go/pkg/mod/github.com/goravel/gin@v1.18.0/context_request.go:233 [gin.(*ContextRequest).Next]
/Users/mac/go/pkg/mod/github.com/goravel/gin@v1.18.0/middleware_cors.go:42 [gin.(*CorsMiddleware).Handle]
/Users/mac/go/pkg/mod/github.com/goravel/gin@v1.18.0/utils.go:66 [gin.middlewareToGinHandler.func1]
/Users/mac/go/pkg/mod/github.com/gin-gonic/gin@v1.12.0/context.go:192 [gin.(*Context).Next]
[2026-07-26 20:08:57.796] local.info: [0.737ms] [rows:0] SELECT * FROM `proc_comments` WHERE entry_id=4 AND status=1 ORDER BY id asc
[Context] map[trace.traceContextKeyType:{Span:<nil> sc:{traceID:[0 0 0 0 0 0 0 0 0 0 0 0 0 0 0 0] spanID:[0 0 0 0 0 0 0 0] traceFlags:0 traceState:{list:[]} remote:false}}]
[2026-07-26 20:09:16.1] local.error: [0.381ms] [rows:-] SELECT name as label,value as id FROM `emps` WHERE name like '%shic%' OR workno like '%shic%'	Error 1054 (42S22): Unknown column 'value' in 'field list'
[Context] map[trace.traceContextKeyType:{Span:<nil> sc:{traceID:[0 0 0 0 0 0 0 0 0 0 0 0 0 0 0 0] spanID:[0 0 0 0 0 0 0 0] traceFlags:0 traceState:{list:[]} remote:false}}]
[Trace] /Users/mac/go/pkg/mod/github.com/goravel/framework@v1.18.0/log/writer.go:209 [log.(*Writer).withStackTrace]
/Users/mac/go/pkg/mod/github.com/goravel/framework@v1.18.0/log/writer.go:65 [log.(*Writer).Errorf]
/Users/mac/go/pkg/mod/github.com/goravel/framework@v1.18.0/database/db/logger.go:79 [db.(*Logger).Errorf]
/Users/mac/go/pkg/mod/github.com/goravel/framework@v1.18.0/database/db/logger.go:100 [db.(*Logger).Trace]
/Users/mac/go/pkg/mod/github.com/goravel/framework@v1.18.0/database/db/logger.go:153 [db.(*Gorm).Trace]
/Users/mac/go/pkg/mod/gorm.io/gorm@v1.31.2/finisher_api.go:560 [gorm.(*DB).Scan]
/Users/mac/go/pkg/mod/github.com/goravel/framework@v1.18.0/database/gorm/query.go:778 [gorm.(*Query).Scan]
/Users/mac/code/Sites/goland/workflow_test/packages/goravel-workflow/controllers/emp_controller.go:57 [controllers.(*EmpController).Search]
/Users/mac/go/pkg/mod/github.com/goravel/gin@v1.18.0/utils.go:37 [gin.handlerToGinHandler.func1]
/Users/mac/go/pkg/mod/github.com/gin-gonic/gin@v1.12.0/context.go:192 [gin.(*Context).Next]
/Users/mac/go/pkg/mod/github.com/goravel/gin@v1.18.0/context_request.go:233 [gin.(*ContextRequest).Next]
/Users/mac/go/pkg/mod/github.com/goravel/gin@v1.18.0/context_response.go:164 [gin.(*responseMiddleware).Handle]
/Users/mac/go/pkg/mod/github.com/goravel/gin@v1.18.0/utils.go:66 [gin.middlewareToGinHandler.func1]
/Users/mac/go/pkg/mod/github.com/gin-gonic/gin@v1.12.0/context.go:192 [gin.(*Context).Next]
/Users/mac/go/pkg/mod/github.com/goravel/gin@v1.18.0/context_request.go:233 [gin.(*ContextRequest).Next]
/Users/mac/code/Sites/goland/workflow_test/packages/goravel-workflow/middleware/jwt.go:34 [middleware.(*Jwt).Handle]
/Users/mac/go/pkg/mod/github.com/goravel/gin@v1.18.0/utils.go:66 [gin.middlewareToGinHandler.func1]
/Users/mac/go/pkg/mod/github.com/gin-gonic/gin@v1.12.0/context.go:192 [gin.(*Context).Next]
/Users/mac/go/pkg/mod/github.com/goravel/gin@v1.18.0/context_request.go:233 [gin.(*ContextRequest).Next]
/Users/mac/go/pkg/mod/github.com/goravel/framework@v1.18.0/http/middleware/check_for_maintenance_mode.go:34 [middleware.(*maintenanceMode).Handle]
/Users/mac/go/pkg/mod/github.com/goravel/gin@v1.18.0/utils.go:66 [gin.middlewareToGinHandler.func1]
/Users/mac/go/pkg/mod/github.com/gin-gonic/gin@v1.12.0/context.go:192 [gin.(*Context).Next]
/Users/mac/go/pkg/mod/github.com/goravel/gin@v1.18.0/context_request.go:233 [gin.(*ContextRequest).Next]
/Users/mac/go/pkg/mod/github.com/goravel/gin@v1.18.0/middleware_tls.go:23 [gin.(*TlsMiddleware).Handle]
/Users/mac/go/pkg/mod/github.com/goravel/gin@v1.18.0/utils.go:66 [gin.middlewareToGinHandler.func1]
/Users/mac/go/pkg/mod/github.com/gin-gonic/gin@v1.12.0/context.go:192 [gin.(*Context).Next]
/Users/mac/go/pkg/mod/github.com/goravel/gin@v1.18.0/context_request.go:233 [gin.(*ContextRequest).Next]
/Users/mac/go/pkg/mod/github.com/goravel/gin@v1.18.0/middleware_cors.go:42 [gin.(*CorsMiddleware).Handle]
/Users/mac/go/pkg/mod/github.com/goravel/gin@v1.18.0/utils.go:66 [gin.middlewareToGinHandler.func1]
/Users/mac/go/pkg/mod/github.com/gin-gonic/gin@v1.12.0/context.go:192 [gin.(*Context).Next]
[2026-07-26 20:09:20.147] local.error: [4046.876ms] [rows:-] SELECT name as label,value as id FROM `emps` WHERE name like '%%' OR workno like '%%'	Error 1054 (42S22): Unknown column 'value' in 'field list'
[Context] map[trace.traceContextKeyType:{Span:<nil> sc:{traceID:[0 0 0 0 0 0 0 0 0 0 0 0 0 0 0 0] spanID:[0 0 0 0 0 0 0 0] traceFlags:0 traceState:{list:[]} remote:false}}]
[Trace] /Users/mac/go/pkg/mod/github.com/goravel/framework@v1.18.0/log/writer.go:209 [log.(*Writer).withStackTrace]
/Users/mac/go/pkg/mod/github.com/goravel/framework@v1.18.0/log/writer.go:65 [log.(*Writer).Errorf]
/Users/mac/go/pkg/mod/github.com/goravel/framework@v1.18.0/database/db/logger.go:79 [db.(*Logger).Errorf]
/Users/mac/go/pkg/mod/github.com/goravel/framework@v1.18.0/database/db/logger.go:100 [db.(*Logger).Trace]
/Users/mac/go/pkg/mod/github.com/goravel/framework@v1.18.0/database/db/logger.go:153 [db.(*Gorm).Trace]
/Users/mac/go/pkg/mod/gorm.io/gorm@v1.31.2/finisher_api.go:560 [gorm.(*DB).Scan]
/Users/mac/go/pkg/mod/github.com/goravel/framework@v1.18.0/database/gorm/query.go:778 [gorm.(*Query).Scan]
/Users/mac/code/Sites/goland/workflow_test/packages/goravel-workflow/controllers/emp_controller.go:57 [controllers.(*EmpController).Search]
/Users/mac/go/pkg/mod/github.com/goravel/gin@v1.18.0/utils.go:37 [gin.handlerToGinHandler.func1]
/Users/mac/go/pkg/mod/github.com/gin-gonic/gin@v1.12.0/context.go:192 [gin.(*Context).Next]
/Users/mac/go/pkg/mod/github.com/goravel/gin@v1.18.0/context_request.go:233 [gin.(*ContextRequest).Next]
/Users/mac/go/pkg/mod/github.com/goravel/gin@v1.18.0/context_response.go:164 [gin.(*responseMiddleware).Handle]
/Users/mac/go/pkg/mod/github.com/goravel/gin@v1.18.0/utils.go:66 [gin.middlewareToGinHandler.func1]
/Users/mac/go/pkg/mod/github.com/gin-gonic/gin@v1.12.0/context.go:192 [gin.(*Context).Next]
/Users/mac/go/pkg/mod/github.com/goravel/gin@v1.18.0/context_request.go:233 [gin.(*ContextRequest).Next]
/Users/mac/code/Sites/goland/workflow_test/packages/goravel-workflow/middleware/jwt.go:34 [middleware.(*Jwt).Handle]
/Users/mac/go/pkg/mod/github.com/goravel/gin@v1.18.0/utils.go:66 [gin.middlewareToGinHandler.func1]
/Users/mac/go/pkg/mod/github.com/gin-gonic/gin@v1.12.0/context.go:192 [gin.(*Context).Next]
/Users/mac/go/pkg/mod/github.com/goravel/gin@v1.18.0/context_request.go:233 [gin.(*ContextRequest).Next]
/Users/mac/go/pkg/mod/github.com/goravel/framework@v1.18.0/http/middleware/check_for_maintenance_mode.go:34 [middleware.(*maintenanceMode).Handle]
/Users/mac/go/pkg/mod/github.com/goravel/gin@v1.18.0/utils.go:66 [gin.middlewareToGinHandler.func1]
/Users/mac/go/pkg/mod/github.com/gin-gonic/gin@v1.12.0/context.go:192 [gin.(*Context).Next]
/Users/mac/go/pkg/mod/github.com/goravel/gin@v1.18.0/context_request.go:233 [gin.(*ContextRequest).Next]
/Users/mac/go/pkg/mod/github.com/goravel/gin@v1.18.0/middleware_tls.go:23 [gin.(*TlsMiddleware).Handle]
/Users/mac/go/pkg/mod/github.com/goravel/gin@v1.18.0/utils.go:66 [gin.middlewareToGinHandler.func1]
/Users/mac/go/pkg/mod/github.com/gin-gonic/gin@v1.12.0/context.go:192 [gin.(*Context).Next]
/Users/mac/go/pkg/mod/github.com/goravel/gin@v1.18.0/context_request.go:233 [gin.(*ContextRequest).Next]
/Users/mac/go/pkg/mod/github.com/goravel/gin@v1.18.0/middleware_cors.go:42 [gin.(*CorsMiddleware).Handle]
/Users/mac/go/pkg/mod/github.com/goravel/gin@v1.18.0/utils.go:66 [gin.middlewareToGinHandler.func1]
/Users/mac/go/pkg/mod/github.com/gin-gonic/gin@v1.12.0/context.go:192 [gin.(*Context).Next]
[2026-07-26 20:09:54.399] local.error: [0.500ms] [rows:-] SELECT name as label,value as id FROM `emps` WHERE name like '%市场%' OR workno like '%市场%'	Error 1054 (42S22): Unknown column 'value' in 'field list'
[Context] map[trace.traceContextKeyType:{Span:<nil> sc:{traceID:[0 0 0 0 0 0 0 0 0 0 0 0 0 0 0 0] spanID:[0 0 0 0 0 0 0 0] traceFlags:0 traceState:{list:[]} remote:false}}]
[Trace] /Users/mac/go/pkg/mod/github.com/goravel/framework@v1.18.0/log/writer.go:209 [log.(*Writer).withStackTrace]
/Users/mac/go/pkg/mod/github.com/goravel/framework@v1.18.0/log/writer.go:65 [log.(*Writer).Errorf]
/Users/mac/go/pkg/mod/github.com/goravel/framework@v1.18.0/database/db/logger.go:79 [db.(*Logger).Errorf]
/Users/mac/go/pkg/mod/github.com/goravel/framework@v1.18.0/database/db/logger.go:100 [db.(*Logger).Trace]
/Users/mac/go/pkg/mod/github.com/goravel/framework@v1.18.0/database/db/logger.go:153 [db.(*Gorm).Trace]
/Users/mac/go/pkg/mod/gorm.io/gorm@v1.31.2/finisher_api.go:560 [gorm.(*DB).Scan]
/Users/mac/go/pkg/mod/github.com/goravel/framework@v1.18.0/database/gorm/query.go:778 [gorm.(*Query).Scan]
/Users/mac/code/Sites/goland/workflow_test/packages/goravel-workflow/controllers/emp_controller.go:57 [controllers.(*EmpController).Search]
/Users/mac/go/pkg/mod/github.com/goravel/gin@v1.18.0/utils.go:37 [gin.handlerToGinHandler.func1]
/Users/mac/go/pkg/mod/github.com/gin-gonic/gin@v1.12.0/context.go:192 [gin.(*Context).Next]
/Users/mac/go/pkg/mod/github.com/goravel/gin@v1.18.0/context_request.go:233 [gin.(*ContextRequest).Next]
/Users/mac/go/pkg/mod/github.com/goravel/gin@v1.18.0/context_response.go:164 [gin.(*responseMiddleware).Handle]
/Users/mac/go/pkg/mod/github.com/goravel/gin@v1.18.0/utils.go:66 [gin.middlewareToGinHandler.func1]
/Users/mac/go/pkg/mod/github.com/gin-gonic/gin@v1.12.0/context.go:192 [gin.(*Context).Next]
/Users/mac/go/pkg/mod/github.com/goravel/gin@v1.18.0/context_request.go:233 [gin.(*ContextRequest).Next]
/Users/mac/code/Sites/goland/workflow_test/packages/goravel-workflow/middleware/jwt.go:34 [middleware.(*Jwt).Handle]
/Users/mac/go/pkg/mod/github.com/goravel/gin@v1.18.0/utils.go:66 [gin.middlewareToGinHandler.func1]
/Users/mac/go/pkg/mod/github.com/gin-gonic/gin@v1.12.0/context.go:192 [gin.(*Context).Next]
/Users/mac/go/pkg/mod/github.com/goravel/gin@v1.18.0/context_request.go:233 [gin.(*ContextRequest).Next]
/Users/mac/go/pkg/mod/github.com/goravel/framework@v1.18.0/http/middleware/check_for_maintenance_mode.go:34 [middleware.(*maintenanceMode).Handle]
/Users/mac/go/pkg/mod/github.com/goravel/gin@v1.18.0/utils.go:66 [gin.middlewareToGinHandler.func1]
/Users/mac/go/pkg/mod/github.com/gin-gonic/gin@v1.12.0/context.go:192 [gin.(*Context).Next]
/Users/mac/go/pkg/mod/github.com/goravel/gin@v1.18.0/context_request.go:233 [gin.(*ContextRequest).Next]
/Users/mac/go/pkg/mod/github.com/goravel/gin@v1.18.0/middleware_tls.go:23 [gin.(*TlsMiddleware).Handle]
/Users/mac/go/pkg/mod/github.com/goravel/gin@v1.18.0/utils.go:66 [gin.middlewareToGinHandler.func1]
/Users/mac/go/pkg/mod/github.com/gin-gonic/gin@v1.12.0/context.go:192 [gin.(*Context).Next]
/Users/mac/go/pkg/mod/github.com/goravel/gin@v1.18.0/context_request.go:233 [gin.(*ContextRequest).Next]
/Users/mac/go/pkg/mod/github.com/goravel/gin@v1.18.0/middleware_cors.go:42 [gin.(*CorsMiddleware).Handle]
/Users/mac/go/pkg/mod/github.com/goravel/gin@v1.18.0/utils.go:66 [gin.middlewareToGinHandler.func1]
/Users/mac/go/pkg/mod/github.com/gin-gonic/gin@v1.12.0/context.go:192 [gin.(*Context).Next]
[2026-07-26 20:09:56.475] local.error: [0.470ms] [rows:-] SELECT name as label,value as id FROM `emps` WHERE name like '%%' OR workno like '%%'	Error 1054 (42S22): Unknown column 'value' in 'field list'
[Context] map[trace.traceContextKeyType:{Span:<nil> sc:{traceID:[0 0 0 0 0 0 0 0 0 0 0 0 0 0 0 0] spanID:[0 0 0 0 0 0 0 0] traceFlags:0 traceState:{list:[]} remote:false}}]
[Trace] /Users/mac/go/pkg/mod/github.com/goravel/framework@v1.18.0/log/writer.go:209 [log.(*Writer).withStackTrace]
/Users/mac/go/pkg/mod/github.com/goravel/framework@v1.18.0/log/writer.go:65 [log.(*Writer).Errorf]
/Users/mac/go/pkg/mod/github.com/goravel/framework@v1.18.0/database/db/logger.go:79 [db.(*Logger).Errorf]
/Users/mac/go/pkg/mod/github.com/goravel/framework@v1.18.0/database/db/logger.go:100 [db.(*Logger).Trace]
/Users/mac/go/pkg/mod/github.com/goravel/framework@v1.18.0/database/db/logger.go:153 [db.(*Gorm).Trace]
/Users/mac/go/pkg/mod/gorm.io/gorm@v1.31.2/finisher_api.go:560 [gorm.(*DB).Scan]
/Users/mac/go/pkg/mod/github.com/goravel/framework@v1.18.0/database/gorm/query.go:778 [gorm.(*Query).Scan]
/Users/mac/code/Sites/goland/workflow_test/packages/goravel-workflow/controllers/emp_controller.go:57 [controllers.(*EmpController).Search]
/Users/mac/go/pkg/mod/github.com/goravel/gin@v1.18.0/utils.go:37 [gin.handlerToGinHandler.func1]
/Users/mac/go/pkg/mod/github.com/gin-gonic/gin@v1.12.0/context.go:192 [gin.(*Context).Next]
/Users/mac/go/pkg/mod/github.com/goravel/gin@v1.18.0/context_request.go:233 [gin.(*ContextRequest).Next]
/Users/mac/go/pkg/mod/github.com/goravel/gin@v1.18.0/context_response.go:164 [gin.(*responseMiddleware).Handle]
/Users/mac/go/pkg/mod/github.com/goravel/gin@v1.18.0/utils.go:66 [gin.middlewareToGinHandler.func1]
/Users/mac/go/pkg/mod/github.com/gin-gonic/gin@v1.12.0/context.go:192 [gin.(*Context).Next]
/Users/mac/go/pkg/mod/github.com/goravel/gin@v1.18.0/context_request.go:233 [gin.(*ContextRequest).Next]
/Users/mac/code/Sites/goland/workflow_test/packages/goravel-workflow/middleware/jwt.go:34 [middleware.(*Jwt).Handle]
/Users/mac/go/pkg/mod/github.com/goravel/gin@v1.18.0/utils.go:66 [gin.middlewareToGinHandler.func1]
/Users/mac/go/pkg/mod/github.com/gin-gonic/gin@v1.12.0/context.go:192 [gin.(*Context).Next]
/Users/mac/go/pkg/mod/github.com/goravel/gin@v1.18.0/context_request.go:233 [gin.(*ContextRequest).Next]
/Users/mac/go/pkg/mod/github.com/goravel/framework@v1.18.0/http/middleware/check_for_maintenance_mode.go:34 [middleware.(*maintenanceMode).Handle]
/Users/mac/go/pkg/mod/github.com/goravel/gin@v1.18.0/utils.go:66 [gin.middlewareToGinHandler.func1]
/Users/mac/go/pkg/mod/github.com/gin-gonic/gin@v1.12.0/context.go:192 [gin.(*Context).Next]
/Users/mac/go/pkg/mod/github.com/goravel/gin@v1.18.0/context_request.go:233 [gin.(*ContextRequest).Next]
/Users/mac/go/pkg/mod/github.com/goravel/gin@v1.18.0/middleware_tls.go:23 [gin.(*TlsMiddleware).Handle]
/Users/mac/go/pkg/mod/github.com/goravel/gin@v1.18.0/utils.go:66 [gin.middlewareToGinHandler.func1]
/Users/mac/go/pkg/mod/github.com/gin-gonic/gin@v1.12.0/context.go:192 [gin.(*Context).Next]
/Users/mac/go/pkg/mod/github.com/goravel/gin@v1.18.0/context_request.go:233 [gin.(*ContextRequest).Next]
/Users/mac/go/pkg/mod/github.com/goravel/gin@v1.18.0/middleware_cors.go:42 [gin.(*CorsMiddleware).Handle]
/Users/mac/go/pkg/mod/github.com/goravel/gin@v1.18.0/utils.go:66 [gin.middlewareToGinHandler.func1]
/Users/mac/go/pkg/mod/github.com/gin-gonic/gin@v1.12.0/context.go:192 [gin.(*Context).Next]
[2026-07-26 20:10:11.443] local.error: [0.411ms] [rows:-] SELECT name as label,value as id FROM `emps` WHERE name like '%市场%' OR workno like '%市场%'	Error 1054 (42S22): Unknown column 'value' in 'field list'
[Context] map[trace.traceContextKeyType:{Span:<nil> sc:{traceID:[0 0 0 0 0 0 0 0 0 0 0 0 0 0 0 0] spanID:[0 0 0 0 0 0 0 0] traceFlags:0 traceState:{list:[]} remote:false}}]
[Trace] /Users/mac/go/pkg/mod/github.com/goravel/framework@v1.18.0/log/writer.go:209 [log.(*Writer).withStackTrace]
/Users/mac/go/pkg/mod/github.com/goravel/framework@v1.18.0/log/writer.go:65 [log.(*Writer).Errorf]
/Users/mac/go/pkg/mod/github.com/goravel/framework@v1.18.0/database/db/logger.go:79 [db.(*Logger).Errorf]
/Users/mac/go/pkg/mod/github.com/goravel/framework@v1.18.0/database/db/logger.go:100 [db.(*Logger).Trace]
/Users/mac/go/pkg/mod/github.com/goravel/framework@v1.18.0/database/db/logger.go:153 [db.(*Gorm).Trace]
/Users/mac/go/pkg/mod/gorm.io/gorm@v1.31.2/finisher_api.go:560 [gorm.(*DB).Scan]
/Users/mac/go/pkg/mod/github.com/goravel/framework@v1.18.0/database/gorm/query.go:778 [gorm.(*Query).Scan]
/Users/mac/code/Sites/goland/workflow_test/packages/goravel-workflow/controllers/emp_controller.go:57 [controllers.(*EmpController).Search]
/Users/mac/go/pkg/mod/github.com/goravel/gin@v1.18.0/utils.go:37 [gin.handlerToGinHandler.func1]
/Users/mac/go/pkg/mod/github.com/gin-gonic/gin@v1.12.0/context.go:192 [gin.(*Context).Next]
/Users/mac/go/pkg/mod/github.com/goravel/gin@v1.18.0/context_request.go:233 [gin.(*ContextRequest).Next]
/Users/mac/go/pkg/mod/github.com/goravel/gin@v1.18.0/context_response.go:164 [gin.(*responseMiddleware).Handle]
/Users/mac/go/pkg/mod/github.com/goravel/gin@v1.18.0/utils.go:66 [gin.middlewareToGinHandler.func1]
/Users/mac/go/pkg/mod/github.com/gin-gonic/gin@v1.12.0/context.go:192 [gin.(*Context).Next]
/Users/mac/go/pkg/mod/github.com/goravel/gin@v1.18.0/context_request.go:233 [gin.(*ContextRequest).Next]
/Users/mac/code/Sites/goland/workflow_test/packages/goravel-workflow/middleware/jwt.go:34 [middleware.(*Jwt).Handle]
/Users/mac/go/pkg/mod/github.com/goravel/gin@v1.18.0/utils.go:66 [gin.middlewareToGinHandler.func1]
/Users/mac/go/pkg/mod/github.com/gin-gonic/gin@v1.12.0/context.go:192 [gin.(*Context).Next]
/Users/mac/go/pkg/mod/github.com/goravel/gin@v1.18.0/context_request.go:233 [gin.(*ContextRequest).Next]
/Users/mac/go/pkg/mod/github.com/goravel/framework@v1.18.0/http/middleware/check_for_maintenance_mode.go:34 [middleware.(*maintenanceMode).Handle]
/Users/mac/go/pkg/mod/github.com/goravel/gin@v1.18.0/utils.go:66 [gin.middlewareToGinHandler.func1]
/Users/mac/go/pkg/mod/github.com/gin-gonic/gin@v1.12.0/context.go:192 [gin.(*Context).Next]
/Users/mac/go/pkg/mod/github.com/goravel/gin@v1.18.0/context_request.go:233 [gin.(*ContextRequest).Next]
/Users/mac/go/pkg/mod/github.com/goravel/gin@v1.18.0/middleware_tls.go:23 [gin.(*TlsMiddleware).Handle]
/Users/mac/go/pkg/mod/github.com/goravel/gin@v1.18.0/utils.go:66 [gin.middlewareToGinHandler.func1]
/Users/mac/go/pkg/mod/github.com/gin-gonic/gin@v1.12.0/context.go:192 [gin.(*Context).Next]
/Users/mac/go/pkg/mod/github.com/goravel/gin@v1.18.0/context_request.go:233 [gin.(*ContextRequest).Next]
/Users/mac/go/pkg/mod/github.com/goravel/gin@v1.18.0/middleware_cors.go:42 [gin.(*CorsMiddleware).Handle]
/Users/mac/go/pkg/mod/github.com/goravel/gin@v1.18.0/utils.go:66 [gin.middlewareToGinHandler.func1]
/Users/mac/go/pkg/mod/github.com/gin-gonic/gin@v1.12.0/context.go:192 [gin.(*Context).Next]
[2026-07-26 20:10:46.969] local.error: [35439.748ms] [rows:-] SELECT name as label,value as id FROM `emps` WHERE name like '%%' OR workno like '%%'	Error 1054 (42S22): Unknown column 'value' in 'field list'
[Context] map[trace.traceContextKeyType:{Span:<nil> sc:{traceID:[0 0 0 0 0 0 0 0 0 0 0 0 0 0 0 0] spanID:[0 0 0 0 0 0 0 0] traceFlags:0 traceState:{list:[]} remote:false}}]
[Trace] /Users/mac/go/pkg/mod/github.com/goravel/framework@v1.18.0/log/writer.go:209 [log.(*Writer).withStackTrace]
/Users/mac/go/pkg/mod/github.com/goravel/framework@v1.18.0/log/writer.go:65 [log.(*Writer).Errorf]
/Users/mac/go/pkg/mod/github.com/goravel/framework@v1.18.0/database/db/logger.go:79 [db.(*Logger).Errorf]
/Users/mac/go/pkg/mod/github.com/goravel/framework@v1.18.0/database/db/logger.go:100 [db.(*Logger).Trace]
/Users/mac/go/pkg/mod/github.com/goravel/framework@v1.18.0/database/db/logger.go:153 [db.(*Gorm).Trace]
/Users/mac/go/pkg/mod/gorm.io/gorm@v1.31.2/finisher_api.go:560 [gorm.(*DB).Scan]
/Users/mac/go/pkg/mod/github.com/goravel/framework@v1.18.0/database/gorm/query.go:778 [gorm.(*Query).Scan]
/Users/mac/code/Sites/goland/workflow_test/packages/goravel-workflow/controllers/emp_controller.go:57 [controllers.(*EmpController).Search]
/Users/mac/go/pkg/mod/github.com/goravel/gin@v1.18.0/utils.go:37 [gin.handlerToGinHandler.func1]
/Users/mac/go/pkg/mod/github.com/gin-gonic/gin@v1.12.0/context.go:192 [gin.(*Context).Next]
/Users/mac/go/pkg/mod/github.com/goravel/gin@v1.18.0/context_request.go:233 [gin.(*ContextRequest).Next]
/Users/mac/go/pkg/mod/github.com/goravel/gin@v1.18.0/context_response.go:164 [gin.(*responseMiddleware).Handle]
/Users/mac/go/pkg/mod/github.com/goravel/gin@v1.18.0/utils.go:66 [gin.middlewareToGinHandler.func1]
/Users/mac/go/pkg/mod/github.com/gin-gonic/gin@v1.12.0/context.go:192 [gin.(*Context).Next]
/Users/mac/go/pkg/mod/github.com/goravel/gin@v1.18.0/context_request.go:233 [gin.(*ContextRequest).Next]
/Users/mac/code/Sites/goland/workflow_test/packages/goravel-workflow/middleware/jwt.go:34 [middleware.(*Jwt).Handle]
/Users/mac/go/pkg/mod/github.com/goravel/gin@v1.18.0/utils.go:66 [gin.middlewareToGinHandler.func1]
/Users/mac/go/pkg/mod/github.com/gin-gonic/gin@v1.12.0/context.go:192 [gin.(*Context).Next]
/Users/mac/go/pkg/mod/github.com/goravel/gin@v1.18.0/context_request.go:233 [gin.(*ContextRequest).Next]
/Users/mac/go/pkg/mod/github.com/goravel/framework@v1.18.0/http/middleware/check_for_maintenance_mode.go:34 [middleware.(*maintenanceMode).Handle]
/Users/mac/go/pkg/mod/github.com/goravel/gin@v1.18.0/utils.go:66 [gin.middlewareToGinHandler.func1]
/Users/mac/go/pkg/mod/github.com/gin-gonic/gin@v1.12.0/context.go:192 [gin.(*Context).Next]
/Users/mac/go/pkg/mod/github.com/goravel/gin@v1.18.0/context_request.go:233 [gin.(*ContextRequest).Next]
/Users/mac/go/pkg/mod/github.com/goravel/gin@v1.18.0/middleware_tls.go:23 [gin.(*TlsMiddleware).Handle]
/Users/mac/go/pkg/mod/github.com/goravel/gin@v1.18.0/utils.go:66 [gin.middlewareToGinHandler.func1]
/Users/mac/go/pkg/mod/github.com/gin-gonic/gin@v1.12.0/context.go:192 [gin.(*Context).Next]
/Users/mac/go/pkg/mod/github.com/goravel/gin@v1.18.0/context_request.go:233 [gin.(*ContextRequest).Next]
/Users/mac/go/pkg/mod/github.com/goravel/gin@v1.18.0/middleware_cors.go:42 [gin.(*CorsMiddleware).Handle]
/Users/mac/go/pkg/mod/github.com/goravel/gin@v1.18.0/utils.go:66 [gin.middlewareToGinHandler.func1]
/Users/mac/go/pkg/mod/github.com/gin-gonic/gin@v1.12.0/context.go:192 [gin.(*Context).Next]
[2026-07-26 20:10:56.687] local.info: [0.485ms] [rows:1] SELECT * FROM `templateforms` WHERE `templateforms`.`template_id` = 3
[Context] map[trace.traceContextKeyType:{Span:<nil> sc:{traceID:[0 0 0 0 0 0 0 0 0 0 0 0 0 0 0 0] spanID:[0 0 0 0 0 0 0 0] traceFlags:0 traceState:{list:[]} remote:false}}]
[2026-07-26 20:10:56.687] local.info: [1.587ms] [rows:1] SELECT * FROM `templates` WHERE `templates`.`id` = 3
[Context] map[trace.traceContextKeyType:{Span:<nil> sc:{traceID:[0 0 0 0 0 0 0 0 0 0 0 0 0 0 0 0] spanID:[0 0 0 0 0 0 0 0] traceFlags:0 traceState:{list:[]} remote:false}}]
[2026-07-26 20:10:56.687] local.info: [5.728ms] [rows:1] SELECT * FROM `flows` WHERE `id` = 3
[Context] map[trace.traceContextKeyType:{Span:<nil> sc:{traceID:[0 0 0 0 0 0 0 0 0 0 0 0 0 0 0 0] spanID:[0 0 0 0 0 0 0 0] traceFlags:0 traceState:{list:[]} remote:false}}]
[2026-07-26 20:10:56.701] local.info: [3.237ms] [rows:1] SELECT * FROM `entries` WHERE id=4
[Context] map[trace.traceContextKeyType:{Span:<nil> sc:{traceID:[0 0 0 0 0 0 0 0 0 0 0 0 0 0 0 0] spanID:[0 0 0 0 0 0 0 0] traceFlags:0 traceState:{list:[]} remote:false}}]
[2026-07-26 20:10:56.702] local.info: [0.634ms] [rows:1] SELECT * FROM `entrydatas` WHERE entry_id=4 OR entry_id=0
[Context] map[trace.traceContextKeyType:{Span:<nil> sc:{traceID:[0 0 0 0 0 0 0 0 0 0 0 0 0 0 0 0] spanID:[0 0 0 0 0 0 0 0] traceFlags:0 traceState:{list:[]} remote:false}}]
[2026-07-26 20:10:56.703] local.info: [0.683ms] [rows:0] SELECT * FROM `flowlinks` WHERE next_process_id=7 AND type='Condition'
[Context] map[trace.traceContextKeyType:{Span:<nil> sc:{traceID:[0 0 0 0 0 0 0 0 0 0 0 0 0 0 0 0] spanID:[0 0 0 0 0 0 0 0] traceFlags:0 traceState:{list:[]} remote:false}}]
[2026-07-26 20:10:56.704] local.error: [0.636ms] [rows:0] SELECT * FROM `plugin_configs` WHERE process_id=0	Error 1146 (42S02): Table 'workflow_test.plugin_configs' doesn't exist
[Context] map[trace.traceContextKeyType:{Span:<nil> sc:{traceID:[0 0 0 0 0 0 0 0 0 0 0 0 0 0 0 0] spanID:[0 0 0 0 0 0 0 0] traceFlags:0 traceState:{list:[]} remote:false}}]
[Trace] /Users/mac/go/pkg/mod/github.com/goravel/framework@v1.18.0/log/writer.go:209 [log.(*Writer).withStackTrace]
/Users/mac/go/pkg/mod/github.com/goravel/framework@v1.18.0/log/writer.go:65 [log.(*Writer).Errorf]
/Users/mac/go/pkg/mod/github.com/goravel/framework@v1.18.0/database/db/logger.go:79 [db.(*Logger).Errorf]
/Users/mac/go/pkg/mod/github.com/goravel/framework@v1.18.0/database/db/logger.go:102 [db.(*Logger).Trace]
/Users/mac/go/pkg/mod/github.com/goravel/framework@v1.18.0/database/db/logger.go:153 [db.(*Gorm).Trace]
/Users/mac/go/pkg/mod/gorm.io/gorm@v1.31.2/callbacks.go:140 [gorm.(*processor).Execute]
/Users/mac/go/pkg/mod/gorm.io/gorm@v1.31.2/finisher_api.go:182 [gorm.(*DB).Find]
/Users/mac/go/pkg/mod/github.com/goravel/framework@v1.18.0/database/gorm/query.go:278 [gorm.(*Query).Find]
/Users/mac/code/Sites/goland/workflow_test/packages/goravel-workflow/controllers/entry_controller.go:135 [controllers.(*EntryController).EntryData]
/Users/mac/go/pkg/mod/github.com/goravel/gin@v1.18.0/utils.go:37 [gin.handlerToGinHandler.func1]
/Users/mac/go/pkg/mod/github.com/gin-gonic/gin@v1.12.0/context.go:192 [gin.(*Context).Next]
/Users/mac/go/pkg/mod/github.com/goravel/gin@v1.18.0/context_request.go:233 [gin.(*ContextRequest).Next]
/Users/mac/go/pkg/mod/github.com/goravel/gin@v1.18.0/context_response.go:164 [gin.(*responseMiddleware).Handle]
/Users/mac/go/pkg/mod/github.com/goravel/gin@v1.18.0/utils.go:66 [gin.middlewareToGinHandler.func1]
/Users/mac/go/pkg/mod/github.com/gin-gonic/gin@v1.12.0/context.go:192 [gin.(*Context).Next]
/Users/mac/go/pkg/mod/github.com/goravel/gin@v1.18.0/context_request.go:233 [gin.(*ContextRequest).Next]
/Users/mac/code/Sites/goland/workflow_test/packages/goravel-workflow/middleware/jwt.go:34 [middleware.(*Jwt).Handle]
/Users/mac/go/pkg/mod/github.com/goravel/gin@v1.18.0/utils.go:66 [gin.middlewareToGinHandler.func1]
/Users/mac/go/pkg/mod/github.com/gin-gonic/gin@v1.12.0/context.go:192 [gin.(*Context).Next]
/Users/mac/go/pkg/mod/github.com/goravel/gin@v1.18.0/context_request.go:233 [gin.(*ContextRequest).Next]
/Users/mac/go/pkg/mod/github.com/goravel/framework@v1.18.0/http/middleware/check_for_maintenance_mode.go:34 [middleware.(*maintenanceMode).Handle]
/Users/mac/go/pkg/mod/github.com/goravel/gin@v1.18.0/utils.go:66 [gin.middlewareToGinHandler.func1]
/Users/mac/go/pkg/mod/github.com/gin-gonic/gin@v1.12.0/context.go:192 [gin.(*Context).Next]
/Users/mac/go/pkg/mod/github.com/goravel/gin@v1.18.0/context_request.go:233 [gin.(*ContextRequest).Next]
/Users/mac/go/pkg/mod/github.com/goravel/gin@v1.18.0/middleware_tls.go:23 [gin.(*TlsMiddleware).Handle]
/Users/mac/go/pkg/mod/github.com/goravel/gin@v1.18.0/utils.go:66 [gin.middlewareToGinHandler.func1]
/Users/mac/go/pkg/mod/github.com/gin-gonic/gin@v1.12.0/context.go:192 [gin.(*Context).Next]
/Users/mac/go/pkg/mod/github.com/goravel/gin@v1.18.0/context_request.go:233 [gin.(*ContextRequest).Next]
/Users/mac/go/pkg/mod/github.com/goravel/gin@v1.18.0/middleware_cors.go:42 [gin.(*CorsMiddleware).Handle]
/Users/mac/go/pkg/mod/github.com/goravel/gin@v1.18.0/utils.go:66 [gin.middlewareToGinHandler.func1]
/Users/mac/go/pkg/mod/github.com/gin-gonic/gin@v1.12.0/context.go:192 [gin.(*Context).Next]
[2026-07-26 20:10:56.725] local.info: [1.200ms] [rows:0] SELECT * FROM `proc_comments` WHERE entry_id=4 AND status=1 ORDER BY id asc
[Context] map[trace.traceContextKeyType:{Span:<nil> sc:{traceID:[0 0 0 0 0 0 0 0 0 0 0 0 0 0 0 0] spanID:[0 0 0 0 0 0 0 0] traceFlags:0 traceState:{list:[]} remote:false}}]
[2026-07-26 20:11:00.265] local.info: [0.945ms] [rows:9] SELECT name as label,id as value FROM `emps` WHERE name like '%市场%' OR workno like '%市场%'
[Context] map[trace.traceContextKeyType:{Span:<nil> sc:{traceID:[0 0 0 0 0 0 0 0 0 0 0 0 0 0 0 0] spanID:[0 0 0 0 0 0 0 0] traceFlags:0 traceState:{list:[]} remote:false}}]
[2026-07-26 20:11:01.876] local.info: [1.296ms] [rows:16] SELECT name as label,id as value FROM `emps` WHERE name like '%%' OR workno like '%%'
[Context] map[trace.traceContextKeyType:{Span:<nil> sc:{traceID:[0 0 0 0 0 0 0 0 0 0 0 0 0 0 0 0] spanID:[0 0 0 0 0 0 0 0] traceFlags:0 traceState:{list:[]} remote:false}}]
[2026-07-26 20:11:26.321] local.info: [0.595ms] [rows:1] SELECT * FROM `templateforms` WHERE `templateforms`.`template_id` = 3
[Context] map[trace.traceContextKeyType:{Span:<nil> sc:{traceID:[0 0 0 0 0 0 0 0 0 0 0 0 0 0 0 0] spanID:[0 0 0 0 0 0 0 0] traceFlags:0 traceState:{list:[]} remote:false}}]
[2026-07-26 20:11:26.321] local.info: [1.715ms] [rows:1] SELECT * FROM `templates` WHERE `templates`.`id` = 3
[Context] map[trace.traceContextKeyType:{Span:<nil> sc:{traceID:[0 0 0 0 0 0 0 0 0 0 0 0 0 0 0 0] spanID:[0 0 0 0 0 0 0 0] traceFlags:0 traceState:{list:[]} remote:false}}]
[2026-07-26 20:11:26.321] local.info: [5.673ms] [rows:1] SELECT * FROM `flows` WHERE `id` = 3
[Context] map[trace.traceContextKeyType:{Span:<nil> sc:{traceID:[0 0 0 0 0 0 0 0 0 0 0 0 0 0 0 0] spanID:[0 0 0 0 0 0 0 0] traceFlags:0 traceState:{list:[]} remote:false}}]
[2026-07-26 20:11:26.341] local.info: [2.949ms] [rows:1] SELECT * FROM `entries` WHERE id=4
[Context] map[trace.traceContextKeyType:{Span:<nil> sc:{traceID:[0 0 0 0 0 0 0 0 0 0 0 0 0 0 0 0] spanID:[0 0 0 0 0 0 0 0] traceFlags:0 traceState:{list:[]} remote:false}}]
[2026-07-26 20:11:26.342] local.info: [0.501ms] [rows:1] SELECT * FROM `entrydatas` WHERE entry_id=4 OR entry_id=0
[Context] map[trace.traceContextKeyType:{Span:<nil> sc:{traceID:[0 0 0 0 0 0 0 0 0 0 0 0 0 0 0 0] spanID:[0 0 0 0 0 0 0 0] traceFlags:0 traceState:{list:[]} remote:false}}]
[2026-07-26 20:11:26.343] local.info: [1.103ms] [rows:0] SELECT * FROM `flowlinks` WHERE next_process_id=7 AND type='Condition'
[Context] map[trace.traceContextKeyType:{Span:<nil> sc:{traceID:[0 0 0 0 0 0 0 0 0 0 0 0 0 0 0 0] spanID:[0 0 0 0 0 0 0 0] traceFlags:0 traceState:{list:[]} remote:false}}]
[2026-07-26 20:11:26.344] local.error: [0.858ms] [rows:0] SELECT * FROM `plugin_configs` WHERE process_id=0	Error 1146 (42S02): Table 'workflow_test.plugin_configs' doesn't exist
[Context] map[trace.traceContextKeyType:{Span:<nil> sc:{traceID:[0 0 0 0 0 0 0 0 0 0 0 0 0 0 0 0] spanID:[0 0 0 0 0 0 0 0] traceFlags:0 traceState:{list:[]} remote:false}}]
[Trace] /Users/mac/go/pkg/mod/github.com/goravel/framework@v1.18.0/log/writer.go:209 [log.(*Writer).withStackTrace]
/Users/mac/go/pkg/mod/github.com/goravel/framework@v1.18.0/log/writer.go:65 [log.(*Writer).Errorf]
/Users/mac/go/pkg/mod/github.com/goravel/framework@v1.18.0/database/db/logger.go:79 [db.(*Logger).Errorf]
/Users/mac/go/pkg/mod/github.com/goravel/framework@v1.18.0/database/db/logger.go:102 [db.(*Logger).Trace]
/Users/mac/go/pkg/mod/github.com/goravel/framework@v1.18.0/database/db/logger.go:153 [db.(*Gorm).Trace]
/Users/mac/go/pkg/mod/gorm.io/gorm@v1.31.2/callbacks.go:140 [gorm.(*processor).Execute]
/Users/mac/go/pkg/mod/gorm.io/gorm@v1.31.2/finisher_api.go:182 [gorm.(*DB).Find]
/Users/mac/go/pkg/mod/github.com/goravel/framework@v1.18.0/database/gorm/query.go:278 [gorm.(*Query).Find]
/Users/mac/code/Sites/goland/workflow_test/packages/goravel-workflow/controllers/entry_controller.go:135 [controllers.(*EntryController).EntryData]
/Users/mac/go/pkg/mod/github.com/goravel/gin@v1.18.0/utils.go:37 [gin.handlerToGinHandler.func1]
/Users/mac/go/pkg/mod/github.com/gin-gonic/gin@v1.12.0/context.go:192 [gin.(*Context).Next]
/Users/mac/go/pkg/mod/github.com/goravel/gin@v1.18.0/context_request.go:233 [gin.(*ContextRequest).Next]
/Users/mac/go/pkg/mod/github.com/goravel/gin@v1.18.0/context_response.go:164 [gin.(*responseMiddleware).Handle]
/Users/mac/go/pkg/mod/github.com/goravel/gin@v1.18.0/utils.go:66 [gin.middlewareToGinHandler.func1]
/Users/mac/go/pkg/mod/github.com/gin-gonic/gin@v1.12.0/context.go:192 [gin.(*Context).Next]
/Users/mac/go/pkg/mod/github.com/goravel/gin@v1.18.0/context_request.go:233 [gin.(*ContextRequest).Next]
/Users/mac/code/Sites/goland/workflow_test/packages/goravel-workflow/middleware/jwt.go:34 [middleware.(*Jwt).Handle]
/Users/mac/go/pkg/mod/github.com/goravel/gin@v1.18.0/utils.go:66 [gin.middlewareToGinHandler.func1]
/Users/mac/go/pkg/mod/github.com/gin-gonic/gin@v1.12.0/context.go:192 [gin.(*Context).Next]
/Users/mac/go/pkg/mod/github.com/goravel/gin@v1.18.0/context_request.go:233 [gin.(*ContextRequest).Next]
/Users/mac/go/pkg/mod/github.com/goravel/framework@v1.18.0/http/middleware/check_for_maintenance_mode.go:34 [middleware.(*maintenanceMode).Handle]
/Users/mac/go/pkg/mod/github.com/goravel/gin@v1.18.0/utils.go:66 [gin.middlewareToGinHandler.func1]
/Users/mac/go/pkg/mod/github.com/gin-gonic/gin@v1.12.0/context.go:192 [gin.(*Context).Next]
/Users/mac/go/pkg/mod/github.com/goravel/gin@v1.18.0/context_request.go:233 [gin.(*ContextRequest).Next]
/Users/mac/go/pkg/mod/github.com/goravel/gin@v1.18.0/middleware_tls.go:23 [gin.(*TlsMiddleware).Handle]
/Users/mac/go/pkg/mod/github.com/goravel/gin@v1.18.0/utils.go:66 [gin.middlewareToGinHandler.func1]
/Users/mac/go/pkg/mod/github.com/gin-gonic/gin@v1.12.0/context.go:192 [gin.(*Context).Next]
/Users/mac/go/pkg/mod/github.com/goravel/gin@v1.18.0/context_request.go:233 [gin.(*ContextRequest).Next]
/Users/mac/go/pkg/mod/github.com/goravel/gin@v1.18.0/middleware_cors.go:42 [gin.(*CorsMiddleware).Handle]
/Users/mac/go/pkg/mod/github.com/goravel/gin@v1.18.0/utils.go:66 [gin.middlewareToGinHandler.func1]
/Users/mac/go/pkg/mod/github.com/gin-gonic/gin@v1.12.0/context.go:192 [gin.(*Context).Next]
[2026-07-26 20:11:26.365] local.info: [1.120ms] [rows:0] SELECT * FROM `proc_comments` WHERE entry_id=4 AND status=1 ORDER BY id asc
[Context] map[trace.traceContextKeyType:{Span:<nil> sc:{traceID:[0 0 0 0 0 0 0 0 0 0 0 0 0 0 0 0] spanID:[0 0 0 0 0 0 0 0] traceFlags:0 traceState:{list:[]} remote:false}}]
[2026-07-26 20:11:30.06] local.info: [0.883ms] [rows:9] SELECT name as label,id as value FROM `emps` WHERE name like '%市场%' OR workno like '%市场%'
[Context] map[trace.traceContextKeyType:{Span:<nil> sc:{traceID:[0 0 0 0 0 0 0 0 0 0 0 0 0 0 0 0] spanID:[0 0 0 0 0 0 0 0] traceFlags:0 traceState:{list:[]} remote:false}}]
[2026-07-26 20:11:32.092] local.info: [0.935ms] [rows:16] SELECT name as label,id as value FROM `emps` WHERE name like '%%' OR workno like '%%'
[Context] map[trace.traceContextKeyType:{Span:<nil> sc:{traceID:[0 0 0 0 0 0 0 0 0 0 0 0 0 0 0 0] spanID:[0 0 0 0 0 0 0 0] traceFlags:0 traceState:{list:[]} remote:false}}]
[2026-07-26 20:12:59.548] local.info: [0.474ms] [rows:1] SELECT * FROM `templateforms` WHERE `templateforms`.`template_id` = 3
[Context] map[trace.traceContextKeyType:{Span:<nil> sc:{traceID:[0 0 0 0 0 0 0 0 0 0 0 0 0 0 0 0] spanID:[0 0 0 0 0 0 0 0] traceFlags:0 traceState:{list:[]} remote:false}}]
[2026-07-26 20:12:59.548] local.info: [0.847ms] [rows:1] SELECT * FROM `templates` WHERE `templates`.`id` = 3
[Context] map[trace.traceContextKeyType:{Span:<nil> sc:{traceID:[0 0 0 0 0 0 0 0 0 0 0 0 0 0 0 0] spanID:[0 0 0 0 0 0 0 0] traceFlags:0 traceState:{list:[]} remote:false}}]
[2026-07-26 20:12:59.548] local.info: [1.501ms] [rows:1] SELECT * FROM `flows` WHERE `id` = 3
[Context] map[trace.traceContextKeyType:{Span:<nil> sc:{traceID:[0 0 0 0 0 0 0 0 0 0 0 0 0 0 0 0] spanID:[0 0 0 0 0 0 0 0] traceFlags:0 traceState:{list:[]} remote:false}}]
[2026-07-26 20:12:59.579] local.info: [0.675ms] [rows:1] SELECT * FROM `entries` WHERE id=4
[Context] map[trace.traceContextKeyType:{Span:<nil> sc:{traceID:[0 0 0 0 0 0 0 0 0 0 0 0 0 0 0 0] spanID:[0 0 0 0 0 0 0 0] traceFlags:0 traceState:{list:[]} remote:false}}]
[2026-07-26 20:12:59.579] local.info: [0.411ms] [rows:1] SELECT * FROM `entrydatas` WHERE entry_id=4 OR entry_id=0
[Context] map[trace.traceContextKeyType:{Span:<nil> sc:{traceID:[0 0 0 0 0 0 0 0 0 0 0 0 0 0 0 0] spanID:[0 0 0 0 0 0 0 0] traceFlags:0 traceState:{list:[]} remote:false}}]
[2026-07-26 20:12:59.58] local.info: [0.330ms] [rows:0] SELECT * FROM `flowlinks` WHERE next_process_id=7 AND type='Condition'
[Context] map[trace.traceContextKeyType:{Span:<nil> sc:{traceID:[0 0 0 0 0 0 0 0 0 0 0 0 0 0 0 0] spanID:[0 0 0 0 0 0 0 0] traceFlags:0 traceState:{list:[]} remote:false}}]
[2026-07-26 20:12:59.58] local.error: [0.330ms] [rows:0] SELECT * FROM `plugin_configs` WHERE process_id=0	Error 1146 (42S02): Table 'workflow_test.plugin_configs' doesn't exist
[Context] map[trace.traceContextKeyType:{Span:<nil> sc:{traceID:[0 0 0 0 0 0 0 0 0 0 0 0 0 0 0 0] spanID:[0 0 0 0 0 0 0 0] traceFlags:0 traceState:{list:[]} remote:false}}]
[Trace] /Users/mac/go/pkg/mod/github.com/goravel/framework@v1.18.0/log/writer.go:209 [log.(*Writer).withStackTrace]
/Users/mac/go/pkg/mod/github.com/goravel/framework@v1.18.0/log/writer.go:65 [log.(*Writer).Errorf]
/Users/mac/go/pkg/mod/github.com/goravel/framework@v1.18.0/database/db/logger.go:79 [db.(*Logger).Errorf]
/Users/mac/go/pkg/mod/github.com/goravel/framework@v1.18.0/database/db/logger.go:102 [db.(*Logger).Trace]
/Users/mac/go/pkg/mod/github.com/goravel/framework@v1.18.0/database/db/logger.go:153 [db.(*Gorm).Trace]
/Users/mac/go/pkg/mod/gorm.io/gorm@v1.31.2/callbacks.go:140 [gorm.(*processor).Execute]
/Users/mac/go/pkg/mod/gorm.io/gorm@v1.31.2/finisher_api.go:182 [gorm.(*DB).Find]
/Users/mac/go/pkg/mod/github.com/goravel/framework@v1.18.0/database/gorm/query.go:278 [gorm.(*Query).Find]
/Users/mac/code/Sites/goland/workflow_test/packages/goravel-workflow/controllers/entry_controller.go:135 [controllers.(*EntryController).EntryData]
/Users/mac/go/pkg/mod/github.com/goravel/gin@v1.18.0/utils.go:37 [gin.handlerToGinHandler.func1]
/Users/mac/go/pkg/mod/github.com/gin-gonic/gin@v1.12.0/context.go:192 [gin.(*Context).Next]
/Users/mac/go/pkg/mod/github.com/goravel/gin@v1.18.0/context_request.go:233 [gin.(*ContextRequest).Next]
/Users/mac/go/pkg/mod/github.com/goravel/gin@v1.18.0/context_response.go:164 [gin.(*responseMiddleware).Handle]
/Users/mac/go/pkg/mod/github.com/goravel/gin@v1.18.0/utils.go:66 [gin.middlewareToGinHandler.func1]
/Users/mac/go/pkg/mod/github.com/gin-gonic/gin@v1.12.0/context.go:192 [gin.(*Context).Next]
/Users/mac/go/pkg/mod/github.com/goravel/gin@v1.18.0/context_request.go:233 [gin.(*ContextRequest).Next]
/Users/mac/code/Sites/goland/workflow_test/packages/goravel-workflow/middleware/jwt.go:34 [middleware.(*Jwt).Handle]
/Users/mac/go/pkg/mod/github.com/goravel/gin@v1.18.0/utils.go:66 [gin.middlewareToGinHandler.func1]
/Users/mac/go/pkg/mod/github.com/gin-gonic/gin@v1.12.0/context.go:192 [gin.(*Context).Next]
/Users/mac/go/pkg/mod/github.com/goravel/gin@v1.18.0/context_request.go:233 [gin.(*ContextRequest).Next]
/Users/mac/go/pkg/mod/github.com/goravel/framework@v1.18.0/http/middleware/check_for_maintenance_mode.go:34 [middleware.(*maintenanceMode).Handle]
/Users/mac/go/pkg/mod/github.com/goravel/gin@v1.18.0/utils.go:66 [gin.middlewareToGinHandler.func1]
/Users/mac/go/pkg/mod/github.com/gin-gonic/gin@v1.12.0/context.go:192 [gin.(*Context).Next]
/Users/mac/go/pkg/mod/github.com/goravel/gin@v1.18.0/context_request.go:233 [gin.(*ContextRequest).Next]
/Users/mac/go/pkg/mod/github.com/goravel/gin@v1.18.0/middleware_tls.go:23 [gin.(*TlsMiddleware).Handle]
/Users/mac/go/pkg/mod/github.com/goravel/gin@v1.18.0/utils.go:66 [gin.middlewareToGinHandler.func1]
/Users/mac/go/pkg/mod/github.com/gin-gonic/gin@v1.12.0/context.go:192 [gin.(*Context).Next]
/Users/mac/go/pkg/mod/github.com/goravel/gin@v1.18.0/context_request.go:233 [gin.(*ContextRequest).Next]
/Users/mac/go/pkg/mod/github.com/goravel/gin@v1.18.0/middleware_cors.go:42 [gin.(*CorsMiddleware).Handle]
/Users/mac/go/pkg/mod/github.com/goravel/gin@v1.18.0/utils.go:66 [gin.middlewareToGinHandler.func1]
/Users/mac/go/pkg/mod/github.com/gin-gonic/gin@v1.12.0/context.go:192 [gin.(*Context).Next]
[2026-07-26 20:12:59.591] local.info: [0.800ms] [rows:0] SELECT * FROM `proc_comments` WHERE entry_id=4 AND status=1 ORDER BY id asc
[Context] map[trace.traceContextKeyType:{Span:<nil> sc:{traceID:[0 0 0 0 0 0 0 0 0 0 0 0 0 0 0 0] spanID:[0 0 0 0 0 0 0 0] traceFlags:0 traceState:{list:[]} remote:false}}]
[2026-07-26 20:13:02.058] local.info: [0.596ms] [rows:1] SELECT * FROM `templateforms` WHERE `templateforms`.`template_id` = 3
[Context] map[trace.traceContextKeyType:{Span:<nil> sc:{traceID:[0 0 0 0 0 0 0 0 0 0 0 0 0 0 0 0] spanID:[0 0 0 0 0 0 0 0] traceFlags:0 traceState:{list:[]} remote:false}}]
[2026-07-26 20:13:02.058] local.info: [1.255ms] [rows:1] SELECT * FROM `templates` WHERE `templates`.`id` = 3
[Context] map[trace.traceContextKeyType:{Span:<nil> sc:{traceID:[0 0 0 0 0 0 0 0 0 0 0 0 0 0 0 0] spanID:[0 0 0 0 0 0 0 0] traceFlags:0 traceState:{list:[]} remote:false}}]
[2026-07-26 20:13:02.058] local.info: [2.192ms] [rows:1] SELECT * FROM `flows` WHERE `id` = 3
[Context] map[trace.traceContextKeyType:{Span:<nil> sc:{traceID:[0 0 0 0 0 0 0 0 0 0 0 0 0 0 0 0] spanID:[0 0 0 0 0 0 0 0] traceFlags:0 traceState:{list:[]} remote:false}}]
[2026-07-26 20:13:02.089] local.info: [2.009ms] [rows:1] SELECT * FROM `entries` WHERE id=4
[Context] map[trace.traceContextKeyType:{Span:<nil> sc:{traceID:[0 0 0 0 0 0 0 0 0 0 0 0 0 0 0 0] spanID:[0 0 0 0 0 0 0 0] traceFlags:0 traceState:{list:[]} remote:false}}]
[2026-07-26 20:13:02.089] local.info: [0.619ms] [rows:1] SELECT * FROM `entrydatas` WHERE entry_id=4 OR entry_id=0
[Context] map[trace.traceContextKeyType:{Span:<nil> sc:{traceID:[0 0 0 0 0 0 0 0 0 0 0 0 0 0 0 0] spanID:[0 0 0 0 0 0 0 0] traceFlags:0 traceState:{list:[]} remote:false}}]
[2026-07-26 20:13:02.091] local.info: [1.820ms] [rows:0] SELECT * FROM `flowlinks` WHERE next_process_id=7 AND type='Condition'
[Context] map[trace.traceContextKeyType:{Span:<nil> sc:{traceID:[0 0 0 0 0 0 0 0 0 0 0 0 0 0 0 0] spanID:[0 0 0 0 0 0 0 0] traceFlags:0 traceState:{list:[]} remote:false}}]
[2026-07-26 20:13:02.093] local.error: [0.864ms] [rows:0] SELECT * FROM `plugin_configs` WHERE process_id=0	Error 1146 (42S02): Table 'workflow_test.plugin_configs' doesn't exist
[Context] map[trace.traceContextKeyType:{Span:<nil> sc:{traceID:[0 0 0 0 0 0 0 0 0 0 0 0 0 0 0 0] spanID:[0 0 0 0 0 0 0 0] traceFlags:0 traceState:{list:[]} remote:false}}]
[Trace] /Users/mac/go/pkg/mod/github.com/goravel/framework@v1.18.0/log/writer.go:209 [log.(*Writer).withStackTrace]
/Users/mac/go/pkg/mod/github.com/goravel/framework@v1.18.0/log/writer.go:65 [log.(*Writer).Errorf]
/Users/mac/go/pkg/mod/github.com/goravel/framework@v1.18.0/database/db/logger.go:79 [db.(*Logger).Errorf]
/Users/mac/go/pkg/mod/github.com/goravel/framework@v1.18.0/database/db/logger.go:102 [db.(*Logger).Trace]
/Users/mac/go/pkg/mod/github.com/goravel/framework@v1.18.0/database/db/logger.go:153 [db.(*Gorm).Trace]
/Users/mac/go/pkg/mod/gorm.io/gorm@v1.31.2/callbacks.go:140 [gorm.(*processor).Execute]
/Users/mac/go/pkg/mod/gorm.io/gorm@v1.31.2/finisher_api.go:182 [gorm.(*DB).Find]
/Users/mac/go/pkg/mod/github.com/goravel/framework@v1.18.0/database/gorm/query.go:278 [gorm.(*Query).Find]
/Users/mac/code/Sites/goland/workflow_test/packages/goravel-workflow/controllers/entry_controller.go:135 [controllers.(*EntryController).EntryData]
/Users/mac/go/pkg/mod/github.com/goravel/gin@v1.18.0/utils.go:37 [gin.handlerToGinHandler.func1]
/Users/mac/go/pkg/mod/github.com/gin-gonic/gin@v1.12.0/context.go:192 [gin.(*Context).Next]
/Users/mac/go/pkg/mod/github.com/goravel/gin@v1.18.0/context_request.go:233 [gin.(*ContextRequest).Next]
/Users/mac/go/pkg/mod/github.com/goravel/gin@v1.18.0/context_response.go:164 [gin.(*responseMiddleware).Handle]
/Users/mac/go/pkg/mod/github.com/goravel/gin@v1.18.0/utils.go:66 [gin.middlewareToGinHandler.func1]
/Users/mac/go/pkg/mod/github.com/gin-gonic/gin@v1.12.0/context.go:192 [gin.(*Context).Next]
/Users/mac/go/pkg/mod/github.com/goravel/gin@v1.18.0/context_request.go:233 [gin.(*ContextRequest).Next]
/Users/mac/code/Sites/goland/workflow_test/packages/goravel-workflow/middleware/jwt.go:34 [middleware.(*Jwt).Handle]
/Users/mac/go/pkg/mod/github.com/goravel/gin@v1.18.0/utils.go:66 [gin.middlewareToGinHandler.func1]
/Users/mac/go/pkg/mod/github.com/gin-gonic/gin@v1.12.0/context.go:192 [gin.(*Context).Next]
/Users/mac/go/pkg/mod/github.com/goravel/gin@v1.18.0/context_request.go:233 [gin.(*ContextRequest).Next]
/Users/mac/go/pkg/mod/github.com/goravel/framework@v1.18.0/http/middleware/check_for_maintenance_mode.go:34 [middleware.(*maintenanceMode).Handle]
/Users/mac/go/pkg/mod/github.com/goravel/gin@v1.18.0/utils.go:66 [gin.middlewareToGinHandler.func1]
/Users/mac/go/pkg/mod/github.com/gin-gonic/gin@v1.12.0/context.go:192 [gin.(*Context).Next]
/Users/mac/go/pkg/mod/github.com/goravel/gin@v1.18.0/context_request.go:233 [gin.(*ContextRequest).Next]
/Users/mac/go/pkg/mod/github.com/goravel/gin@v1.18.0/middleware_tls.go:23 [gin.(*TlsMiddleware).Handle]
/Users/mac/go/pkg/mod/github.com/goravel/gin@v1.18.0/utils.go:66 [gin.middlewareToGinHandler.func1]
/Users/mac/go/pkg/mod/github.com/gin-gonic/gin@v1.12.0/context.go:192 [gin.(*Context).Next]
/Users/mac/go/pkg/mod/github.com/goravel/gin@v1.18.0/context_request.go:233 [gin.(*ContextRequest).Next]
/Users/mac/go/pkg/mod/github.com/goravel/gin@v1.18.0/middleware_cors.go:42 [gin.(*CorsMiddleware).Handle]
/Users/mac/go/pkg/mod/github.com/goravel/gin@v1.18.0/utils.go:66 [gin.middlewareToGinHandler.func1]
/Users/mac/go/pkg/mod/github.com/gin-gonic/gin@v1.12.0/context.go:192 [gin.(*Context).Next]
[2026-07-26 20:13:02.109] local.info: [1.785ms] [rows:0] SELECT * FROM `proc_comments` WHERE entry_id=4 AND status=1 ORDER BY id asc
[Context] map[trace.traceContextKeyType:{Span:<nil> sc:{traceID:[0 0 0 0 0 0 0 0 0 0 0 0 0 0 0 0] spanID:[0 0 0 0 0 0 0 0] traceFlags:0 traceState:{list:[]} remote:false}}]
[2026-07-26 20:13:06.282] local.info: [0.913ms] [rows:9] SELECT name as label,id as value FROM `emps` WHERE name like '%市场%' OR workno like '%市场%'
[Context] map[trace.traceContextKeyType:{Span:<nil> sc:{traceID:[0 0 0 0 0 0 0 0 0 0 0 0 0 0 0 0] spanID:[0 0 0 0 0 0 0 0] traceFlags:0 traceState:{list:[]} remote:false}}]
[2026-07-26 20:13:09.372] local.info: [1.052ms] [rows:16] SELECT name as label,id as value FROM `emps` WHERE name like '%%' OR workno like '%%'
[Context] map[trace.traceContextKeyType:{Span:<nil> sc:{traceID:[0 0 0 0 0 0 0 0 0 0 0 0 0 0 0 0] spanID:[0 0 0 0 0 0 0 0] traceFlags:0 traceState:{list:[]} remote:false}}]
[2026-07-26 20:13:23.959] local.info: [0.494ms] [rows:1] SELECT * FROM `templateforms` WHERE `templateforms`.`template_id` = 3
[Context] map[trace.traceContextKeyType:{Span:<nil> sc:{traceID:[0 0 0 0 0 0 0 0 0 0 0 0 0 0 0 0] spanID:[0 0 0 0 0 0 0 0] traceFlags:0 traceState:{list:[]} remote:false}}]
[2026-07-26 20:13:23.959] local.info: [1.307ms] [rows:1] SELECT * FROM `templates` WHERE `templates`.`id` = 3
[Context] map[trace.traceContextKeyType:{Span:<nil> sc:{traceID:[0 0 0 0 0 0 0 0 0 0 0 0 0 0 0 0] spanID:[0 0 0 0 0 0 0 0] traceFlags:0 traceState:{list:[]} remote:false}}]
[2026-07-26 20:13:23.959] local.info: [2.368ms] [rows:1] SELECT * FROM `flows` WHERE `id` = 3
[Context] map[trace.traceContextKeyType:{Span:<nil> sc:{traceID:[0 0 0 0 0 0 0 0 0 0 0 0 0 0 0 0] spanID:[0 0 0 0 0 0 0 0] traceFlags:0 traceState:{list:[]} remote:false}}]
[2026-07-26 20:13:23.99] local.info: [0.722ms] [rows:1] SELECT * FROM `entries` WHERE id=4
[Context] map[trace.traceContextKeyType:{Span:<nil> sc:{traceID:[0 0 0 0 0 0 0 0 0 0 0 0 0 0 0 0] spanID:[0 0 0 0 0 0 0 0] traceFlags:0 traceState:{list:[]} remote:false}}]
[2026-07-26 20:13:23.991] local.info: [0.420ms] [rows:1] SELECT * FROM `entrydatas` WHERE entry_id=4 OR entry_id=0
[Context] map[trace.traceContextKeyType:{Span:<nil> sc:{traceID:[0 0 0 0 0 0 0 0 0 0 0 0 0 0 0 0] spanID:[0 0 0 0 0 0 0 0] traceFlags:0 traceState:{list:[]} remote:false}}]
[2026-07-26 20:13:23.991] local.info: [0.388ms] [rows:0] SELECT * FROM `flowlinks` WHERE next_process_id=7 AND type='Condition'
[Context] map[trace.traceContextKeyType:{Span:<nil> sc:{traceID:[0 0 0 0 0 0 0 0 0 0 0 0 0 0 0 0] spanID:[0 0 0 0 0 0 0 0] traceFlags:0 traceState:{list:[]} remote:false}}]
[2026-07-26 20:13:23.991] local.error: [0.345ms] [rows:0] SELECT * FROM `plugin_configs` WHERE process_id=0	Error 1146 (42S02): Table 'workflow_test.plugin_configs' doesn't exist
[Context] map[trace.traceContextKeyType:{Span:<nil> sc:{traceID:[0 0 0 0 0 0 0 0 0 0 0 0 0 0 0 0] spanID:[0 0 0 0 0 0 0 0] traceFlags:0 traceState:{list:[]} remote:false}}]
[Trace] /Users/mac/go/pkg/mod/github.com/goravel/framework@v1.18.0/log/writer.go:209 [log.(*Writer).withStackTrace]
/Users/mac/go/pkg/mod/github.com/goravel/framework@v1.18.0/log/writer.go:65 [log.(*Writer).Errorf]
/Users/mac/go/pkg/mod/github.com/goravel/framework@v1.18.0/database/db/logger.go:79 [db.(*Logger).Errorf]
/Users/mac/go/pkg/mod/github.com/goravel/framework@v1.18.0/database/db/logger.go:102 [db.(*Logger).Trace]
/Users/mac/go/pkg/mod/github.com/goravel/framework@v1.18.0/database/db/logger.go:153 [db.(*Gorm).Trace]
/Users/mac/go/pkg/mod/gorm.io/gorm@v1.31.2/callbacks.go:140 [gorm.(*processor).Execute]
/Users/mac/go/pkg/mod/gorm.io/gorm@v1.31.2/finisher_api.go:182 [gorm.(*DB).Find]
/Users/mac/go/pkg/mod/github.com/goravel/framework@v1.18.0/database/gorm/query.go:278 [gorm.(*Query).Find]
/Users/mac/code/Sites/goland/workflow_test/packages/goravel-workflow/controllers/entry_controller.go:135 [controllers.(*EntryController).EntryData]
/Users/mac/go/pkg/mod/github.com/goravel/gin@v1.18.0/utils.go:37 [gin.handlerToGinHandler.func1]
/Users/mac/go/pkg/mod/github.com/gin-gonic/gin@v1.12.0/context.go:192 [gin.(*Context).Next]
/Users/mac/go/pkg/mod/github.com/goravel/gin@v1.18.0/context_request.go:233 [gin.(*ContextRequest).Next]
/Users/mac/go/pkg/mod/github.com/goravel/gin@v1.18.0/context_response.go:164 [gin.(*responseMiddleware).Handle]
/Users/mac/go/pkg/mod/github.com/goravel/gin@v1.18.0/utils.go:66 [gin.middlewareToGinHandler.func1]
/Users/mac/go/pkg/mod/github.com/gin-gonic/gin@v1.12.0/context.go:192 [gin.(*Context).Next]
/Users/mac/go/pkg/mod/github.com/goravel/gin@v1.18.0/context_request.go:233 [gin.(*ContextRequest).Next]
/Users/mac/code/Sites/goland/workflow_test/packages/goravel-workflow/middleware/jwt.go:34 [middleware.(*Jwt).Handle]
/Users/mac/go/pkg/mod/github.com/goravel/gin@v1.18.0/utils.go:66 [gin.middlewareToGinHandler.func1]
/Users/mac/go/pkg/mod/github.com/gin-gonic/gin@v1.12.0/context.go:192 [gin.(*Context).Next]
/Users/mac/go/pkg/mod/github.com/goravel/gin@v1.18.0/context_request.go:233 [gin.(*ContextRequest).Next]
/Users/mac/go/pkg/mod/github.com/goravel/framework@v1.18.0/http/middleware/check_for_maintenance_mode.go:34 [middleware.(*maintenanceMode).Handle]
/Users/mac/go/pkg/mod/github.com/goravel/gin@v1.18.0/utils.go:66 [gin.middlewareToGinHandler.func1]
/Users/mac/go/pkg/mod/github.com/gin-gonic/gin@v1.12.0/context.go:192 [gin.(*Context).Next]
/Users/mac/go/pkg/mod/github.com/goravel/gin@v1.18.0/context_request.go:233 [gin.(*ContextRequest).Next]
/Users/mac/go/pkg/mod/github.com/goravel/gin@v1.18.0/middleware_tls.go:23 [gin.(*TlsMiddleware).Handle]
/Users/mac/go/pkg/mod/github.com/goravel/gin@v1.18.0/utils.go:66 [gin.middlewareToGinHandler.func1]
/Users/mac/go/pkg/mod/github.com/gin-gonic/gin@v1.12.0/context.go:192 [gin.(*Context).Next]
/Users/mac/go/pkg/mod/github.com/goravel/gin@v1.18.0/context_request.go:233 [gin.(*ContextRequest).Next]
/Users/mac/go/pkg/mod/github.com/goravel/gin@v1.18.0/middleware_cors.go:42 [gin.(*CorsMiddleware).Handle]
/Users/mac/go/pkg/mod/github.com/goravel/gin@v1.18.0/utils.go:66 [gin.middlewareToGinHandler.func1]
/Users/mac/go/pkg/mod/github.com/gin-gonic/gin@v1.12.0/context.go:192 [gin.(*Context).Next]
[2026-07-26 20:13:24.001] local.info: [0.528ms] [rows:0] SELECT * FROM `proc_comments` WHERE entry_id=4 AND status=1 ORDER BY id asc
[Context] map[trace.traceContextKeyType:{Span:<nil> sc:{traceID:[0 0 0 0 0 0 0 0 0 0 0 0 0 0 0 0] spanID:[0 0 0 0 0 0 0 0] traceFlags:0 traceState:{list:[]} remote:false}}]
[2026-07-26 20:13:24.56] local.info: [1.253ms] [rows:1] SELECT * FROM `templateforms` WHERE `templateforms`.`template_id` = 3
[Context] map[trace.traceContextKeyType:{Span:<nil> sc:{traceID:[0 0 0 0 0 0 0 0 0 0 0 0 0 0 0 0] spanID:[0 0 0 0 0 0 0 0] traceFlags:0 traceState:{list:[]} remote:false}}]
[2026-07-26 20:13:24.56] local.info: [2.690ms] [rows:1] SELECT * FROM `templates` WHERE `templates`.`id` = 3
[Context] map[trace.traceContextKeyType:{Span:<nil> sc:{traceID:[0 0 0 0 0 0 0 0 0 0 0 0 0 0 0 0] spanID:[0 0 0 0 0 0 0 0] traceFlags:0 traceState:{list:[]} remote:false}}]
[2026-07-26 20:13:24.56] local.info: [3.654ms] [rows:1] SELECT * FROM `flows` WHERE `id` = 3
[Context] map[trace.traceContextKeyType:{Span:<nil> sc:{traceID:[0 0 0 0 0 0 0 0 0 0 0 0 0 0 0 0] spanID:[0 0 0 0 0 0 0 0] traceFlags:0 traceState:{list:[]} remote:false}}]
[2026-07-26 20:13:24.593] local.info: [0.684ms] [rows:1] SELECT * FROM `entries` WHERE id=4
[Context] map[trace.traceContextKeyType:{Span:<nil> sc:{traceID:[0 0 0 0 0 0 0 0 0 0 0 0 0 0 0 0] spanID:[0 0 0 0 0 0 0 0] traceFlags:0 traceState:{list:[]} remote:false}}]
[2026-07-26 20:13:24.594] local.info: [0.443ms] [rows:1] SELECT * FROM `entrydatas` WHERE entry_id=4 OR entry_id=0
[Context] map[trace.traceContextKeyType:{Span:<nil> sc:{traceID:[0 0 0 0 0 0 0 0 0 0 0 0 0 0 0 0] spanID:[0 0 0 0 0 0 0 0] traceFlags:0 traceState:{list:[]} remote:false}}]
[2026-07-26 20:13:24.594] local.info: [0.402ms] [rows:0] SELECT * FROM `flowlinks` WHERE next_process_id=7 AND type='Condition'
[Context] map[trace.traceContextKeyType:{Span:<nil> sc:{traceID:[0 0 0 0 0 0 0 0 0 0 0 0 0 0 0 0] spanID:[0 0 0 0 0 0 0 0] traceFlags:0 traceState:{list:[]} remote:false}}]
[2026-07-26 20:13:24.594] local.error: [0.329ms] [rows:0] SELECT * FROM `plugin_configs` WHERE process_id=0	Error 1146 (42S02): Table 'workflow_test.plugin_configs' doesn't exist
[Context] map[trace.traceContextKeyType:{Span:<nil> sc:{traceID:[0 0 0 0 0 0 0 0 0 0 0 0 0 0 0 0] spanID:[0 0 0 0 0 0 0 0] traceFlags:0 traceState:{list:[]} remote:false}}]
[Trace] /Users/mac/go/pkg/mod/github.com/goravel/framework@v1.18.0/log/writer.go:209 [log.(*Writer).withStackTrace]
/Users/mac/go/pkg/mod/github.com/goravel/framework@v1.18.0/log/writer.go:65 [log.(*Writer).Errorf]
/Users/mac/go/pkg/mod/github.com/goravel/framework@v1.18.0/database/db/logger.go:79 [db.(*Logger).Errorf]
/Users/mac/go/pkg/mod/github.com/goravel/framework@v1.18.0/database/db/logger.go:102 [db.(*Logger).Trace]
/Users/mac/go/pkg/mod/github.com/goravel/framework@v1.18.0/database/db/logger.go:153 [db.(*Gorm).Trace]
/Users/mac/go/pkg/mod/gorm.io/gorm@v1.31.2/callbacks.go:140 [gorm.(*processor).Execute]
/Users/mac/go/pkg/mod/gorm.io/gorm@v1.31.2/finisher_api.go:182 [gorm.(*DB).Find]
/Users/mac/go/pkg/mod/github.com/goravel/framework@v1.18.0/database/gorm/query.go:278 [gorm.(*Query).Find]
/Users/mac/code/Sites/goland/workflow_test/packages/goravel-workflow/controllers/entry_controller.go:135 [controllers.(*EntryController).EntryData]
/Users/mac/go/pkg/mod/github.com/goravel/gin@v1.18.0/utils.go:37 [gin.handlerToGinHandler.func1]
/Users/mac/go/pkg/mod/github.com/gin-gonic/gin@v1.12.0/context.go:192 [gin.(*Context).Next]
/Users/mac/go/pkg/mod/github.com/goravel/gin@v1.18.0/context_request.go:233 [gin.(*ContextRequest).Next]
/Users/mac/go/pkg/mod/github.com/goravel/gin@v1.18.0/context_response.go:164 [gin.(*responseMiddleware).Handle]
/Users/mac/go/pkg/mod/github.com/goravel/gin@v1.18.0/utils.go:66 [gin.middlewareToGinHandler.func1]
/Users/mac/go/pkg/mod/github.com/gin-gonic/gin@v1.12.0/context.go:192 [gin.(*Context).Next]
/Users/mac/go/pkg/mod/github.com/goravel/gin@v1.18.0/context_request.go:233 [gin.(*ContextRequest).Next]
/Users/mac/code/Sites/goland/workflow_test/packages/goravel-workflow/middleware/jwt.go:34 [middleware.(*Jwt).Handle]
/Users/mac/go/pkg/mod/github.com/goravel/gin@v1.18.0/utils.go:66 [gin.middlewareToGinHandler.func1]
/Users/mac/go/pkg/mod/github.com/gin-gonic/gin@v1.12.0/context.go:192 [gin.(*Context).Next]
/Users/mac/go/pkg/mod/github.com/goravel/gin@v1.18.0/context_request.go:233 [gin.(*ContextRequest).Next]
/Users/mac/go/pkg/mod/github.com/goravel/framework@v1.18.0/http/middleware/check_for_maintenance_mode.go:34 [middleware.(*maintenanceMode).Handle]
/Users/mac/go/pkg/mod/github.com/goravel/gin@v1.18.0/utils.go:66 [gin.middlewareToGinHandler.func1]
/Users/mac/go/pkg/mod/github.com/gin-gonic/gin@v1.12.0/context.go:192 [gin.(*Context).Next]
/Users/mac/go/pkg/mod/github.com/goravel/gin@v1.18.0/context_request.go:233 [gin.(*ContextRequest).Next]
/Users/mac/go/pkg/mod/github.com/goravel/gin@v1.18.0/middleware_tls.go:23 [gin.(*TlsMiddleware).Handle]
/Users/mac/go/pkg/mod/github.com/goravel/gin@v1.18.0/utils.go:66 [gin.middlewareToGinHandler.func1]
/Users/mac/go/pkg/mod/github.com/gin-gonic/gin@v1.12.0/context.go:192 [gin.(*Context).Next]
/Users/mac/go/pkg/mod/github.com/goravel/gin@v1.18.0/context_request.go:233 [gin.(*ContextRequest).Next]
/Users/mac/go/pkg/mod/github.com/goravel/gin@v1.18.0/middleware_cors.go:42 [gin.(*CorsMiddleware).Handle]
/Users/mac/go/pkg/mod/github.com/goravel/gin@v1.18.0/utils.go:66 [gin.middlewareToGinHandler.func1]
/Users/mac/go/pkg/mod/github.com/gin-gonic/gin@v1.12.0/context.go:192 [gin.(*Context).Next]
[2026-07-26 20:13:24.602] local.info: [0.680ms] [rows:0] SELECT * FROM `proc_comments` WHERE entry_id=4 AND status=1 ORDER BY id asc
[Context] map[trace.traceContextKeyType:{Span:<nil> sc:{traceID:[0 0 0 0 0 0 0 0 0 0 0 0 0 0 0 0] spanID:[0 0 0 0 0 0 0 0] traceFlags:0 traceState:{list:[]} remote:false}}]
[2026-07-26 20:13:29.061] local.info: [1.386ms] [rows:9] SELECT name as label,id as value FROM `emps` WHERE name like '%市场%' OR workno like '%市场%'
[Context] map[trace.traceContextKeyType:{Span:<nil> sc:{traceID:[0 0 0 0 0 0 0 0 0 0 0 0 0 0 0 0] spanID:[0 0 0 0 0 0 0 0] traceFlags:0 traceState:{list:[]} remote:false}}]
[2026-07-26 20:13:34.795] local.info: [0.830ms] [rows:16] SELECT name as label,id as value FROM `emps` WHERE name like '%%' OR workno like '%%'
[Context] map[trace.traceContextKeyType:{Span:<nil> sc:{traceID:[0 0 0 0 0 0 0 0 0 0 0 0 0 0 0 0] spanID:[0 0 0 0 0 0 0 0] traceFlags:0 traceState:{list:[]} remote:false}}]
[2026-07-26 20:13:43.618] local.info: [0.406ms] [rows:1] SELECT * FROM `templateforms` WHERE `templateforms`.`template_id` = 3
[Context] map[trace.traceContextKeyType:{Span:<nil> sc:{traceID:[0 0 0 0 0 0 0 0 0 0 0 0 0 0 0 0] spanID:[0 0 0 0 0 0 0 0] traceFlags:0 traceState:{list:[]} remote:false}}]
[2026-07-26 20:13:43.618] local.info: [0.888ms] [rows:1] SELECT * FROM `templates` WHERE `templates`.`id` = 3
[Context] map[trace.traceContextKeyType:{Span:<nil> sc:{traceID:[0 0 0 0 0 0 0 0 0 0 0 0 0 0 0 0] spanID:[0 0 0 0 0 0 0 0] traceFlags:0 traceState:{list:[]} remote:false}}]
[2026-07-26 20:13:43.618] local.info: [1.568ms] [rows:1] SELECT * FROM `flows` WHERE `id` = 3
[Context] map[trace.traceContextKeyType:{Span:<nil> sc:{traceID:[0 0 0 0 0 0 0 0 0 0 0 0 0 0 0 0] spanID:[0 0 0 0 0 0 0 0] traceFlags:0 traceState:{list:[]} remote:false}}]
[2026-07-26 20:13:43.649] local.info: [0.696ms] [rows:1] SELECT * FROM `entries` WHERE id=4
[Context] map[trace.traceContextKeyType:{Span:<nil> sc:{traceID:[0 0 0 0 0 0 0 0 0 0 0 0 0 0 0 0] spanID:[0 0 0 0 0 0 0 0] traceFlags:0 traceState:{list:[]} remote:false}}]
[2026-07-26 20:13:43.649] local.info: [0.416ms] [rows:1] SELECT * FROM `entrydatas` WHERE entry_id=4 OR entry_id=0
[Context] map[trace.traceContextKeyType:{Span:<nil> sc:{traceID:[0 0 0 0 0 0 0 0 0 0 0 0 0 0 0 0] spanID:[0 0 0 0 0 0 0 0] traceFlags:0 traceState:{list:[]} remote:false}}]
[2026-07-26 20:13:43.65] local.info: [0.372ms] [rows:0] SELECT * FROM `flowlinks` WHERE next_process_id=7 AND type='Condition'
[Context] map[trace.traceContextKeyType:{Span:<nil> sc:{traceID:[0 0 0 0 0 0 0 0 0 0 0 0 0 0 0 0] spanID:[0 0 0 0 0 0 0 0] traceFlags:0 traceState:{list:[]} remote:false}}]
[2026-07-26 20:13:43.65] local.error: [0.310ms] [rows:0] SELECT * FROM `plugin_configs` WHERE process_id=0	Error 1146 (42S02): Table 'workflow_test.plugin_configs' doesn't exist
[Context] map[trace.traceContextKeyType:{Span:<nil> sc:{traceID:[0 0 0 0 0 0 0 0 0 0 0 0 0 0 0 0] spanID:[0 0 0 0 0 0 0 0] traceFlags:0 traceState:{list:[]} remote:false}}]
[Trace] /Users/mac/go/pkg/mod/github.com/goravel/framework@v1.18.0/log/writer.go:209 [log.(*Writer).withStackTrace]
/Users/mac/go/pkg/mod/github.com/goravel/framework@v1.18.0/log/writer.go:65 [log.(*Writer).Errorf]
/Users/mac/go/pkg/mod/github.com/goravel/framework@v1.18.0/database/db/logger.go:79 [db.(*Logger).Errorf]
/Users/mac/go/pkg/mod/github.com/goravel/framework@v1.18.0/database/db/logger.go:102 [db.(*Logger).Trace]
/Users/mac/go/pkg/mod/github.com/goravel/framework@v1.18.0/database/db/logger.go:153 [db.(*Gorm).Trace]
/Users/mac/go/pkg/mod/gorm.io/gorm@v1.31.2/callbacks.go:140 [gorm.(*processor).Execute]
/Users/mac/go/pkg/mod/gorm.io/gorm@v1.31.2/finisher_api.go:182 [gorm.(*DB).Find]
/Users/mac/go/pkg/mod/github.com/goravel/framework@v1.18.0/database/gorm/query.go:278 [gorm.(*Query).Find]
/Users/mac/code/Sites/goland/workflow_test/packages/goravel-workflow/controllers/entry_controller.go:135 [controllers.(*EntryController).EntryData]
/Users/mac/go/pkg/mod/github.com/goravel/gin@v1.18.0/utils.go:37 [gin.handlerToGinHandler.func1]
/Users/mac/go/pkg/mod/github.com/gin-gonic/gin@v1.12.0/context.go:192 [gin.(*Context).Next]
/Users/mac/go/pkg/mod/github.com/goravel/gin@v1.18.0/context_request.go:233 [gin.(*ContextRequest).Next]
/Users/mac/go/pkg/mod/github.com/goravel/gin@v1.18.0/context_response.go:164 [gin.(*responseMiddleware).Handle]
/Users/mac/go/pkg/mod/github.com/goravel/gin@v1.18.0/utils.go:66 [gin.middlewareToGinHandler.func1]
/Users/mac/go/pkg/mod/github.com/gin-gonic/gin@v1.12.0/context.go:192 [gin.(*Context).Next]
/Users/mac/go/pkg/mod/github.com/goravel/gin@v1.18.0/context_request.go:233 [gin.(*ContextRequest).Next]
/Users/mac/code/Sites/goland/workflow_test/packages/goravel-workflow/middleware/jwt.go:34 [middleware.(*Jwt).Handle]
/Users/mac/go/pkg/mod/github.com/goravel/gin@v1.18.0/utils.go:66 [gin.middlewareToGinHandler.func1]
/Users/mac/go/pkg/mod/github.com/gin-gonic/gin@v1.12.0/context.go:192 [gin.(*Context).Next]
/Users/mac/go/pkg/mod/github.com/goravel/gin@v1.18.0/context_request.go:233 [gin.(*ContextRequest).Next]
/Users/mac/go/pkg/mod/github.com/goravel/framework@v1.18.0/http/middleware/check_for_maintenance_mode.go:34 [middleware.(*maintenanceMode).Handle]
/Users/mac/go/pkg/mod/github.com/goravel/gin@v1.18.0/utils.go:66 [gin.middlewareToGinHandler.func1]
/Users/mac/go/pkg/mod/github.com/gin-gonic/gin@v1.12.0/context.go:192 [gin.(*Context).Next]
/Users/mac/go/pkg/mod/github.com/goravel/gin@v1.18.0/context_request.go:233 [gin.(*ContextRequest).Next]
/Users/mac/go/pkg/mod/github.com/goravel/gin@v1.18.0/middleware_tls.go:23 [gin.(*TlsMiddleware).Handle]
/Users/mac/go/pkg/mod/github.com/goravel/gin@v1.18.0/utils.go:66 [gin.middlewareToGinHandler.func1]
/Users/mac/go/pkg/mod/github.com/gin-gonic/gin@v1.12.0/context.go:192 [gin.(*Context).Next]
/Users/mac/go/pkg/mod/github.com/goravel/gin@v1.18.0/context_request.go:233 [gin.(*ContextRequest).Next]
/Users/mac/go/pkg/mod/github.com/goravel/gin@v1.18.0/middleware_cors.go:42 [gin.(*CorsMiddleware).Handle]
/Users/mac/go/pkg/mod/github.com/goravel/gin@v1.18.0/utils.go:66 [gin.middlewareToGinHandler.func1]
/Users/mac/go/pkg/mod/github.com/gin-gonic/gin@v1.12.0/context.go:192 [gin.(*Context).Next]
[2026-07-26 20:13:43.664] local.info: [0.627ms] [rows:0] SELECT * FROM `proc_comments` WHERE entry_id=4 AND status=1 ORDER BY id asc
[Context] map[trace.traceContextKeyType:{Span:<nil> sc:{traceID:[0 0 0 0 0 0 0 0 0 0 0 0 0 0 0 0] spanID:[0 0 0 0 0 0 0 0] traceFlags:0 traceState:{list:[]} remote:false}}]
[2026-07-26 20:13:44.856] local.info: [0.440ms] [rows:1] SELECT * FROM `templateforms` WHERE `templateforms`.`template_id` = 3
[Context] map[trace.traceContextKeyType:{Span:<nil> sc:{traceID:[0 0 0 0 0 0 0 0 0 0 0 0 0 0 0 0] spanID:[0 0 0 0 0 0 0 0] traceFlags:0 traceState:{list:[]} remote:false}}]
[2026-07-26 20:13:44.856] local.info: [0.933ms] [rows:1] SELECT * FROM `templates` WHERE `templates`.`id` = 3
[Context] map[trace.traceContextKeyType:{Span:<nil> sc:{traceID:[0 0 0 0 0 0 0 0 0 0 0 0 0 0 0 0] spanID:[0 0 0 0 0 0 0 0] traceFlags:0 traceState:{list:[]} remote:false}}]
[2026-07-26 20:13:44.856] local.info: [2.007ms] [rows:1] SELECT * FROM `flows` WHERE `id` = 3
[Context] map[trace.traceContextKeyType:{Span:<nil> sc:{traceID:[0 0 0 0 0 0 0 0 0 0 0 0 0 0 0 0] spanID:[0 0 0 0 0 0 0 0] traceFlags:0 traceState:{list:[]} remote:false}}]
[2026-07-26 20:13:44.89] local.info: [0.790ms] [rows:1] SELECT * FROM `entries` WHERE id=4
[Context] map[trace.traceContextKeyType:{Span:<nil> sc:{traceID:[0 0 0 0 0 0 0 0 0 0 0 0 0 0 0 0] spanID:[0 0 0 0 0 0 0 0] traceFlags:0 traceState:{list:[]} remote:false}}]
[2026-07-26 20:13:44.891] local.info: [0.437ms] [rows:1] SELECT * FROM `entrydatas` WHERE entry_id=4 OR entry_id=0
[Context] map[trace.traceContextKeyType:{Span:<nil> sc:{traceID:[0 0 0 0 0 0 0 0 0 0 0 0 0 0 0 0] spanID:[0 0 0 0 0 0 0 0] traceFlags:0 traceState:{list:[]} remote:false}}]
[2026-07-26 20:13:44.891] local.info: [0.532ms] [rows:0] SELECT * FROM `flowlinks` WHERE next_process_id=7 AND type='Condition'
[Context] map[trace.traceContextKeyType:{Span:<nil> sc:{traceID:[0 0 0 0 0 0 0 0 0 0 0 0 0 0 0 0] spanID:[0 0 0 0 0 0 0 0] traceFlags:0 traceState:{list:[]} remote:false}}]
[2026-07-26 20:13:44.892] local.error: [0.447ms] [rows:0] SELECT * FROM `plugin_configs` WHERE process_id=0	Error 1146 (42S02): Table 'workflow_test.plugin_configs' doesn't exist
[Context] map[trace.traceContextKeyType:{Span:<nil> sc:{traceID:[0 0 0 0 0 0 0 0 0 0 0 0 0 0 0 0] spanID:[0 0 0 0 0 0 0 0] traceFlags:0 traceState:{list:[]} remote:false}}]
[Trace] /Users/mac/go/pkg/mod/github.com/goravel/framework@v1.18.0/log/writer.go:209 [log.(*Writer).withStackTrace]
/Users/mac/go/pkg/mod/github.com/goravel/framework@v1.18.0/log/writer.go:65 [log.(*Writer).Errorf]
/Users/mac/go/pkg/mod/github.com/goravel/framework@v1.18.0/database/db/logger.go:79 [db.(*Logger).Errorf]
/Users/mac/go/pkg/mod/github.com/goravel/framework@v1.18.0/database/db/logger.go:102 [db.(*Logger).Trace]
/Users/mac/go/pkg/mod/github.com/goravel/framework@v1.18.0/database/db/logger.go:153 [db.(*Gorm).Trace]
/Users/mac/go/pkg/mod/gorm.io/gorm@v1.31.2/callbacks.go:140 [gorm.(*processor).Execute]
/Users/mac/go/pkg/mod/gorm.io/gorm@v1.31.2/finisher_api.go:182 [gorm.(*DB).Find]
/Users/mac/go/pkg/mod/github.com/goravel/framework@v1.18.0/database/gorm/query.go:278 [gorm.(*Query).Find]
/Users/mac/code/Sites/goland/workflow_test/packages/goravel-workflow/controllers/entry_controller.go:135 [controllers.(*EntryController).EntryData]
/Users/mac/go/pkg/mod/github.com/goravel/gin@v1.18.0/utils.go:37 [gin.handlerToGinHandler.func1]
/Users/mac/go/pkg/mod/github.com/gin-gonic/gin@v1.12.0/context.go:192 [gin.(*Context).Next]
/Users/mac/go/pkg/mod/github.com/goravel/gin@v1.18.0/context_request.go:233 [gin.(*ContextRequest).Next]
/Users/mac/go/pkg/mod/github.com/goravel/gin@v1.18.0/context_response.go:164 [gin.(*responseMiddleware).Handle]
/Users/mac/go/pkg/mod/github.com/goravel/gin@v1.18.0/utils.go:66 [gin.middlewareToGinHandler.func1]
/Users/mac/go/pkg/mod/github.com/gin-gonic/gin@v1.12.0/context.go:192 [gin.(*Context).Next]
/Users/mac/go/pkg/mod/github.com/goravel/gin@v1.18.0/context_request.go:233 [gin.(*ContextRequest).Next]
/Users/mac/code/Sites/goland/workflow_test/packages/goravel-workflow/middleware/jwt.go:34 [middleware.(*Jwt).Handle]
/Users/mac/go/pkg/mod/github.com/goravel/gin@v1.18.0/utils.go:66 [gin.middlewareToGinHandler.func1]
/Users/mac/go/pkg/mod/github.com/gin-gonic/gin@v1.12.0/context.go:192 [gin.(*Context).Next]
/Users/mac/go/pkg/mod/github.com/goravel/gin@v1.18.0/context_request.go:233 [gin.(*ContextRequest).Next]
/Users/mac/go/pkg/mod/github.com/goravel/framework@v1.18.0/http/middleware/check_for_maintenance_mode.go:34 [middleware.(*maintenanceMode).Handle]
/Users/mac/go/pkg/mod/github.com/goravel/gin@v1.18.0/utils.go:66 [gin.middlewareToGinHandler.func1]
/Users/mac/go/pkg/mod/github.com/gin-gonic/gin@v1.12.0/context.go:192 [gin.(*Context).Next]
/Users/mac/go/pkg/mod/github.com/goravel/gin@v1.18.0/context_request.go:233 [gin.(*ContextRequest).Next]
/Users/mac/go/pkg/mod/github.com/goravel/gin@v1.18.0/middleware_tls.go:23 [gin.(*TlsMiddleware).Handle]
/Users/mac/go/pkg/mod/github.com/goravel/gin@v1.18.0/utils.go:66 [gin.middlewareToGinHandler.func1]
/Users/mac/go/pkg/mod/github.com/gin-gonic/gin@v1.12.0/context.go:192 [gin.(*Context).Next]
/Users/mac/go/pkg/mod/github.com/goravel/gin@v1.18.0/context_request.go:233 [gin.(*ContextRequest).Next]
/Users/mac/go/pkg/mod/github.com/goravel/gin@v1.18.0/middleware_cors.go:42 [gin.(*CorsMiddleware).Handle]
/Users/mac/go/pkg/mod/github.com/goravel/gin@v1.18.0/utils.go:66 [gin.middlewareToGinHandler.func1]
/Users/mac/go/pkg/mod/github.com/gin-gonic/gin@v1.12.0/context.go:192 [gin.(*Context).Next]
[2026-07-26 20:13:44.899] local.info: [0.497ms] [rows:0] SELECT * FROM `proc_comments` WHERE entry_id=4 AND status=1 ORDER BY id asc
[Context] map[trace.traceContextKeyType:{Span:<nil> sc:{traceID:[0 0 0 0 0 0 0 0 0 0 0 0 0 0 0 0] spanID:[0 0 0 0 0 0 0 0] traceFlags:0 traceState:{list:[]} remote:false}}]
[2026-07-26 20:13:46.031] local.info: [0.465ms] [rows:1] SELECT * FROM `templateforms` WHERE `templateforms`.`template_id` = 3
[Context] map[trace.traceContextKeyType:{Span:<nil> sc:{traceID:[0 0 0 0 0 0 0 0 0 0 0 0 0 0 0 0] spanID:[0 0 0 0 0 0 0 0] traceFlags:0 traceState:{list:[]} remote:false}}]
[2026-07-26 20:13:46.031] local.info: [0.960ms] [rows:1] SELECT * FROM `templates` WHERE `templates`.`id` = 3
[Context] map[trace.traceContextKeyType:{Span:<nil> sc:{traceID:[0 0 0 0 0 0 0 0 0 0 0 0 0 0 0 0] spanID:[0 0 0 0 0 0 0 0] traceFlags:0 traceState:{list:[]} remote:false}}]
[2026-07-26 20:13:46.031] local.info: [1.749ms] [rows:1] SELECT * FROM `flows` WHERE `id` = 3
[Context] map[trace.traceContextKeyType:{Span:<nil> sc:{traceID:[0 0 0 0 0 0 0 0 0 0 0 0 0 0 0 0] spanID:[0 0 0 0 0 0 0 0] traceFlags:0 traceState:{list:[]} remote:false}}]
[2026-07-26 20:13:46.05] local.info: [0.581ms] [rows:1] SELECT * FROM `entries` WHERE id=4
[Context] map[trace.traceContextKeyType:{Span:<nil> sc:{traceID:[0 0 0 0 0 0 0 0 0 0 0 0 0 0 0 0] spanID:[0 0 0 0 0 0 0 0] traceFlags:0 traceState:{list:[]} remote:false}}]
[2026-07-26 20:13:46.05] local.info: [0.350ms] [rows:1] SELECT * FROM `entrydatas` WHERE entry_id=4 OR entry_id=0
[Context] map[trace.traceContextKeyType:{Span:<nil> sc:{traceID:[0 0 0 0 0 0 0 0 0 0 0 0 0 0 0 0] spanID:[0 0 0 0 0 0 0 0] traceFlags:0 traceState:{list:[]} remote:false}}]
[2026-07-26 20:13:46.05] local.info: [0.335ms] [rows:0] SELECT * FROM `flowlinks` WHERE next_process_id=7 AND type='Condition'
[Context] map[trace.traceContextKeyType:{Span:<nil> sc:{traceID:[0 0 0 0 0 0 0 0 0 0 0 0 0 0 0 0] spanID:[0 0 0 0 0 0 0 0] traceFlags:0 traceState:{list:[]} remote:false}}]
[2026-07-26 20:13:46.051] local.error: [0.287ms] [rows:0] SELECT * FROM `plugin_configs` WHERE process_id=0	Error 1146 (42S02): Table 'workflow_test.plugin_configs' doesn't exist
[Context] map[trace.traceContextKeyType:{Span:<nil> sc:{traceID:[0 0 0 0 0 0 0 0 0 0 0 0 0 0 0 0] spanID:[0 0 0 0 0 0 0 0] traceFlags:0 traceState:{list:[]} remote:false}}]
[Trace] /Users/mac/go/pkg/mod/github.com/goravel/framework@v1.18.0/log/writer.go:209 [log.(*Writer).withStackTrace]
/Users/mac/go/pkg/mod/github.com/goravel/framework@v1.18.0/log/writer.go:65 [log.(*Writer).Errorf]
/Users/mac/go/pkg/mod/github.com/goravel/framework@v1.18.0/database/db/logger.go:79 [db.(*Logger).Errorf]
/Users/mac/go/pkg/mod/github.com/goravel/framework@v1.18.0/database/db/logger.go:102 [db.(*Logger).Trace]
/Users/mac/go/pkg/mod/github.com/goravel/framework@v1.18.0/database/db/logger.go:153 [db.(*Gorm).Trace]
/Users/mac/go/pkg/mod/gorm.io/gorm@v1.31.2/callbacks.go:140 [gorm.(*processor).Execute]
/Users/mac/go/pkg/mod/gorm.io/gorm@v1.31.2/finisher_api.go:182 [gorm.(*DB).Find]
/Users/mac/go/pkg/mod/github.com/goravel/framework@v1.18.0/database/gorm/query.go:278 [gorm.(*Query).Find]
/Users/mac/code/Sites/goland/workflow_test/packages/goravel-workflow/controllers/entry_controller.go:135 [controllers.(*EntryController).EntryData]
/Users/mac/go/pkg/mod/github.com/goravel/gin@v1.18.0/utils.go:37 [gin.handlerToGinHandler.func1]
/Users/mac/go/pkg/mod/github.com/gin-gonic/gin@v1.12.0/context.go:192 [gin.(*Context).Next]
/Users/mac/go/pkg/mod/github.com/goravel/gin@v1.18.0/context_request.go:233 [gin.(*ContextRequest).Next]
/Users/mac/go/pkg/mod/github.com/goravel/gin@v1.18.0/context_response.go:164 [gin.(*responseMiddleware).Handle]
/Users/mac/go/pkg/mod/github.com/goravel/gin@v1.18.0/utils.go:66 [gin.middlewareToGinHandler.func1]
/Users/mac/go/pkg/mod/github.com/gin-gonic/gin@v1.12.0/context.go:192 [gin.(*Context).Next]
/Users/mac/go/pkg/mod/github.com/goravel/gin@v1.18.0/context_request.go:233 [gin.(*ContextRequest).Next]
/Users/mac/code/Sites/goland/workflow_test/packages/goravel-workflow/middleware/jwt.go:34 [middleware.(*Jwt).Handle]
/Users/mac/go/pkg/mod/github.com/goravel/gin@v1.18.0/utils.go:66 [gin.middlewareToGinHandler.func1]
/Users/mac/go/pkg/mod/github.com/gin-gonic/gin@v1.12.0/context.go:192 [gin.(*Context).Next]
/Users/mac/go/pkg/mod/github.com/goravel/gin@v1.18.0/context_request.go:233 [gin.(*ContextRequest).Next]
/Users/mac/go/pkg/mod/github.com/goravel/framework@v1.18.0/http/middleware/check_for_maintenance_mode.go:34 [middleware.(*maintenanceMode).Handle]
/Users/mac/go/pkg/mod/github.com/goravel/gin@v1.18.0/utils.go:66 [gin.middlewareToGinHandler.func1]
/Users/mac/go/pkg/mod/github.com/gin-gonic/gin@v1.12.0/context.go:192 [gin.(*Context).Next]
/Users/mac/go/pkg/mod/github.com/goravel/gin@v1.18.0/context_request.go:233 [gin.(*ContextRequest).Next]
/Users/mac/go/pkg/mod/github.com/goravel/gin@v1.18.0/middleware_tls.go:23 [gin.(*TlsMiddleware).Handle]
/Users/mac/go/pkg/mod/github.com/goravel/gin@v1.18.0/utils.go:66 [gin.middlewareToGinHandler.func1]
/Users/mac/go/pkg/mod/github.com/gin-gonic/gin@v1.12.0/context.go:192 [gin.(*Context).Next]
/Users/mac/go/pkg/mod/github.com/goravel/gin@v1.18.0/context_request.go:233 [gin.(*ContextRequest).Next]
/Users/mac/go/pkg/mod/github.com/goravel/gin@v1.18.0/middleware_cors.go:42 [gin.(*CorsMiddleware).Handle]
/Users/mac/go/pkg/mod/github.com/goravel/gin@v1.18.0/utils.go:66 [gin.middlewareToGinHandler.func1]
/Users/mac/go/pkg/mod/github.com/gin-gonic/gin@v1.12.0/context.go:192 [gin.(*Context).Next]
[2026-07-26 20:13:46.066] local.info: [0.743ms] [rows:0] SELECT * FROM `proc_comments` WHERE entry_id=4 AND status=1 ORDER BY id asc
[Context] map[trace.traceContextKeyType:{Span:<nil> sc:{traceID:[0 0 0 0 0 0 0 0 0 0 0 0 0 0 0 0] spanID:[0 0 0 0 0 0 0 0] traceFlags:0 traceState:{list:[]} remote:false}}]
[2026-07-26 20:13:46.771] local.info: [1.039ms] [rows:1] SELECT * FROM `entries` WHERE id=4
[Context] map[trace.traceContextKeyType:{Span:<nil> sc:{traceID:[0 0 0 0 0 0 0 0 0 0 0 0 0 0 0 0] spanID:[0 0 0 0 0 0 0 0] traceFlags:0 traceState:{list:[]} remote:false}}]
[2026-07-26 20:13:46.772] local.info: [0.714ms] [rows:2] SELECT * FROM `procs` WHERE entry_id=4 AND circle=1
[Context] map[trace.traceContextKeyType:{Span:<nil> sc:{traceID:[0 0 0 0 0 0 0 0 0 0 0 0 0 0 0 0] spanID:[0 0 0 0 0 0 0 0] traceFlags:0 traceState:{list:[]} remote:false}}]
[2026-07-26 20:13:46.772] local.info: [0.592ms] [rows:1] SELECT * FROM `processes` WHERE flow_id=3 AND position=0
[Context] map[trace.traceContextKeyType:{Span:<nil> sc:{traceID:[0 0 0 0 0 0 0 0 0 0 0 0 0 0 0 0] spanID:[0 0 0 0 0 0 0 0] traceFlags:0 traceState:{list:[]} remote:false}}]
[2026-07-26 20:13:46.773] local.info: [0.549ms] [rows:1] SELECT * FROM `processes` WHERE flow_id=3 AND id IN (6) AND position != 9 ORDER BY position ASC
[Context] map[trace.traceContextKeyType:{Span:<nil> sc:{traceID:[0 0 0 0 0 0 0 0 0 0 0 0 0 0 0 0] spanID:[0 0 0 0 0 0 0 0] traceFlags:0 traceState:{list:[]} remote:false}}]
[2026-07-26 20:13:50.311] local.info: [1.254ms] [rows:9] SELECT name as label,id as value FROM `emps` WHERE name like '%市场%' OR workno like '%市场%'
[Context] map[trace.traceContextKeyType:{Span:<nil> sc:{traceID:[0 0 0 0 0 0 0 0 0 0 0 0 0 0 0 0] spanID:[0 0 0 0 0 0 0 0] traceFlags:0 traceState:{list:[]} remote:false}}]
[2026-07-26 20:13:53.925] local.info: [0.671ms] [rows:16] SELECT name as label,id as value FROM `emps` WHERE name like '%%' OR workno like '%%'
[Context] map[trace.traceContextKeyType:{Span:<nil> sc:{traceID:[0 0 0 0 0 0 0 0 0 0 0 0 0 0 0 0] spanID:[0 0 0 0 0 0 0 0] traceFlags:0 traceState:{list:[]} remote:false}}]
[2026-07-26 20:15:02.625] local.info: [0.437ms] [rows:1] SELECT * FROM `templateforms` WHERE `templateforms`.`template_id` = 3
[Context] map[trace.traceContextKeyType:{Span:<nil> sc:{traceID:[0 0 0 0 0 0 0 0 0 0 0 0 0 0 0 0] spanID:[0 0 0 0 0 0 0 0] traceFlags:0 traceState:{list:[]} remote:false}}]
[2026-07-26 20:15:02.625] local.info: [1.106ms] [rows:1] SELECT * FROM `templates` WHERE `templates`.`id` = 3
[Context] map[trace.traceContextKeyType:{Span:<nil> sc:{traceID:[0 0 0 0 0 0 0 0 0 0 0 0 0 0 0 0] spanID:[0 0 0 0 0 0 0 0] traceFlags:0 traceState:{list:[]} remote:false}}]
[2026-07-26 20:15:02.625] local.info: [3.285ms] [rows:1] SELECT * FROM `flows` WHERE `id` = 3
[Context] map[trace.traceContextKeyType:{Span:<nil> sc:{traceID:[0 0 0 0 0 0 0 0 0 0 0 0 0 0 0 0] spanID:[0 0 0 0 0 0 0 0] traceFlags:0 traceState:{list:[]} remote:false}}]
[2026-07-26 20:15:02.642] local.info: [0.785ms] [rows:1] SELECT * FROM `entries` WHERE id=4
[Context] map[trace.traceContextKeyType:{Span:<nil> sc:{traceID:[0 0 0 0 0 0 0 0 0 0 0 0 0 0 0 0] spanID:[0 0 0 0 0 0 0 0] traceFlags:0 traceState:{list:[]} remote:false}}]
[2026-07-26 20:15:02.644] local.info: [0.952ms] [rows:1] SELECT * FROM `entrydatas` WHERE entry_id=4 OR entry_id=0
[Context] map[trace.traceContextKeyType:{Span:<nil> sc:{traceID:[0 0 0 0 0 0 0 0 0 0 0 0 0 0 0 0] spanID:[0 0 0 0 0 0 0 0] traceFlags:0 traceState:{list:[]} remote:false}}]
[2026-07-26 20:15:02.644] local.info: [0.428ms] [rows:0] SELECT * FROM `flowlinks` WHERE next_process_id=7 AND type='Condition'
[Context] map[trace.traceContextKeyType:{Span:<nil> sc:{traceID:[0 0 0 0 0 0 0 0 0 0 0 0 0 0 0 0] spanID:[0 0 0 0 0 0 0 0] traceFlags:0 traceState:{list:[]} remote:false}}]
[2026-07-26 20:15:02.644] local.error: [0.322ms] [rows:0] SELECT * FROM `plugin_configs` WHERE process_id=0	Error 1146 (42S02): Table 'workflow_test.plugin_configs' doesn't exist
[Context] map[trace.traceContextKeyType:{Span:<nil> sc:{traceID:[0 0 0 0 0 0 0 0 0 0 0 0 0 0 0 0] spanID:[0 0 0 0 0 0 0 0] traceFlags:0 traceState:{list:[]} remote:false}}]
[Trace] /Users/mac/go/pkg/mod/github.com/goravel/framework@v1.18.0/log/writer.go:209 [log.(*Writer).withStackTrace]
/Users/mac/go/pkg/mod/github.com/goravel/framework@v1.18.0/log/writer.go:65 [log.(*Writer).Errorf]
/Users/mac/go/pkg/mod/github.com/goravel/framework@v1.18.0/database/db/logger.go:79 [db.(*Logger).Errorf]
/Users/mac/go/pkg/mod/github.com/goravel/framework@v1.18.0/database/db/logger.go:102 [db.(*Logger).Trace]
/Users/mac/go/pkg/mod/github.com/goravel/framework@v1.18.0/database/db/logger.go:153 [db.(*Gorm).Trace]
/Users/mac/go/pkg/mod/gorm.io/gorm@v1.31.2/callbacks.go:140 [gorm.(*processor).Execute]
/Users/mac/go/pkg/mod/gorm.io/gorm@v1.31.2/finisher_api.go:182 [gorm.(*DB).Find]
/Users/mac/go/pkg/mod/github.com/goravel/framework@v1.18.0/database/gorm/query.go:278 [gorm.(*Query).Find]
/Users/mac/code/Sites/goland/workflow_test/packages/goravel-workflow/controllers/entry_controller.go:135 [controllers.(*EntryController).EntryData]
/Users/mac/go/pkg/mod/github.com/goravel/gin@v1.18.0/utils.go:37 [gin.handlerToGinHandler.func1]
/Users/mac/go/pkg/mod/github.com/gin-gonic/gin@v1.12.0/context.go:192 [gin.(*Context).Next]
/Users/mac/go/pkg/mod/github.com/goravel/gin@v1.18.0/context_request.go:233 [gin.(*ContextRequest).Next]
/Users/mac/go/pkg/mod/github.com/goravel/gin@v1.18.0/context_response.go:164 [gin.(*responseMiddleware).Handle]
/Users/mac/go/pkg/mod/github.com/goravel/gin@v1.18.0/utils.go:66 [gin.middlewareToGinHandler.func1]
/Users/mac/go/pkg/mod/github.com/gin-gonic/gin@v1.12.0/context.go:192 [gin.(*Context).Next]
/Users/mac/go/pkg/mod/github.com/goravel/gin@v1.18.0/context_request.go:233 [gin.(*ContextRequest).Next]
/Users/mac/code/Sites/goland/workflow_test/packages/goravel-workflow/middleware/jwt.go:34 [middleware.(*Jwt).Handle]
/Users/mac/go/pkg/mod/github.com/goravel/gin@v1.18.0/utils.go:66 [gin.middlewareToGinHandler.func1]
/Users/mac/go/pkg/mod/github.com/gin-gonic/gin@v1.12.0/context.go:192 [gin.(*Context).Next]
/Users/mac/go/pkg/mod/github.com/goravel/gin@v1.18.0/context_request.go:233 [gin.(*ContextRequest).Next]
/Users/mac/go/pkg/mod/github.com/goravel/framework@v1.18.0/http/middleware/check_for_maintenance_mode.go:34 [middleware.(*maintenanceMode).Handle]
/Users/mac/go/pkg/mod/github.com/goravel/gin@v1.18.0/utils.go:66 [gin.middlewareToGinHandler.func1]
/Users/mac/go/pkg/mod/github.com/gin-gonic/gin@v1.12.0/context.go:192 [gin.(*Context).Next]
/Users/mac/go/pkg/mod/github.com/goravel/gin@v1.18.0/context_request.go:233 [gin.(*ContextRequest).Next]
/Users/mac/go/pkg/mod/github.com/goravel/gin@v1.18.0/middleware_tls.go:23 [gin.(*TlsMiddleware).Handle]
/Users/mac/go/pkg/mod/github.com/goravel/gin@v1.18.0/utils.go:66 [gin.middlewareToGinHandler.func1]
/Users/mac/go/pkg/mod/github.com/gin-gonic/gin@v1.12.0/context.go:192 [gin.(*Context).Next]
/Users/mac/go/pkg/mod/github.com/goravel/gin@v1.18.0/context_request.go:233 [gin.(*ContextRequest).Next]
/Users/mac/go/pkg/mod/github.com/goravel/gin@v1.18.0/middleware_cors.go:42 [gin.(*CorsMiddleware).Handle]
/Users/mac/go/pkg/mod/github.com/goravel/gin@v1.18.0/utils.go:66 [gin.middlewareToGinHandler.func1]
/Users/mac/go/pkg/mod/github.com/gin-gonic/gin@v1.12.0/context.go:192 [gin.(*Context).Next]
[2026-07-26 20:15:02.652] local.info: [1.045ms] [rows:0] SELECT * FROM `proc_comments` WHERE entry_id=4 AND status=1 ORDER BY id asc
[Context] map[trace.traceContextKeyType:{Span:<nil> sc:{traceID:[0 0 0 0 0 0 0 0 0 0 0 0 0 0 0 0] spanID:[0 0 0 0 0 0 0 0] traceFlags:0 traceState:{list:[]} remote:false}}]
[2026-07-26 20:15:03.376] local.info: [1.330ms] [rows:1] SELECT * FROM `templateforms` WHERE `templateforms`.`template_id` = 3
[Context] map[trace.traceContextKeyType:{Span:<nil> sc:{traceID:[0 0 0 0 0 0 0 0 0 0 0 0 0 0 0 0] spanID:[0 0 0 0 0 0 0 0] traceFlags:0 traceState:{list:[]} remote:false}}]
[2026-07-26 20:15:03.377] local.info: [2.011ms] [rows:1] SELECT * FROM `templates` WHERE `templates`.`id` = 3
[Context] map[trace.traceContextKeyType:{Span:<nil> sc:{traceID:[0 0 0 0 0 0 0 0 0 0 0 0 0 0 0 0] spanID:[0 0 0 0 0 0 0 0] traceFlags:0 traceState:{list:[]} remote:false}}]
[2026-07-26 20:15:03.377] local.info: [2.819ms] [rows:1] SELECT * FROM `flows` WHERE `id` = 3
[Context] map[trace.traceContextKeyType:{Span:<nil> sc:{traceID:[0 0 0 0 0 0 0 0 0 0 0 0 0 0 0 0] spanID:[0 0 0 0 0 0 0 0] traceFlags:0 traceState:{list:[]} remote:false}}]
[2026-07-26 20:15:03.405] local.info: [0.630ms] [rows:1] SELECT * FROM `entries` WHERE id=4
[Context] map[trace.traceContextKeyType:{Span:<nil> sc:{traceID:[0 0 0 0 0 0 0 0 0 0 0 0 0 0 0 0] spanID:[0 0 0 0 0 0 0 0] traceFlags:0 traceState:{list:[]} remote:false}}]
[2026-07-26 20:15:03.406] local.info: [0.429ms] [rows:1] SELECT * FROM `entrydatas` WHERE entry_id=4 OR entry_id=0
[Context] map[trace.traceContextKeyType:{Span:<nil> sc:{traceID:[0 0 0 0 0 0 0 0 0 0 0 0 0 0 0 0] spanID:[0 0 0 0 0 0 0 0] traceFlags:0 traceState:{list:[]} remote:false}}]
[2026-07-26 20:15:03.406] local.info: [0.455ms] [rows:0] SELECT * FROM `flowlinks` WHERE next_process_id=7 AND type='Condition'
[Context] map[trace.traceContextKeyType:{Span:<nil> sc:{traceID:[0 0 0 0 0 0 0 0 0 0 0 0 0 0 0 0] spanID:[0 0 0 0 0 0 0 0] traceFlags:0 traceState:{list:[]} remote:false}}]
[2026-07-26 20:15:03.407] local.error: [0.319ms] [rows:0] SELECT * FROM `plugin_configs` WHERE process_id=0	Error 1146 (42S02): Table 'workflow_test.plugin_configs' doesn't exist
[Context] map[trace.traceContextKeyType:{Span:<nil> sc:{traceID:[0 0 0 0 0 0 0 0 0 0 0 0 0 0 0 0] spanID:[0 0 0 0 0 0 0 0] traceFlags:0 traceState:{list:[]} remote:false}}]
[Trace] /Users/mac/go/pkg/mod/github.com/goravel/framework@v1.18.0/log/writer.go:209 [log.(*Writer).withStackTrace]
/Users/mac/go/pkg/mod/github.com/goravel/framework@v1.18.0/log/writer.go:65 [log.(*Writer).Errorf]
/Users/mac/go/pkg/mod/github.com/goravel/framework@v1.18.0/database/db/logger.go:79 [db.(*Logger).Errorf]
/Users/mac/go/pkg/mod/github.com/goravel/framework@v1.18.0/database/db/logger.go:102 [db.(*Logger).Trace]
/Users/mac/go/pkg/mod/github.com/goravel/framework@v1.18.0/database/db/logger.go:153 [db.(*Gorm).Trace]
/Users/mac/go/pkg/mod/gorm.io/gorm@v1.31.2/callbacks.go:140 [gorm.(*processor).Execute]
/Users/mac/go/pkg/mod/gorm.io/gorm@v1.31.2/finisher_api.go:182 [gorm.(*DB).Find]
/Users/mac/go/pkg/mod/github.com/goravel/framework@v1.18.0/database/gorm/query.go:278 [gorm.(*Query).Find]
/Users/mac/code/Sites/goland/workflow_test/packages/goravel-workflow/controllers/entry_controller.go:135 [controllers.(*EntryController).EntryData]
/Users/mac/go/pkg/mod/github.com/goravel/gin@v1.18.0/utils.go:37 [gin.handlerToGinHandler.func1]
/Users/mac/go/pkg/mod/github.com/gin-gonic/gin@v1.12.0/context.go:192 [gin.(*Context).Next]
/Users/mac/go/pkg/mod/github.com/goravel/gin@v1.18.0/context_request.go:233 [gin.(*ContextRequest).Next]
/Users/mac/go/pkg/mod/github.com/goravel/gin@v1.18.0/context_response.go:164 [gin.(*responseMiddleware).Handle]
/Users/mac/go/pkg/mod/github.com/goravel/gin@v1.18.0/utils.go:66 [gin.middlewareToGinHandler.func1]
/Users/mac/go/pkg/mod/github.com/gin-gonic/gin@v1.12.0/context.go:192 [gin.(*Context).Next]
/Users/mac/go/pkg/mod/github.com/goravel/gin@v1.18.0/context_request.go:233 [gin.(*ContextRequest).Next]
/Users/mac/code/Sites/goland/workflow_test/packages/goravel-workflow/middleware/jwt.go:34 [middleware.(*Jwt).Handle]
/Users/mac/go/pkg/mod/github.com/goravel/gin@v1.18.0/utils.go:66 [gin.middlewareToGinHandler.func1]
/Users/mac/go/pkg/mod/github.com/gin-gonic/gin@v1.12.0/context.go:192 [gin.(*Context).Next]
/Users/mac/go/pkg/mod/github.com/goravel/gin@v1.18.0/context_request.go:233 [gin.(*ContextRequest).Next]
/Users/mac/go/pkg/mod/github.com/goravel/framework@v1.18.0/http/middleware/check_for_maintenance_mode.go:34 [middleware.(*maintenanceMode).Handle]
/Users/mac/go/pkg/mod/github.com/goravel/gin@v1.18.0/utils.go:66 [gin.middlewareToGinHandler.func1]
/Users/mac/go/pkg/mod/github.com/gin-gonic/gin@v1.12.0/context.go:192 [gin.(*Context).Next]
/Users/mac/go/pkg/mod/github.com/goravel/gin@v1.18.0/context_request.go:233 [gin.(*ContextRequest).Next]
/Users/mac/go/pkg/mod/github.com/goravel/gin@v1.18.0/middleware_tls.go:23 [gin.(*TlsMiddleware).Handle]
/Users/mac/go/pkg/mod/github.com/goravel/gin@v1.18.0/utils.go:66 [gin.middlewareToGinHandler.func1]
/Users/mac/go/pkg/mod/github.com/gin-gonic/gin@v1.12.0/context.go:192 [gin.(*Context).Next]
/Users/mac/go/pkg/mod/github.com/goravel/gin@v1.18.0/context_request.go:233 [gin.(*ContextRequest).Next]
/Users/mac/go/pkg/mod/github.com/goravel/gin@v1.18.0/middleware_cors.go:42 [gin.(*CorsMiddleware).Handle]
/Users/mac/go/pkg/mod/github.com/goravel/gin@v1.18.0/utils.go:66 [gin.middlewareToGinHandler.func1]
/Users/mac/go/pkg/mod/github.com/gin-gonic/gin@v1.12.0/context.go:192 [gin.(*Context).Next]
[2026-07-26 20:15:03.428] local.info: [0.875ms] [rows:0] SELECT * FROM `proc_comments` WHERE entry_id=4 AND status=1 ORDER BY id asc
[Context] map[trace.traceContextKeyType:{Span:<nil> sc:{traceID:[0 0 0 0 0 0 0 0 0 0 0 0 0 0 0 0] spanID:[0 0 0 0 0 0 0 0] traceFlags:0 traceState:{list:[]} remote:false}}]
[2026-07-26 20:15:06.707] local.info: [0.710ms] [rows:0] SELECT name as label,id as value FROM `emps` WHERE name like '%dong''shi%' OR workno like '%dong''shi%'
[Context] map[trace.traceContextKeyType:{Span:<nil> sc:{traceID:[0 0 0 0 0 0 0 0 0 0 0 0 0 0 0 0] spanID:[0 0 0 0 0 0 0 0] traceFlags:0 traceState:{list:[]} remote:false}}]
[2026-07-26 20:15:07.156] local.info: [0.895ms] [rows:0] SELECT name as label,id as value FROM `emps` WHERE name like '%懂事%' OR workno like '%懂事%'
[Context] map[trace.traceContextKeyType:{Span:<nil> sc:{traceID:[0 0 0 0 0 0 0 0 0 0 0 0 0 0 0 0] spanID:[0 0 0 0 0 0 0 0] traceFlags:0 traceState:{list:[]} remote:false}}]
[2026-07-26 20:15:07.738] local.info: [1.465ms] [rows:16] SELECT name as label,id as value FROM `emps` WHERE name like '%%' OR workno like '%%'
[Context] map[trace.traceContextKeyType:{Span:<nil> sc:{traceID:[0 0 0 0 0 0 0 0 0 0 0 0 0 0 0 0] spanID:[0 0 0 0 0 0 0 0] traceFlags:0 traceState:{list:[]} remote:false}}]
[2026-07-26 20:15:08.296] local.info: [0.753ms] [rows:0] SELECT name as label,id as value FROM `emps` WHERE name like '%d%' OR workno like '%d%'
[Context] map[trace.traceContextKeyType:{Span:<nil> sc:{traceID:[0 0 0 0 0 0 0 0 0 0 0 0 0 0 0 0] spanID:[0 0 0 0 0 0 0 0] traceFlags:0 traceState:{list:[]} remote:false}}]
[2026-07-26 20:15:08.956] local.info: [0.812ms] [rows:16] SELECT name as label,id as value FROM `emps` WHERE name like '%%' OR workno like '%%'
[Context] map[trace.traceContextKeyType:{Span:<nil> sc:{traceID:[0 0 0 0 0 0 0 0 0 0 0 0 0 0 0 0] spanID:[0 0 0 0 0 0 0 0] traceFlags:0 traceState:{list:[]} remote:false}}]
[2026-07-26 20:15:13.487] local.info: [1.206ms] [rows:1] SELECT * FROM `emps` WHERE `emps`.`id` = '8'
[Context] map[trace.traceContextKeyType:{Span:<nil> sc:{traceID:[0 0 0 0 0 0 0 0 0 0 0 0 0 0 0 0] spanID:[0 0 0 0 0 0 0 0] traceFlags:0 traceState:{list:[]} remote:false}}]
[2026-07-26 20:15:13.488] local.info: [0.732ms] [rows:1] SELECT * FROM `entries` WHERE id=4 ORDER BY `entries`.`id` LIMIT 1
[Context] map[trace.traceContextKeyType:{Span:<nil> sc:{traceID:[0 0 0 0 0 0 0 0 0 0 0 0 0 0 0 0] spanID:[0 0 0 0 0 0 0 0] traceFlags:0 traceState:{list:[]} remote:false}}]
[2026-07-26 20:15:13.489] local.info: [0.784ms] [rows:1] SELECT * FROM `procs` WHERE entry_id=4 AND process_id=7 AND emp_id=8 AND status=0 ORDER BY `procs`.`id` LIMIT 1
[Context] map[trace.traceContextKeyType:{Span:<nil> sc:{traceID:[0 0 0 0 0 0 0 0 0 0 0 0 0 0 0 0] spanID:[0 0 0 0 0 0 0 0] traceFlags:0 traceState:{list:[]} remote:false}}]
[2026-07-26 20:15:13.49] local.info: [0.388ms] [rows:1] SELECT * FROM `depts` WHERE `depts`.`id` = 1
[Context] map[trace.traceContextKeyType:{Span:<nil> sc:{traceID:[0 0 0 0 0 0 0 0 0 0 0 0 0 0 0 0] spanID:[0 0 0 0 0 0 0 0] traceFlags:0 traceState:{list:[]} remote:false}}]
[2026-07-26 20:15:13.49] local.info: [0.965ms] [rows:1] SELECT * FROM `emps` WHERE id=1 ORDER BY `emps`.`id` LIMIT 1
[Context] map[trace.traceContextKeyType:{Span:<nil> sc:{traceID:[0 0 0 0 0 0 0 0 0 0 0 0 0 0 0 0] spanID:[0 0 0 0 0 0 0 0] traceFlags:0 traceState:{list:[]} remote:false}}]
[2026-07-26 20:15:13.492] local.info: [1.635ms] [rows:1] INSERT INTO `proc_add_signs` (`created_at`,`updated_at`,`entry_id`,`proc_id`,`sign_type`,`sign_emp_id`,`sign_emp_name`,`status`) VALUES ('2026-07-26 20:15:13.49','2026-07-26 20:15:13.49',4,8,'before',1,'董事长',0)
[Context] map[trace.traceContextKeyType:{Span:<nil> sc:{traceID:[0 0 0 0 0 0 0 0 0 0 0 0 0 0 0 0] spanID:[0 0 0 0 0 0 0 0] traceFlags:0 traceState:{list:[]} remote:false}}]
[2026-07-26 20:15:13.493] local.info: [0.639ms] [rows:1] INSERT INTO `procs` (`created_at`,`updated_at`,`entry_id`,`flow_id`,`process_id`,`process_name`,`emp_id`,`auditor_id`,`auditor_name`,`auditor_dept`,`status`,`is_read`,`is_real`,`circle`,`beizhu`,`concurrence`,`unpass_target_process_id`,`emp_name`,`dept_name`) VALUES ('2026-07-26 20:15:13.492','2026-07-26 20:15:13.492',4,3,7,'市场部',1,0,'','',0,0,true,1,'','2026-07-26 20:15:13.492',0,'董事长','总部')
[Context] map[trace.traceContextKeyType:{Span:<nil> sc:{traceID:[0 0 0 0 0 0 0 0 0 0 0 0 0 0 0 0] spanID:[0 0 0 0 0 0 0 0] traceFlags:0 traceState:{list:[]} remote:false}}]
[2026-07-26 20:15:13.493] local.info: NotifyNextAuditor called with id=1
[2026-07-26 20:15:13.493] local.info: Calling hook: NotifyNextAuditorHook
[2026-07-26 20:15:13.493] local.info: NotifyNextAuditor通知来咯1
[2026-07-26 20:15:13.493] local.info: Hook completed: NotifyNextAuditorHook
[2026-07-26 20:15:16.114] local.info: [0.877ms] [rows:1] SELECT * FROM `templateforms` WHERE `templateforms`.`template_id` = 3
[Context] map[trace.traceContextKeyType:{Span:<nil> sc:{traceID:[0 0 0 0 0 0 0 0 0 0 0 0 0 0 0 0] spanID:[0 0 0 0 0 0 0 0] traceFlags:0 traceState:{list:[]} remote:false}}]
[2026-07-26 20:15:16.114] local.info: [1.657ms] [rows:1] SELECT * FROM `templates` WHERE `templates`.`id` = 3
[Context] map[trace.traceContextKeyType:{Span:<nil> sc:{traceID:[0 0 0 0 0 0 0 0 0 0 0 0 0 0 0 0] spanID:[0 0 0 0 0 0 0 0] traceFlags:0 traceState:{list:[]} remote:false}}]
[2026-07-26 20:15:16.114] local.info: [2.697ms] [rows:1] SELECT * FROM `flows` WHERE `id` = 3
[Context] map[trace.traceContextKeyType:{Span:<nil> sc:{traceID:[0 0 0 0 0 0 0 0 0 0 0 0 0 0 0 0] spanID:[0 0 0 0 0 0 0 0] traceFlags:0 traceState:{list:[]} remote:false}}]
[2026-07-26 20:15:16.143] local.info: [0.862ms] [rows:1] SELECT * FROM `entries` WHERE id=4
[Context] map[trace.traceContextKeyType:{Span:<nil> sc:{traceID:[0 0 0 0 0 0 0 0 0 0 0 0 0 0 0 0] spanID:[0 0 0 0 0 0 0 0] traceFlags:0 traceState:{list:[]} remote:false}}]
[2026-07-26 20:15:16.144] local.info: [0.627ms] [rows:1] SELECT * FROM `entrydatas` WHERE entry_id=4 OR entry_id=0
[Context] map[trace.traceContextKeyType:{Span:<nil> sc:{traceID:[0 0 0 0 0 0 0 0 0 0 0 0 0 0 0 0] spanID:[0 0 0 0 0 0 0 0] traceFlags:0 traceState:{list:[]} remote:false}}]
[2026-07-26 20:15:16.145] local.info: [0.553ms] [rows:0] SELECT * FROM `flowlinks` WHERE next_process_id=7 AND type='Condition'
[Context] map[trace.traceContextKeyType:{Span:<nil> sc:{traceID:[0 0 0 0 0 0 0 0 0 0 0 0 0 0 0 0] spanID:[0 0 0 0 0 0 0 0] traceFlags:0 traceState:{list:[]} remote:false}}]
[2026-07-26 20:15:16.145] local.error: [0.417ms] [rows:0] SELECT * FROM `plugin_configs` WHERE process_id=0	Error 1146 (42S02): Table 'workflow_test.plugin_configs' doesn't exist
[Context] map[trace.traceContextKeyType:{Span:<nil> sc:{traceID:[0 0 0 0 0 0 0 0 0 0 0 0 0 0 0 0] spanID:[0 0 0 0 0 0 0 0] traceFlags:0 traceState:{list:[]} remote:false}}]
[Trace] /Users/mac/go/pkg/mod/github.com/goravel/framework@v1.18.0/log/writer.go:209 [log.(*Writer).withStackTrace]
/Users/mac/go/pkg/mod/github.com/goravel/framework@v1.18.0/log/writer.go:65 [log.(*Writer).Errorf]
/Users/mac/go/pkg/mod/github.com/goravel/framework@v1.18.0/database/db/logger.go:79 [db.(*Logger).Errorf]
/Users/mac/go/pkg/mod/github.com/goravel/framework@v1.18.0/database/db/logger.go:102 [db.(*Logger).Trace]
/Users/mac/go/pkg/mod/github.com/goravel/framework@v1.18.0/database/db/logger.go:153 [db.(*Gorm).Trace]
/Users/mac/go/pkg/mod/gorm.io/gorm@v1.31.2/callbacks.go:140 [gorm.(*processor).Execute]
/Users/mac/go/pkg/mod/gorm.io/gorm@v1.31.2/finisher_api.go:182 [gorm.(*DB).Find]
/Users/mac/go/pkg/mod/github.com/goravel/framework@v1.18.0/database/gorm/query.go:278 [gorm.(*Query).Find]
/Users/mac/code/Sites/goland/workflow_test/packages/goravel-workflow/controllers/entry_controller.go:135 [controllers.(*EntryController).EntryData]
/Users/mac/go/pkg/mod/github.com/goravel/gin@v1.18.0/utils.go:37 [gin.handlerToGinHandler.func1]
/Users/mac/go/pkg/mod/github.com/gin-gonic/gin@v1.12.0/context.go:192 [gin.(*Context).Next]
/Users/mac/go/pkg/mod/github.com/goravel/gin@v1.18.0/context_request.go:233 [gin.(*ContextRequest).Next]
/Users/mac/go/pkg/mod/github.com/goravel/gin@v1.18.0/context_response.go:164 [gin.(*responseMiddleware).Handle]
/Users/mac/go/pkg/mod/github.com/goravel/gin@v1.18.0/utils.go:66 [gin.middlewareToGinHandler.func1]
/Users/mac/go/pkg/mod/github.com/gin-gonic/gin@v1.12.0/context.go:192 [gin.(*Context).Next]
/Users/mac/go/pkg/mod/github.com/goravel/gin@v1.18.0/context_request.go:233 [gin.(*ContextRequest).Next]
/Users/mac/code/Sites/goland/workflow_test/packages/goravel-workflow/middleware/jwt.go:34 [middleware.(*Jwt).Handle]
/Users/mac/go/pkg/mod/github.com/goravel/gin@v1.18.0/utils.go:66 [gin.middlewareToGinHandler.func1]
/Users/mac/go/pkg/mod/github.com/gin-gonic/gin@v1.12.0/context.go:192 [gin.(*Context).Next]
/Users/mac/go/pkg/mod/github.com/goravel/gin@v1.18.0/context_request.go:233 [gin.(*ContextRequest).Next]
/Users/mac/go/pkg/mod/github.com/goravel/framework@v1.18.0/http/middleware/check_for_maintenance_mode.go:34 [middleware.(*maintenanceMode).Handle]
/Users/mac/go/pkg/mod/github.com/goravel/gin@v1.18.0/utils.go:66 [gin.middlewareToGinHandler.func1]
/Users/mac/go/pkg/mod/github.com/gin-gonic/gin@v1.12.0/context.go:192 [gin.(*Context).Next]
/Users/mac/go/pkg/mod/github.com/goravel/gin@v1.18.0/context_request.go:233 [gin.(*ContextRequest).Next]
/Users/mac/go/pkg/mod/github.com/goravel/gin@v1.18.0/middleware_tls.go:23 [gin.(*TlsMiddleware).Handle]
/Users/mac/go/pkg/mod/github.com/goravel/gin@v1.18.0/utils.go:66 [gin.middlewareToGinHandler.func1]
/Users/mac/go/pkg/mod/github.com/gin-gonic/gin@v1.12.0/context.go:192 [gin.(*Context).Next]
/Users/mac/go/pkg/mod/github.com/goravel/gin@v1.18.0/context_request.go:233 [gin.(*ContextRequest).Next]
/Users/mac/go/pkg/mod/github.com/goravel/gin@v1.18.0/middleware_cors.go:42 [gin.(*CorsMiddleware).Handle]
/Users/mac/go/pkg/mod/github.com/goravel/gin@v1.18.0/utils.go:66 [gin.middlewareToGinHandler.func1]
/Users/mac/go/pkg/mod/github.com/gin-gonic/gin@v1.12.0/context.go:192 [gin.(*Context).Next]
[2026-07-26 20:15:16.157] local.info: [0.657ms] [rows:0] SELECT * FROM `proc_comments` WHERE entry_id=4 AND status=1 ORDER BY id asc
[Context] map[trace.traceContextKeyType:{Span:<nil> sc:{traceID:[0 0 0 0 0 0 0 0 0 0 0 0 0 0 0 0] spanID:[0 0 0 0 0 0 0 0] traceFlags:0 traceState:{list:[]} remote:false}}]
[2026-07-26 20:15:19.032] local.info: [1.155ms] [rows:1] SELECT * FROM `emps` WHERE `emps`.`id` = '8'
[Context] map[trace.traceContextKeyType:{Span:<nil> sc:{traceID:[0 0 0 0 0 0 0 0 0 0 0 0 0 0 0 0] spanID:[0 0 0 0 0 0 0 0] traceFlags:0 traceState:{list:[]} remote:false}}]
[2026-07-26 20:15:19.033] local.info: [0.574ms] [rows:1] SELECT * FROM `emps` WHERE user_id=8
[Context] map[trace.traceContextKeyType:{Span:<nil> sc:{traceID:[0 0 0 0 0 0 0 0 0 0 0 0 0 0 0 0] spanID:[0 0 0 0 0 0 0 0] traceFlags:0 traceState:{list:[]} remote:false}}]
[2026-07-26 20:15:19.033] local.info: [0.611ms] [rows:1] SELECT count(*) FROM `depts`
[Context] map[trace.traceContextKeyType:{Span:<nil> sc:{traceID:[0 0 0 0 0 0 0 0 0 0 0 0 0 0 0 0] spanID:[0 0 0 0 0 0 0 0] traceFlags:0 traceState:{list:[]} remote:false}}]
[2026-07-26 20:15:19.034] local.info: [0.187ms] [rows:1] SELECT count(*) FROM `emps`
[Context] map[trace.traceContextKeyType:{Span:<nil> sc:{traceID:[0 0 0 0 0 0 0 0 0 0 0 0 0 0 0 0] spanID:[0 0 0 0 0 0 0 0] traceFlags:0 traceState:{list:[]} remote:false}}]
[2026-07-26 20:15:19.034] local.info: [0.424ms] [rows:1] SELECT count(*) FROM `flows`
[Context] map[trace.traceContextKeyType:{Span:<nil> sc:{traceID:[0 0 0 0 0 0 0 0 0 0 0 0 0 0 0 0] spanID:[0 0 0 0 0 0 0 0] traceFlags:0 traceState:{list:[]} remote:false}}]
[2026-07-26 20:15:19.035] local.info: [0.394ms] [rows:1] SELECT count(*) FROM `templates`
[Context] map[trace.traceContextKeyType:{Span:<nil> sc:{traceID:[0 0 0 0 0 0 0 0 0 0 0 0 0 0 0 0] spanID:[0 0 0 0 0 0 0 0] traceFlags:0 traceState:{list:[]} remote:false}}]
[2026-07-26 20:15:19.035] local.info: [0.238ms] [rows:1] SELECT count(*) FROM `entries`
[Context] map[trace.traceContextKeyType:{Span:<nil> sc:{traceID:[0 0 0 0 0 0 0 0 0 0 0 0 0 0 0 0] spanID:[0 0 0 0 0 0 0 0] traceFlags:0 traceState:{list:[]} remote:false}}]
[2026-07-26 20:15:19.036] local.info: [0.731ms] [rows:1] SELECT count(*) FROM `procs` WHERE status=0
[Context] map[trace.traceContextKeyType:{Span:<nil> sc:{traceID:[0 0 0 0 0 0 0 0 0 0 0 0 0 0 0 0] spanID:[0 0 0 0 0 0 0 0] traceFlags:0 traceState:{list:[]} remote:false}}]
[2026-07-26 20:15:19.037] local.info: [0.574ms] [rows:0] SELECT * FROM `entries` WHERE emp_id=8 AND pid=0 ORDER BY id desc
[Context] map[trace.traceContextKeyType:{Span:<nil> sc:{traceID:[0 0 0 0 0 0 0 0 0 0 0 0 0 0 0 0] spanID:[0 0 0 0 0 0 0 0] traceFlags:0 traceState:{list:[]} remote:false}}]
[2026-07-26 20:15:19.038] local.info: [0.411ms] [rows:1] SELECT * FROM `emps` WHERE `emps`.`id` = 8
[Context] map[trace.traceContextKeyType:{Span:<nil> sc:{traceID:[0 0 0 0 0 0 0 0 0 0 0 0 0 0 0 0] spanID:[0 0 0 0 0 0 0 0] traceFlags:0 traceState:{list:[]} remote:false}}]
[2026-07-26 20:15:19.039] local.info: [0.536ms] [rows:1] SELECT * FROM `emps` WHERE `emps`.`id` = 13
[Context] map[trace.traceContextKeyType:{Span:<nil> sc:{traceID:[0 0 0 0 0 0 0 0 0 0 0 0 0 0 0 0] spanID:[0 0 0 0 0 0 0 0] traceFlags:0 traceState:{list:[]} remote:false}}]
[2026-07-26 20:15:19.039] local.info: [1.126ms] [rows:1] SELECT * FROM `entries` WHERE `entries`.`id` = 4
[Context] map[trace.traceContextKeyType:{Span:<nil> sc:{traceID:[0 0 0 0 0 0 0 0 0 0 0 0 0 0 0 0] spanID:[0 0 0 0 0 0 0 0] traceFlags:0 traceState:{list:[]} remote:false}}]
[2026-07-26 20:15:19.039] local.info: [2.540ms] [rows:1] SELECT * FROM `procs` WHERE emp_id=8 AND status=0 ORDER BY id desc
[Context] map[trace.traceContextKeyType:{Span:<nil> sc:{traceID:[0 0 0 0 0 0 0 0 0 0 0 0 0 0 0 0] spanID:[0 0 0 0 0 0 0 0] traceFlags:0 traceState:{list:[]} remote:false}}]
[2026-07-26 20:15:19.04] local.info: [0.468ms] [rows:3] SELECT * FROM `flows` WHERE is_publish=1 AND is_show=1
[Context] map[trace.traceContextKeyType:{Span:<nil> sc:{traceID:[0 0 0 0 0 0 0 0 0 0 0 0 0 0 0 0] spanID:[0 0 0 0 0 0 0 0] traceFlags:0 traceState:{list:[]} remote:false}}]
[2026-07-26 20:15:19.041] local.info: [0.468ms] [rows:0] SELECT * FROM `procs` WHERE emp_id=8 AND status!=0 ORDER BY id desc
[Context] map[trace.traceContextKeyType:{Span:<nil> sc:{traceID:[0 0 0 0 0 0 0 0 0 0 0 0 0 0 0 0] spanID:[0 0 0 0 0 0 0 0] traceFlags:0 traceState:{list:[]} remote:false}}]
[2026-07-26 20:15:19.041] local.info: [0.807ms] [rows:0] SELECT * FROM `cc_records` WHERE emp_id=8 ORDER BY id desc
[Context] map[trace.traceContextKeyType:{Span:<nil> sc:{traceID:[0 0 0 0 0 0 0 0 0 0 0 0 0 0 0 0] spanID:[0 0 0 0 0 0 0 0] traceFlags:0 traceState:{list:[]} remote:false}}]
[2026-07-26 20:15:20.852] local.info: [0.556ms] [rows:1] SELECT * FROM `templateforms` WHERE `templateforms`.`template_id` = 3
[Context] map[trace.traceContextKeyType:{Span:<nil> sc:{traceID:[0 0 0 0 0 0 0 0 0 0 0 0 0 0 0 0] spanID:[0 0 0 0 0 0 0 0] traceFlags:0 traceState:{list:[]} remote:false}}]
[2026-07-26 20:15:20.852] local.info: [1.241ms] [rows:1] SELECT * FROM `templates` WHERE `templates`.`id` = 3
[Context] map[trace.traceContextKeyType:{Span:<nil> sc:{traceID:[0 0 0 0 0 0 0 0 0 0 0 0 0 0 0 0] spanID:[0 0 0 0 0 0 0 0] traceFlags:0 traceState:{list:[]} remote:false}}]
[2026-07-26 20:15:20.852] local.info: [2.473ms] [rows:1] SELECT * FROM `flows` WHERE `id` = 3
[Context] map[trace.traceContextKeyType:{Span:<nil> sc:{traceID:[0 0 0 0 0 0 0 0 0 0 0 0 0 0 0 0] spanID:[0 0 0 0 0 0 0 0] traceFlags:0 traceState:{list:[]} remote:false}}]
[2026-07-26 20:15:20.87] local.info: [0.924ms] [rows:1] SELECT * FROM `entries` WHERE id=4
[Context] map[trace.traceContextKeyType:{Span:<nil> sc:{traceID:[0 0 0 0 0 0 0 0 0 0 0 0 0 0 0 0] spanID:[0 0 0 0 0 0 0 0] traceFlags:0 traceState:{list:[]} remote:false}}]
[2026-07-26 20:15:20.871] local.info: [0.928ms] [rows:1] SELECT * FROM `entrydatas` WHERE entry_id=4 OR entry_id=0
[Context] map[trace.traceContextKeyType:{Span:<nil> sc:{traceID:[0 0 0 0 0 0 0 0 0 0 0 0 0 0 0 0] spanID:[0 0 0 0 0 0 0 0] traceFlags:0 traceState:{list:[]} remote:false}}]
[2026-07-26 20:15:20.872] local.info: [0.988ms] [rows:0] SELECT * FROM `flowlinks` WHERE next_process_id=7 AND type='Condition'
[Context] map[trace.traceContextKeyType:{Span:<nil> sc:{traceID:[0 0 0 0 0 0 0 0 0 0 0 0 0 0 0 0] spanID:[0 0 0 0 0 0 0 0] traceFlags:0 traceState:{list:[]} remote:false}}]
[2026-07-26 20:15:20.874] local.error: [1.127ms] [rows:0] SELECT * FROM `plugin_configs` WHERE process_id=0	Error 1146 (42S02): Table 'workflow_test.plugin_configs' doesn't exist
[Context] map[trace.traceContextKeyType:{Span:<nil> sc:{traceID:[0 0 0 0 0 0 0 0 0 0 0 0 0 0 0 0] spanID:[0 0 0 0 0 0 0 0] traceFlags:0 traceState:{list:[]} remote:false}}]
[Trace] /Users/mac/go/pkg/mod/github.com/goravel/framework@v1.18.0/log/writer.go:209 [log.(*Writer).withStackTrace]
/Users/mac/go/pkg/mod/github.com/goravel/framework@v1.18.0/log/writer.go:65 [log.(*Writer).Errorf]
/Users/mac/go/pkg/mod/github.com/goravel/framework@v1.18.0/database/db/logger.go:79 [db.(*Logger).Errorf]
/Users/mac/go/pkg/mod/github.com/goravel/framework@v1.18.0/database/db/logger.go:102 [db.(*Logger).Trace]
/Users/mac/go/pkg/mod/github.com/goravel/framework@v1.18.0/database/db/logger.go:153 [db.(*Gorm).Trace]
/Users/mac/go/pkg/mod/gorm.io/gorm@v1.31.2/callbacks.go:140 [gorm.(*processor).Execute]
/Users/mac/go/pkg/mod/gorm.io/gorm@v1.31.2/finisher_api.go:182 [gorm.(*DB).Find]
/Users/mac/go/pkg/mod/github.com/goravel/framework@v1.18.0/database/gorm/query.go:278 [gorm.(*Query).Find]
/Users/mac/code/Sites/goland/workflow_test/packages/goravel-workflow/controllers/entry_controller.go:135 [controllers.(*EntryController).EntryData]
/Users/mac/go/pkg/mod/github.com/goravel/gin@v1.18.0/utils.go:37 [gin.handlerToGinHandler.func1]
/Users/mac/go/pkg/mod/github.com/gin-gonic/gin@v1.12.0/context.go:192 [gin.(*Context).Next]
/Users/mac/go/pkg/mod/github.com/goravel/gin@v1.18.0/context_request.go:233 [gin.(*ContextRequest).Next]
/Users/mac/go/pkg/mod/github.com/goravel/gin@v1.18.0/context_response.go:164 [gin.(*responseMiddleware).Handle]
/Users/mac/go/pkg/mod/github.com/goravel/gin@v1.18.0/utils.go:66 [gin.middlewareToGinHandler.func1]
/Users/mac/go/pkg/mod/github.com/gin-gonic/gin@v1.12.0/context.go:192 [gin.(*Context).Next]
/Users/mac/go/pkg/mod/github.com/goravel/gin@v1.18.0/context_request.go:233 [gin.(*ContextRequest).Next]
/Users/mac/code/Sites/goland/workflow_test/packages/goravel-workflow/middleware/jwt.go:34 [middleware.(*Jwt).Handle]
/Users/mac/go/pkg/mod/github.com/goravel/gin@v1.18.0/utils.go:66 [gin.middlewareToGinHandler.func1]
/Users/mac/go/pkg/mod/github.com/gin-gonic/gin@v1.12.0/context.go:192 [gin.(*Context).Next]
/Users/mac/go/pkg/mod/github.com/goravel/gin@v1.18.0/context_request.go:233 [gin.(*ContextRequest).Next]
/Users/mac/go/pkg/mod/github.com/goravel/framework@v1.18.0/http/middleware/check_for_maintenance_mode.go:34 [middleware.(*maintenanceMode).Handle]
/Users/mac/go/pkg/mod/github.com/goravel/gin@v1.18.0/utils.go:66 [gin.middlewareToGinHandler.func1]
/Users/mac/go/pkg/mod/github.com/gin-gonic/gin@v1.12.0/context.go:192 [gin.(*Context).Next]
/Users/mac/go/pkg/mod/github.com/goravel/gin@v1.18.0/context_request.go:233 [gin.(*ContextRequest).Next]
/Users/mac/go/pkg/mod/github.com/goravel/gin@v1.18.0/middleware_tls.go:23 [gin.(*TlsMiddleware).Handle]
/Users/mac/go/pkg/mod/github.com/goravel/gin@v1.18.0/utils.go:66 [gin.middlewareToGinHandler.func1]
/Users/mac/go/pkg/mod/github.com/gin-gonic/gin@v1.12.0/context.go:192 [gin.(*Context).Next]
/Users/mac/go/pkg/mod/github.com/goravel/gin@v1.18.0/context_request.go:233 [gin.(*ContextRequest).Next]
/Users/mac/go/pkg/mod/github.com/goravel/gin@v1.18.0/middleware_cors.go:42 [gin.(*CorsMiddleware).Handle]
/Users/mac/go/pkg/mod/github.com/goravel/gin@v1.18.0/utils.go:66 [gin.middlewareToGinHandler.func1]
/Users/mac/go/pkg/mod/github.com/gin-gonic/gin@v1.12.0/context.go:192 [gin.(*Context).Next]
[2026-07-26 20:15:20.884] local.info: [0.713ms] [rows:0] SELECT * FROM `proc_comments` WHERE entry_id=4 AND status=1 ORDER BY id asc
[Context] map[trace.traceContextKeyType:{Span:<nil> sc:{traceID:[0 0 0 0 0 0 0 0 0 0 0 0 0 0 0 0] spanID:[0 0 0 0 0 0 0 0] traceFlags:0 traceState:{list:[]} remote:false}}]
[2026-07-26 20:15:22.368] local.info: [0.901ms] [rows:1] SELECT * FROM `emps` WHERE `emps`.`id` = '8'
[Context] map[trace.traceContextKeyType:{Span:<nil> sc:{traceID:[0 0 0 0 0 0 0 0 0 0 0 0 0 0 0 0] spanID:[0 0 0 0 0 0 0 0] traceFlags:0 traceState:{list:[]} remote:false}}]
[2026-07-26 20:15:22.369] local.info: [0.547ms] [rows:1] SELECT * FROM `emps` WHERE user_id=8
[Context] map[trace.traceContextKeyType:{Span:<nil> sc:{traceID:[0 0 0 0 0 0 0 0 0 0 0 0 0 0 0 0] spanID:[0 0 0 0 0 0 0 0] traceFlags:0 traceState:{list:[]} remote:false}}]
[2026-07-26 20:15:22.37] local.info: [0.489ms] [rows:1] SELECT count(*) FROM `depts`
[Context] map[trace.traceContextKeyType:{Span:<nil> sc:{traceID:[0 0 0 0 0 0 0 0 0 0 0 0 0 0 0 0] spanID:[0 0 0 0 0 0 0 0] traceFlags:0 traceState:{list:[]} remote:false}}]
[2026-07-26 20:15:22.37] local.info: [0.173ms] [rows:1] SELECT count(*) FROM `emps`
[Context] map[trace.traceContextKeyType:{Span:<nil> sc:{traceID:[0 0 0 0 0 0 0 0 0 0 0 0 0 0 0 0] spanID:[0 0 0 0 0 0 0 0] traceFlags:0 traceState:{list:[]} remote:false}}]
[2026-07-26 20:15:22.37] local.info: [0.341ms] [rows:1] SELECT count(*) FROM `flows`
[Context] map[trace.traceContextKeyType:{Span:<nil> sc:{traceID:[0 0 0 0 0 0 0 0 0 0 0 0 0 0 0 0] spanID:[0 0 0 0 0 0 0 0] traceFlags:0 traceState:{list:[]} remote:false}}]
[2026-07-26 20:15:22.371] local.info: [0.520ms] [rows:1] SELECT count(*) FROM `templates`
[Context] map[trace.traceContextKeyType:{Span:<nil> sc:{traceID:[0 0 0 0 0 0 0 0 0 0 0 0 0 0 0 0] spanID:[0 0 0 0 0 0 0 0] traceFlags:0 traceState:{list:[]} remote:false}}]
[2026-07-26 20:15:22.372] local.info: [0.482ms] [rows:1] SELECT count(*) FROM `entries`
[Context] map[trace.traceContextKeyType:{Span:<nil> sc:{traceID:[0 0 0 0 0 0 0 0 0 0 0 0 0 0 0 0] spanID:[0 0 0 0 0 0 0 0] traceFlags:0 traceState:{list:[]} remote:false}}]
[2026-07-26 20:15:22.372] local.info: [0.415ms] [rows:1] SELECT count(*) FROM `procs` WHERE status=0
[Context] map[trace.traceContextKeyType:{Span:<nil> sc:{traceID:[0 0 0 0 0 0 0 0 0 0 0 0 0 0 0 0] spanID:[0 0 0 0 0 0 0 0] traceFlags:0 traceState:{list:[]} remote:false}}]
[2026-07-26 20:15:22.373] local.info: [0.448ms] [rows:0] SELECT * FROM `entries` WHERE emp_id=8 AND pid=0 ORDER BY id desc
[Context] map[trace.traceContextKeyType:{Span:<nil> sc:{traceID:[0 0 0 0 0 0 0 0 0 0 0 0 0 0 0 0] spanID:[0 0 0 0 0 0 0 0] traceFlags:0 traceState:{list:[]} remote:false}}]
[2026-07-26 20:15:22.374] local.info: [0.397ms] [rows:1] SELECT * FROM `emps` WHERE `emps`.`id` = 8
[Context] map[trace.traceContextKeyType:{Span:<nil> sc:{traceID:[0 0 0 0 0 0 0 0 0 0 0 0 0 0 0 0] spanID:[0 0 0 0 0 0 0 0] traceFlags:0 traceState:{list:[]} remote:false}}]
[2026-07-26 20:15:22.375] local.info: [0.335ms] [rows:1] SELECT * FROM `emps` WHERE `emps`.`id` = 13
[Context] map[trace.traceContextKeyType:{Span:<nil> sc:{traceID:[0 0 0 0 0 0 0 0 0 0 0 0 0 0 0 0] spanID:[0 0 0 0 0 0 0 0] traceFlags:0 traceState:{list:[]} remote:false}}]
[2026-07-26 20:15:22.375] local.info: [0.736ms] [rows:1] SELECT * FROM `entries` WHERE `entries`.`id` = 4
[Context] map[trace.traceContextKeyType:{Span:<nil> sc:{traceID:[0 0 0 0 0 0 0 0 0 0 0 0 0 0 0 0] spanID:[0 0 0 0 0 0 0 0] traceFlags:0 traceState:{list:[]} remote:false}}]
[2026-07-26 20:15:22.375] local.info: [1.881ms] [rows:1] SELECT * FROM `procs` WHERE emp_id=8 AND status=0 ORDER BY id desc
[Context] map[trace.traceContextKeyType:{Span:<nil> sc:{traceID:[0 0 0 0 0 0 0 0 0 0 0 0 0 0 0 0] spanID:[0 0 0 0 0 0 0 0] traceFlags:0 traceState:{list:[]} remote:false}}]
[2026-07-26 20:15:22.375] local.info: [0.376ms] [rows:3] SELECT * FROM `flows` WHERE is_publish=1 AND is_show=1
[Context] map[trace.traceContextKeyType:{Span:<nil> sc:{traceID:[0 0 0 0 0 0 0 0 0 0 0 0 0 0 0 0] spanID:[0 0 0 0 0 0 0 0] traceFlags:0 traceState:{list:[]} remote:false}}]
[2026-07-26 20:15:22.376] local.info: [0.492ms] [rows:0] SELECT * FROM `procs` WHERE emp_id=8 AND status!=0 ORDER BY id desc
[Context] map[trace.traceContextKeyType:{Span:<nil> sc:{traceID:[0 0 0 0 0 0 0 0 0 0 0 0 0 0 0 0] spanID:[0 0 0 0 0 0 0 0] traceFlags:0 traceState:{list:[]} remote:false}}]
[2026-07-26 20:15:22.376] local.info: [0.349ms] [rows:0] SELECT * FROM `cc_records` WHERE emp_id=8 ORDER BY id desc
[Context] map[trace.traceContextKeyType:{Span:<nil> sc:{traceID:[0 0 0 0 0 0 0 0 0 0 0 0 0 0 0 0] spanID:[0 0 0 0 0 0 0 0] traceFlags:0 traceState:{list:[]} remote:false}}]
[2026-07-26 20:15:29.719] local.info: [1.325ms] [rows:1] SELECT * FROM `emps` WHERE `workno` = '30013'
[Context] map[trace.traceContextKeyType:{Span:<nil> sc:{traceID:[0 0 0 0 0 0 0 0 0 0 0 0 0 0 0 0] spanID:[0 0 0 0 0 0 0 0] traceFlags:0 traceState:{list:[]} remote:false}}]
[2026-07-26 20:15:29.72] local.info: [0.782ms] [rows:1] SELECT * FROM `emps` WHERE workno='30013'
[Context] map[trace.traceContextKeyType:{Span:<nil> sc:{traceID:[0 0 0 0 0 0 0 0 0 0 0 0 0 0 0 0] spanID:[0 0 0 0 0 0 0 0] traceFlags:0 traceState:{list:[]} remote:false}}]
[2026-07-26 20:15:30.054] local.info: [0.869ms] [rows:1] SELECT * FROM `emps` WHERE `emps`.`id` = '13'
[Context] map[trace.traceContextKeyType:{Span:<nil> sc:{traceID:[0 0 0 0 0 0 0 0 0 0 0 0 0 0 0 0] spanID:[0 0 0 0 0 0 0 0] traceFlags:0 traceState:{list:[]} remote:false}}]
[2026-07-26 20:15:30.055] local.info: [0.448ms] [rows:1] SELECT * FROM `emps` WHERE user_id=13
[Context] map[trace.traceContextKeyType:{Span:<nil> sc:{traceID:[0 0 0 0 0 0 0 0 0 0 0 0 0 0 0 0] spanID:[0 0 0 0 0 0 0 0] traceFlags:0 traceState:{list:[]} remote:false}}]
[2026-07-26 20:15:30.055] local.info: [0.457ms] [rows:1] SELECT count(*) FROM `depts`
[Context] map[trace.traceContextKeyType:{Span:<nil> sc:{traceID:[0 0 0 0 0 0 0 0 0 0 0 0 0 0 0 0] spanID:[0 0 0 0 0 0 0 0] traceFlags:0 traceState:{list:[]} remote:false}}]
[2026-07-26 20:15:30.055] local.info: [0.167ms] [rows:1] SELECT count(*) FROM `emps`
[Context] map[trace.traceContextKeyType:{Span:<nil> sc:{traceID:[0 0 0 0 0 0 0 0 0 0 0 0 0 0 0 0] spanID:[0 0 0 0 0 0 0 0] traceFlags:0 traceState:{list:[]} remote:false}}]
[2026-07-26 20:15:30.056] local.info: [0.384ms] [rows:1] SELECT count(*) FROM `flows`
[Context] map[trace.traceContextKeyType:{Span:<nil> sc:{traceID:[0 0 0 0 0 0 0 0 0 0 0 0 0 0 0 0] spanID:[0 0 0 0 0 0 0 0] traceFlags:0 traceState:{list:[]} remote:false}}]
[2026-07-26 20:15:30.056] local.info: [0.426ms] [rows:1] SELECT count(*) FROM `templates`
[Context] map[trace.traceContextKeyType:{Span:<nil> sc:{traceID:[0 0 0 0 0 0 0 0 0 0 0 0 0 0 0 0] spanID:[0 0 0 0 0 0 0 0] traceFlags:0 traceState:{list:[]} remote:false}}]
[2026-07-26 20:15:30.056] local.info: [0.150ms] [rows:1] SELECT count(*) FROM `entries`
[Context] map[trace.traceContextKeyType:{Span:<nil> sc:{traceID:[0 0 0 0 0 0 0 0 0 0 0 0 0 0 0 0] spanID:[0 0 0 0 0 0 0 0] traceFlags:0 traceState:{list:[]} remote:false}}]
[2026-07-26 20:15:30.057] local.info: [0.332ms] [rows:1] SELECT count(*) FROM `procs` WHERE status=0
[Context] map[trace.traceContextKeyType:{Span:<nil> sc:{traceID:[0 0 0 0 0 0 0 0 0 0 0 0 0 0 0 0] spanID:[0 0 0 0 0 0 0 0] traceFlags:0 traceState:{list:[]} remote:false}}]
[2026-07-26 20:15:30.058] local.info: [0.285ms] [rows:1] SELECT * FROM `emps` WHERE `emps`.`id` = 13
[Context] map[trace.traceContextKeyType:{Span:<nil> sc:{traceID:[0 0 0 0 0 0 0 0 0 0 0 0 0 0 0 0] spanID:[0 0 0 0 0 0 0 0] traceFlags:0 traceState:{list:[]} remote:false}}]
[2026-07-26 20:15:30.058] local.info: [0.366ms] [rows:2] SELECT * FROM `flows` WHERE `flows`.`id` IN (3,1)
[Context] map[trace.traceContextKeyType:{Span:<nil> sc:{traceID:[0 0 0 0 0 0 0 0 0 0 0 0 0 0 0 0] spanID:[0 0 0 0 0 0 0 0] traceFlags:0 traceState:{list:[]} remote:false}}]
[2026-07-26 20:15:30.059] local.info: [0.355ms] [rows:2] SELECT * FROM `processes` WHERE `processes`.`id` IN (7,2)
[Context] map[trace.traceContextKeyType:{Span:<nil> sc:{traceID:[0 0 0 0 0 0 0 0 0 0 0 0 0 0 0 0] spanID:[0 0 0 0 0 0 0 0] traceFlags:0 traceState:{list:[]} remote:false}}]
[2026-07-26 20:15:30.059] local.info: [0.339ms] [rows:1] SELECT * FROM `procs` WHERE `procs`.`entry_id` IN (4,3,2,1) ORDER BY id desc LIMIT 1
[Context] map[trace.traceContextKeyType:{Span:<nil> sc:{traceID:[0 0 0 0 0 0 0 0 0 0 0 0 0 0 0 0] spanID:[0 0 0 0 0 0 0 0] traceFlags:0 traceState:{list:[]} remote:false}}]
[2026-07-26 20:15:30.059] local.info: [2.241ms] [rows:4] SELECT * FROM `entries` WHERE emp_id=13 AND pid=0 ORDER BY id desc
[Context] map[trace.traceContextKeyType:{Span:<nil> sc:{traceID:[0 0 0 0 0 0 0 0 0 0 0 0 0 0 0 0] spanID:[0 0 0 0 0 0 0 0] traceFlags:0 traceState:{list:[]} remote:false}}]
[2026-07-26 20:15:30.06] local.info: [0.336ms] [rows:0] SELECT * FROM `procs` WHERE emp_id=13 AND status=0 ORDER BY id desc
[Context] map[trace.traceContextKeyType:{Span:<nil> sc:{traceID:[0 0 0 0 0 0 0 0 0 0 0 0 0 0 0 0] spanID:[0 0 0 0 0 0 0 0] traceFlags:0 traceState:{list:[]} remote:false}}]
[2026-07-26 20:15:30.06] local.info: [0.414ms] [rows:3] SELECT * FROM `flows` WHERE is_publish=1 AND is_show=1
[Context] map[trace.traceContextKeyType:{Span:<nil> sc:{traceID:[0 0 0 0 0 0 0 0 0 0 0 0 0 0 0 0] spanID:[0 0 0 0 0 0 0 0] traceFlags:0 traceState:{list:[]} remote:false}}]
[2026-07-26 20:15:30.062] local.info: [1.483ms] [rows:1] SELECT * FROM `emps` WHERE `emps`.`id` = 13
[Context] map[trace.traceContextKeyType:{Span:<nil> sc:{traceID:[0 0 0 0 0 0 0 0 0 0 0 0 0 0 0 0] spanID:[0 0 0 0 0 0 0 0] traceFlags:0 traceState:{list:[]} remote:false}}]
[2026-07-26 20:15:30.063] local.info: [0.557ms] [rows:4] SELECT * FROM `entries` WHERE `entries`.`id` IN (4,3,2,1)
[Context] map[trace.traceContextKeyType:{Span:<nil> sc:{traceID:[0 0 0 0 0 0 0 0 0 0 0 0 0 0 0 0] spanID:[0 0 0 0 0 0 0 0] traceFlags:0 traceState:{list:[]} remote:false}}]
[2026-07-26 20:15:30.063] local.info: [3.190ms] [rows:4] SELECT * FROM `procs` WHERE emp_id=13 AND status!=0 ORDER BY id desc
[Context] map[trace.traceContextKeyType:{Span:<nil> sc:{traceID:[0 0 0 0 0 0 0 0 0 0 0 0 0 0 0 0] spanID:[0 0 0 0 0 0 0 0] traceFlags:0 traceState:{list:[]} remote:false}}]
[2026-07-26 20:15:30.064] local.info: [0.376ms] [rows:0] SELECT * FROM `cc_records` WHERE emp_id=13 ORDER BY id desc
[Context] map[trace.traceContextKeyType:{Span:<nil> sc:{traceID:[0 0 0 0 0 0 0 0 0 0 0 0 0 0 0 0] spanID:[0 0 0 0 0 0 0 0] traceFlags:0 traceState:{list:[]} remote:false}}]
[2026-07-26 20:15:32.999] local.info: [0.668ms] [rows:1] SELECT * FROM `depts` WHERE `depts`.`id` = 5
[Context] map[trace.traceContextKeyType:{Span:<nil> sc:{traceID:[0 0 0 0 0 0 0 0 0 0 0 0 0 0 0 0] spanID:[0 0 0 0 0 0 0 0] traceFlags:0 traceState:{list:[]} remote:false}}]
[2026-07-26 20:15:32.999] local.info: [1.350ms] [rows:1] SELECT * FROM `emps` WHERE `emps`.`id` = 13
[Context] map[trace.traceContextKeyType:{Span:<nil> sc:{traceID:[0 0 0 0 0 0 0 0 0 0 0 0 0 0 0 0] spanID:[0 0 0 0 0 0 0 0] traceFlags:0 traceState:{list:[]} remote:false}}]
[2026-07-26 20:15:32.999] local.info: [0.417ms] [rows:1] SELECT * FROM `entrydatas` WHERE `entrydatas`.`entry_id` = 4
[Context] map[trace.traceContextKeyType:{Span:<nil> sc:{traceID:[0 0 0 0 0 0 0 0 0 0 0 0 0 0 0 0] spanID:[0 0 0 0 0 0 0 0] traceFlags:0 traceState:{list:[]} remote:false}}]
[2026-07-26 20:15:33.001] local.info: [0.615ms] [rows:1] SELECT * FROM `templateforms` WHERE `templateforms`.`template_id` = 3
[Context] map[trace.traceContextKeyType:{Span:<nil> sc:{traceID:[0 0 0 0 0 0 0 0 0 0 0 0 0 0 0 0] spanID:[0 0 0 0 0 0 0 0] traceFlags:0 traceState:{list:[]} remote:false}}]
[2026-07-26 20:15:33.001] local.info: [1.138ms] [rows:1] SELECT * FROM `templates` WHERE `templates`.`id` = 3
[Context] map[trace.traceContextKeyType:{Span:<nil> sc:{traceID:[0 0 0 0 0 0 0 0 0 0 0 0 0 0 0 0] spanID:[0 0 0 0 0 0 0 0] traceFlags:0 traceState:{list:[]} remote:false}}]
[2026-07-26 20:15:33.001] local.info: [1.768ms] [rows:1] SELECT * FROM `flows` WHERE `flows`.`id` = 3
[Context] map[trace.traceContextKeyType:{Span:<nil> sc:{traceID:[0 0 0 0 0 0 0 0 0 0 0 0 0 0 0 0] spanID:[0 0 0 0 0 0 0 0] traceFlags:0 traceState:{list:[]} remote:false}}]
[2026-07-26 20:15:33.002] local.info: [0.619ms] [rows:1] SELECT * FROM `processes` WHERE `processes`.`id` = 7
[Context] map[trace.traceContextKeyType:{Span:<nil> sc:{traceID:[0 0 0 0 0 0 0 0 0 0 0 0 0 0 0 0] spanID:[0 0 0 0 0 0 0 0] traceFlags:0 traceState:{list:[]} remote:false}}]
[2026-07-26 20:15:33.003] local.info: [0.677ms] [rows:3] SELECT * FROM `procs` WHERE `procs`.`entry_id` = 4 ORDER BY id asc
[Context] map[trace.traceContextKeyType:{Span:<nil> sc:{traceID:[0 0 0 0 0 0 0 0 0 0 0 0 0 0 0 0] spanID:[0 0 0 0 0 0 0 0] traceFlags:0 traceState:{list:[]} remote:false}}]
[2026-07-26 20:15:33.003] local.info: [6.605ms] [rows:1] SELECT * FROM `entries` WHERE `id` = 4
[Context] map[trace.traceContextKeyType:{Span:<nil> sc:{traceID:[0 0 0 0 0 0 0 0 0 0 0 0 0 0 0 0] spanID:[0 0 0 0 0 0 0 0] traceFlags:0 traceState:{list:[]} remote:false}}]
[2026-07-26 20:15:33.004] local.info: [0.476ms] [rows:0] SELECT * FROM `proc_comments` WHERE entry_id = 4 AND status = 1 ORDER BY id asc
[Context] map[trace.traceContextKeyType:{Span:<nil> sc:{traceID:[0 0 0 0 0 0 0 0 0 0 0 0 0 0 0 0] spanID:[0 0 0 0 0 0 0 0] traceFlags:0 traceState:{list:[]} remote:false}}]
[2026-07-26 20:15:33.004] local.info: [0.380ms] [rows:0] SELECT * FROM `entries` WHERE pid = 4
[Context] map[trace.traceContextKeyType:{Span:<nil> sc:{traceID:[0 0 0 0 0 0 0 0 0 0 0 0 0 0 0 0] spanID:[0 0 0 0 0 0 0 0] traceFlags:0 traceState:{list:[]} remote:false}}]
[2026-07-26 20:15:50.492] local.info: [1.040ms] [rows:1] SELECT * FROM `emps` WHERE `workno` = '30001'
[Context] map[trace.traceContextKeyType:{Span:<nil> sc:{traceID:[0 0 0 0 0 0 0 0 0 0 0 0 0 0 0 0] spanID:[0 0 0 0 0 0 0 0] traceFlags:0 traceState:{list:[]} remote:false}}]
[2026-07-26 20:15:50.492] local.info: [0.583ms] [rows:1] SELECT * FROM `emps` WHERE workno='30001'
[Context] map[trace.traceContextKeyType:{Span:<nil> sc:{traceID:[0 0 0 0 0 0 0 0 0 0 0 0 0 0 0 0] spanID:[0 0 0 0 0 0 0 0] traceFlags:0 traceState:{list:[]} remote:false}}]
[2026-07-26 20:15:50.831] local.info: [0.713ms] [rows:1] SELECT * FROM `emps` WHERE `emps`.`id` = '8'
[Context] map[trace.traceContextKeyType:{Span:<nil> sc:{traceID:[0 0 0 0 0 0 0 0 0 0 0 0 0 0 0 0] spanID:[0 0 0 0 0 0 0 0] traceFlags:0 traceState:{list:[]} remote:false}}]
[2026-07-26 20:15:50.831] local.info: [0.587ms] [rows:1] SELECT * FROM `emps` WHERE user_id=8
[Context] map[trace.traceContextKeyType:{Span:<nil> sc:{traceID:[0 0 0 0 0 0 0 0 0 0 0 0 0 0 0 0] spanID:[0 0 0 0 0 0 0 0] traceFlags:0 traceState:{list:[]} remote:false}}]
[2026-07-26 20:15:50.832] local.info: [0.655ms] [rows:1] SELECT count(*) FROM `depts`
[Context] map[trace.traceContextKeyType:{Span:<nil> sc:{traceID:[0 0 0 0 0 0 0 0 0 0 0 0 0 0 0 0] spanID:[0 0 0 0 0 0 0 0] traceFlags:0 traceState:{list:[]} remote:false}}]
[2026-07-26 20:15:50.833] local.info: [0.289ms] [rows:1] SELECT count(*) FROM `emps`
[Context] map[trace.traceContextKeyType:{Span:<nil> sc:{traceID:[0 0 0 0 0 0 0 0 0 0 0 0 0 0 0 0] spanID:[0 0 0 0 0 0 0 0] traceFlags:0 traceState:{list:[]} remote:false}}]
[2026-07-26 20:15:50.833] local.info: [0.450ms] [rows:1] SELECT count(*) FROM `flows`
[Context] map[trace.traceContextKeyType:{Span:<nil> sc:{traceID:[0 0 0 0 0 0 0 0 0 0 0 0 0 0 0 0] spanID:[0 0 0 0 0 0 0 0] traceFlags:0 traceState:{list:[]} remote:false}}]
[2026-07-26 20:15:50.834] local.info: [0.415ms] [rows:1] SELECT count(*) FROM `templates`
[Context] map[trace.traceContextKeyType:{Span:<nil> sc:{traceID:[0 0 0 0 0 0 0 0 0 0 0 0 0 0 0 0] spanID:[0 0 0 0 0 0 0 0] traceFlags:0 traceState:{list:[]} remote:false}}]
[2026-07-26 20:15:50.834] local.info: [0.168ms] [rows:1] SELECT count(*) FROM `entries`
[Context] map[trace.traceContextKeyType:{Span:<nil> sc:{traceID:[0 0 0 0 0 0 0 0 0 0 0 0 0 0 0 0] spanID:[0 0 0 0 0 0 0 0] traceFlags:0 traceState:{list:[]} remote:false}}]
[2026-07-26 20:15:50.834] local.info: [0.353ms] [rows:1] SELECT count(*) FROM `procs` WHERE status=0
[Context] map[trace.traceContextKeyType:{Span:<nil> sc:{traceID:[0 0 0 0 0 0 0 0 0 0 0 0 0 0 0 0] spanID:[0 0 0 0 0 0 0 0] traceFlags:0 traceState:{list:[]} remote:false}}]
[2026-07-26 20:15:50.835] local.info: [0.343ms] [rows:0] SELECT * FROM `entries` WHERE emp_id=8 AND pid=0 ORDER BY id desc
[Context] map[trace.traceContextKeyType:{Span:<nil> sc:{traceID:[0 0 0 0 0 0 0 0 0 0 0 0 0 0 0 0] spanID:[0 0 0 0 0 0 0 0] traceFlags:0 traceState:{list:[]} remote:false}}]
[2026-07-26 20:15:50.835] local.info: [0.352ms] [rows:1] SELECT * FROM `emps` WHERE `emps`.`id` = 8
[Context] map[trace.traceContextKeyType:{Span:<nil> sc:{traceID:[0 0 0 0 0 0 0 0 0 0 0 0 0 0 0 0] spanID:[0 0 0 0 0 0 0 0] traceFlags:0 traceState:{list:[]} remote:false}}]
[2026-07-26 20:15:50.836] local.info: [0.306ms] [rows:1] SELECT * FROM `emps` WHERE `emps`.`id` = 13
[Context] map[trace.traceContextKeyType:{Span:<nil> sc:{traceID:[0 0 0 0 0 0 0 0 0 0 0 0 0 0 0 0] spanID:[0 0 0 0 0 0 0 0] traceFlags:0 traceState:{list:[]} remote:false}}]
[2026-07-26 20:15:50.836] local.info: [0.845ms] [rows:1] SELECT * FROM `entries` WHERE `entries`.`id` = 4
[Context] map[trace.traceContextKeyType:{Span:<nil> sc:{traceID:[0 0 0 0 0 0 0 0 0 0 0 0 0 0 0 0] spanID:[0 0 0 0 0 0 0 0] traceFlags:0 traceState:{list:[]} remote:false}}]
[2026-07-26 20:15:50.836] local.info: [1.789ms] [rows:1] SELECT * FROM `procs` WHERE emp_id=8 AND status=0 ORDER BY id desc
[Context] map[trace.traceContextKeyType:{Span:<nil> sc:{traceID:[0 0 0 0 0 0 0 0 0 0 0 0 0 0 0 0] spanID:[0 0 0 0 0 0 0 0] traceFlags:0 traceState:{list:[]} remote:false}}]
[2026-07-26 20:15:50.837] local.info: [0.407ms] [rows:3] SELECT * FROM `flows` WHERE is_publish=1 AND is_show=1
[Context] map[trace.traceContextKeyType:{Span:<nil> sc:{traceID:[0 0 0 0 0 0 0 0 0 0 0 0 0 0 0 0] spanID:[0 0 0 0 0 0 0 0] traceFlags:0 traceState:{list:[]} remote:false}}]
[2026-07-26 20:15:50.837] local.info: [0.431ms] [rows:0] SELECT * FROM `procs` WHERE emp_id=8 AND status!=0 ORDER BY id desc
[Context] map[trace.traceContextKeyType:{Span:<nil> sc:{traceID:[0 0 0 0 0 0 0 0 0 0 0 0 0 0 0 0] spanID:[0 0 0 0 0 0 0 0] traceFlags:0 traceState:{list:[]} remote:false}}]
[2026-07-26 20:15:50.838] local.info: [0.391ms] [rows:0] SELECT * FROM `cc_records` WHERE emp_id=8 ORDER BY id desc
[Context] map[trace.traceContextKeyType:{Span:<nil> sc:{traceID:[0 0 0 0 0 0 0 0 0 0 0 0 0 0 0 0] spanID:[0 0 0 0 0 0 0 0] traceFlags:0 traceState:{list:[]} remote:false}}]
[2026-07-26 20:15:51.965] local.info: [0.640ms] [rows:1] SELECT * FROM `templateforms` WHERE `templateforms`.`template_id` = 3
[Context] map[trace.traceContextKeyType:{Span:<nil> sc:{traceID:[0 0 0 0 0 0 0 0 0 0 0 0 0 0 0 0] spanID:[0 0 0 0 0 0 0 0] traceFlags:0 traceState:{list:[]} remote:false}}]
[2026-07-26 20:15:51.965] local.info: [2.318ms] [rows:1] SELECT * FROM `templates` WHERE `templates`.`id` = 3
[Context] map[trace.traceContextKeyType:{Span:<nil> sc:{traceID:[0 0 0 0 0 0 0 0 0 0 0 0 0 0 0 0] spanID:[0 0 0 0 0 0 0 0] traceFlags:0 traceState:{list:[]} remote:false}}]
[2026-07-26 20:15:51.965] local.info: [3.655ms] [rows:1] SELECT * FROM `flows` WHERE `id` = 3
[Context] map[trace.traceContextKeyType:{Span:<nil> sc:{traceID:[0 0 0 0 0 0 0 0 0 0 0 0 0 0 0 0] spanID:[0 0 0 0 0 0 0 0] traceFlags:0 traceState:{list:[]} remote:false}}]
[2026-07-26 20:15:51.976] local.info: [1.565ms] [rows:1] SELECT * FROM `entries` WHERE id=4
[Context] map[trace.traceContextKeyType:{Span:<nil> sc:{traceID:[0 0 0 0 0 0 0 0 0 0 0 0 0 0 0 0] spanID:[0 0 0 0 0 0 0 0] traceFlags:0 traceState:{list:[]} remote:false}}]
[2026-07-26 20:15:51.978] local.info: [1.084ms] [rows:1] SELECT * FROM `entrydatas` WHERE entry_id=4 OR entry_id=0
[Context] map[trace.traceContextKeyType:{Span:<nil> sc:{traceID:[0 0 0 0 0 0 0 0 0 0 0 0 0 0 0 0] spanID:[0 0 0 0 0 0 0 0] traceFlags:0 traceState:{list:[]} remote:false}}]
[2026-07-26 20:15:51.979] local.info: [1.305ms] [rows:0] SELECT * FROM `flowlinks` WHERE next_process_id=7 AND type='Condition'
[Context] map[trace.traceContextKeyType:{Span:<nil> sc:{traceID:[0 0 0 0 0 0 0 0 0 0 0 0 0 0 0 0] spanID:[0 0 0 0 0 0 0 0] traceFlags:0 traceState:{list:[]} remote:false}}]
[2026-07-26 20:15:51.981] local.error: [0.804ms] [rows:0] SELECT * FROM `plugin_configs` WHERE process_id=0	Error 1146 (42S02): Table 'workflow_test.plugin_configs' doesn't exist
[Context] map[trace.traceContextKeyType:{Span:<nil> sc:{traceID:[0 0 0 0 0 0 0 0 0 0 0 0 0 0 0 0] spanID:[0 0 0 0 0 0 0 0] traceFlags:0 traceState:{list:[]} remote:false}}]
[Trace] /Users/mac/go/pkg/mod/github.com/goravel/framework@v1.18.0/log/writer.go:209 [log.(*Writer).withStackTrace]
/Users/mac/go/pkg/mod/github.com/goravel/framework@v1.18.0/log/writer.go:65 [log.(*Writer).Errorf]
/Users/mac/go/pkg/mod/github.com/goravel/framework@v1.18.0/database/db/logger.go:79 [db.(*Logger).Errorf]
/Users/mac/go/pkg/mod/github.com/goravel/framework@v1.18.0/database/db/logger.go:102 [db.(*Logger).Trace]
/Users/mac/go/pkg/mod/github.com/goravel/framework@v1.18.0/database/db/logger.go:153 [db.(*Gorm).Trace]
/Users/mac/go/pkg/mod/gorm.io/gorm@v1.31.2/callbacks.go:140 [gorm.(*processor).Execute]
/Users/mac/go/pkg/mod/gorm.io/gorm@v1.31.2/finisher_api.go:182 [gorm.(*DB).Find]
/Users/mac/go/pkg/mod/github.com/goravel/framework@v1.18.0/database/gorm/query.go:278 [gorm.(*Query).Find]
/Users/mac/code/Sites/goland/workflow_test/packages/goravel-workflow/controllers/entry_controller.go:135 [controllers.(*EntryController).EntryData]
/Users/mac/go/pkg/mod/github.com/goravel/gin@v1.18.0/utils.go:37 [gin.handlerToGinHandler.func1]
/Users/mac/go/pkg/mod/github.com/gin-gonic/gin@v1.12.0/context.go:192 [gin.(*Context).Next]
/Users/mac/go/pkg/mod/github.com/goravel/gin@v1.18.0/context_request.go:233 [gin.(*ContextRequest).Next]
/Users/mac/go/pkg/mod/github.com/goravel/gin@v1.18.0/context_response.go:164 [gin.(*responseMiddleware).Handle]
/Users/mac/go/pkg/mod/github.com/goravel/gin@v1.18.0/utils.go:66 [gin.middlewareToGinHandler.func1]
/Users/mac/go/pkg/mod/github.com/gin-gonic/gin@v1.12.0/context.go:192 [gin.(*Context).Next]
/Users/mac/go/pkg/mod/github.com/goravel/gin@v1.18.0/context_request.go:233 [gin.(*ContextRequest).Next]
/Users/mac/code/Sites/goland/workflow_test/packages/goravel-workflow/middleware/jwt.go:34 [middleware.(*Jwt).Handle]
/Users/mac/go/pkg/mod/github.com/goravel/gin@v1.18.0/utils.go:66 [gin.middlewareToGinHandler.func1]
/Users/mac/go/pkg/mod/github.com/gin-gonic/gin@v1.12.0/context.go:192 [gin.(*Context).Next]
/Users/mac/go/pkg/mod/github.com/goravel/gin@v1.18.0/context_request.go:233 [gin.(*ContextRequest).Next]
/Users/mac/go/pkg/mod/github.com/goravel/framework@v1.18.0/http/middleware/check_for_maintenance_mode.go:34 [middleware.(*maintenanceMode).Handle]
/Users/mac/go/pkg/mod/github.com/goravel/gin@v1.18.0/utils.go:66 [gin.middlewareToGinHandler.func1]
/Users/mac/go/pkg/mod/github.com/gin-gonic/gin@v1.12.0/context.go:192 [gin.(*Context).Next]
/Users/mac/go/pkg/mod/github.com/goravel/gin@v1.18.0/context_request.go:233 [gin.(*ContextRequest).Next]
/Users/mac/go/pkg/mod/github.com/goravel/gin@v1.18.0/middleware_tls.go:23 [gin.(*TlsMiddleware).Handle]
/Users/mac/go/pkg/mod/github.com/goravel/gin@v1.18.0/utils.go:66 [gin.middlewareToGinHandler.func1]
/Users/mac/go/pkg/mod/github.com/gin-gonic/gin@v1.12.0/context.go:192 [gin.(*Context).Next]
/Users/mac/go/pkg/mod/github.com/goravel/gin@v1.18.0/context_request.go:233 [gin.(*ContextRequest).Next]
/Users/mac/go/pkg/mod/github.com/goravel/gin@v1.18.0/middleware_cors.go:42 [gin.(*CorsMiddleware).Handle]
/Users/mac/go/pkg/mod/github.com/goravel/gin@v1.18.0/utils.go:66 [gin.middlewareToGinHandler.func1]
/Users/mac/go/pkg/mod/github.com/gin-gonic/gin@v1.12.0/context.go:192 [gin.(*Context).Next]
[2026-07-26 20:15:51.989] local.info: [0.538ms] [rows:0] SELECT * FROM `proc_comments` WHERE entry_id=4 AND status=1 ORDER BY id asc
[Context] map[trace.traceContextKeyType:{Span:<nil> sc:{traceID:[0 0 0 0 0 0 0 0 0 0 0 0 0 0 0 0] spanID:[0 0 0 0 0 0 0 0] traceFlags:0 traceState:{list:[]} remote:false}}]
[2026-07-26 20:15:53.324] local.info: [1.659ms] [rows:1] SELECT * FROM `emps` WHERE `emps`.`id` = '8'
[Context] map[trace.traceContextKeyType:{Span:<nil> sc:{traceID:[0 0 0 0 0 0 0 0 0 0 0 0 0 0 0 0] spanID:[0 0 0 0 0 0 0 0] traceFlags:0 traceState:{list:[]} remote:false}}]
[2026-07-26 20:15:53.326] local.info: [0.442ms] [rows:1] SELECT * FROM `depts` WHERE `depts`.`id` = 4
[Context] map[trace.traceContextKeyType:{Span:<nil> sc:{traceID:[0 0 0 0 0 0 0 0 0 0 0 0 0 0 0 0] spanID:[0 0 0 0 0 0 0 0] traceFlags:0 traceState:{list:[]} remote:false}}]
[2026-07-26 20:15:53.326] local.info: [1.240ms] [rows:1] SELECT * FROM `emps` WHERE user_id=8 ORDER BY `emps`.`id` LIMIT 1
[Context] map[trace.traceContextKeyType:{Span:<nil> sc:{traceID:[0 0 0 0 0 0 0 0 0 0 0 0 0 0 0 0] spanID:[0 0 0 0 0 0 0 0] traceFlags:0 traceState:{list:[]} remote:false}}]
[2026-07-26 20:15:53.328] local.info: [0.399ms] [rows:1] SELECT * FROM `depts` WHERE `depts`.`id` = 5
[Context] map[trace.traceContextKeyType:{Span:<nil> sc:{traceID:[0 0 0 0 0 0 0 0 0 0 0 0 0 0 0 0] spanID:[0 0 0 0 0 0 0 0] traceFlags:0 traceState:{list:[]} remote:false}}]
[2026-07-26 20:15:53.328] local.info: [1.201ms] [rows:1] SELECT * FROM `emps` WHERE `emps`.`id` = 13
[Context] map[trace.traceContextKeyType:{Span:<nil> sc:{traceID:[0 0 0 0 0 0 0 0 0 0 0 0 0 0 0 0] spanID:[0 0 0 0 0 0 0 0] traceFlags:0 traceState:{list:[]} remote:false}}]
[2026-07-26 20:15:53.329] local.info: [1.751ms] [rows:1] SELECT * FROM `entries` WHERE `entries`.`id` = 4
[Context] map[trace.traceContextKeyType:{Span:<nil> sc:{traceID:[0 0 0 0 0 0 0 0 0 0 0 0 0 0 0 0] spanID:[0 0 0 0 0 0 0 0] traceFlags:0 traceState:{list:[]} remote:false}}]
[2026-07-26 20:15:53.329] local.info: [2.408ms] [rows:1] SELECT * FROM `procs` WHERE process_id=7 AND emp_id=8 AND status=0 ORDER BY `procs`.`id` LIMIT 1
[Context] map[trace.traceContextKeyType:{Span:<nil> sc:{traceID:[0 0 0 0 0 0 0 0 0 0 0 0 0 0 0 0] spanID:[0 0 0 0 0 0 0 0] traceFlags:0 traceState:{list:[]} remote:false}}]
[2026-07-26 20:15:53.329] local.info: [0.705ms] [rows:1] SELECT * FROM `processes` WHERE id=7 ORDER BY `processes`.`id` LIMIT 1
[Context] map[trace.traceContextKeyType:{Span:<nil> sc:{traceID:[0 0 0 0 0 0 0 0 0 0 0 0 0 0 0 0] spanID:[0 0 0 0 0 0 0 0] traceFlags:0 traceState:{list:[]} remote:false}}]
[2026-07-26 20:15:53.33] local.info: [0.393ms] [rows:1] SELECT * FROM `flowlinks` WHERE process_id=7 AND type != 'Condition' ORDER BY `flowlinks`.`id` LIMIT 1
[Context] map[trace.traceContextKeyType:{Span:<nil> sc:{traceID:[0 0 0 0 0 0 0 0 0 0 0 0 0 0 0 0] spanID:[0 0 0 0 0 0 0 0] traceFlags:0 traceState:{list:[]} remote:false}}]
[2026-07-26 20:15:53.33] local.info: [0.297ms] [rows:1] SELECT count(*) FROM `flowlinks` WHERE process_id=7 AND type='Condition'
[Context] map[trace.traceContextKeyType:{Span:<nil> sc:{traceID:[0 0 0 0 0 0 0 0 0 0 0 0 0 0 0 0] spanID:[0 0 0 0 0 0 0 0] traceFlags:0 traceState:{list:[]} remote:false}}]
[2026-07-26 20:15:53.331] local.info: [0.333ms] [rows:1] SELECT * FROM `processes` WHERE `processes`.`id` = 8
[Context] map[trace.traceContextKeyType:{Span:<nil> sc:{traceID:[0 0 0 0 0 0 0 0 0 0 0 0 0 0 0 0] spanID:[0 0 0 0 0 0 0 0] traceFlags:0 traceState:{list:[]} remote:false}}]
[2026-07-26 20:15:53.332] local.info: [0.468ms] [rows:1] SELECT * FROM `processes` WHERE `processes`.`id` = 7
[Context] map[trace.traceContextKeyType:{Span:<nil> sc:{traceID:[0 0 0 0 0 0 0 0 0 0 0 0 0 0 0 0] spanID:[0 0 0 0 0 0 0 0] traceFlags:0 traceState:{list:[]} remote:false}}]
[2026-07-26 20:15:53.332] local.info: [1.483ms] [rows:1] SELECT * FROM `flowlinks` WHERE process_id=7 AND type != 'Condition' ORDER BY `flowlinks`.`id` LIMIT 1
[Context] map[trace.traceContextKeyType:{Span:<nil> sc:{traceID:[0 0 0 0 0 0 0 0 0 0 0 0 0 0 0 0] spanID:[0 0 0 0 0 0 0 0] traceFlags:0 traceState:{list:[]} remote:false}}]
[2026-07-26 20:15:53.333] local.info: [0.380ms] [rows:0] SELECT * FROM `flowlinks` WHERE type = 'Sys' AND process_id=8 ORDER BY `flowlinks`.`id` LIMIT 1
[Context] map[trace.traceContextKeyType:{Span:<nil> sc:{traceID:[0 0 0 0 0 0 0 0 0 0 0 0 0 0 0 0] spanID:[0 0 0 0 0 0 0 0] traceFlags:0 traceState:{list:[]} remote:false}}]
[2026-07-26 20:15:53.333] local.info: [0.319ms] [rows:0] SELECT * FROM `flowlinks` WHERE type = 'Emp' AND process_id=8 ORDER BY `flowlinks`.`id` LIMIT 1
[Context] map[trace.traceContextKeyType:{Span:<nil> sc:{traceID:[0 0 0 0 0 0 0 0 0 0 0 0 0 0 0 0] spanID:[0 0 0 0 0 0 0 0] traceFlags:0 traceState:{list:[]} remote:false}}]
[2026-07-26 20:15:53.334] local.info: [0.483ms] [rows:0] SELECT * FROM `flowlinks` WHERE type = 'Dept' AND process_id=8 ORDER BY `flowlinks`.`id` LIMIT 1
[Context] map[trace.traceContextKeyType:{Span:<nil> sc:{traceID:[0 0 0 0 0 0 0 0 0 0 0 0 0 0 0 0] spanID:[0 0 0 0 0 0 0 0] traceFlags:0 traceState:{list:[]} remote:false}}]
[2026-07-26 20:15:53.334] local.info: [0.548ms] [rows:1] SELECT * FROM `entries` WHERE id=4 ORDER BY `entries`.`id` LIMIT 1
[Context] map[trace.traceContextKeyType:{Span:<nil> sc:{traceID:[0 0 0 0 0 0 0 0 0 0 0 0 0 0 0 0] spanID:[0 0 0 0 0 0 0 0] traceFlags:0 traceState:{list:[]} remote:false}}]
[2026-07-26 20:15:53.336] local.info: [1.574ms] [rows:1] UPDATE `entries` SET `created_at`='2026-07-26 20:05:02',`updated_at`='2026-07-26 20:15:53.335',`id`=4,`title`='加签测试',`flow_id`=3,`emp_id`=13,`process_id`=7,`circle`=1,`status`=9,`pid`=0,`enter_process_id`=0,`enter_proc_id`=0,`child`=0 WHERE id=4
[Context] map[trace.traceContextKeyType:{Span:<nil> sc:{traceID:[0 0 0 0 0 0 0 0 0 0 0 0 0 0 0 0] spanID:[0 0 0 0 0 0 0 0] traceFlags:0 traceState:{list:[]} remote:false}}]
[2026-07-26 20:15:53.338] local.info: [0.422ms] [rows:1] SELECT * FROM `depts` WHERE `depts`.`id` = 5
[Context] map[trace.traceContextKeyType:{Span:<nil> sc:{traceID:[0 0 0 0 0 0 0 0 0 0 0 0 0 0 0 0] spanID:[0 0 0 0 0 0 0 0] traceFlags:0 traceState:{list:[]} remote:false}}]
[2026-07-26 20:15:53.338] local.info: [0.870ms] [rows:1] SELECT * FROM `emps` WHERE `emps`.`id` = 13
[Context] map[trace.traceContextKeyType:{Span:<nil> sc:{traceID:[0 0 0 0 0 0 0 0 0 0 0 0 0 0 0 0] spanID:[0 0 0 0 0 0 0 0] traceFlags:0 traceState:{list:[]} remote:false}}]
[2026-07-26 20:15:53.338] local.info: [0.448ms] [rows:1] SELECT * FROM `entrydatas` WHERE `entrydatas`.`entry_id` = 4
[Context] map[trace.traceContextKeyType:{Span:<nil> sc:{traceID:[0 0 0 0 0 0 0 0 0 0 0 0 0 0 0 0] spanID:[0 0 0 0 0 0 0 0] traceFlags:0 traceState:{list:[]} remote:false}}]
[2026-07-26 20:15:53.339] local.info: [0.380ms] [rows:1] SELECT * FROM `flows` WHERE `flows`.`id` = 3
[Context] map[trace.traceContextKeyType:{Span:<nil> sc:{traceID:[0 0 0 0 0 0 0 0 0 0 0 0 0 0 0 0] spanID:[0 0 0 0 0 0 0 0] traceFlags:0 traceState:{list:[]} remote:false}}]
[2026-07-26 20:15:53.339] local.info: [0.384ms] [rows:1] SELECT * FROM `processes` WHERE `processes`.`id` = 7
[Context] map[trace.traceContextKeyType:{Span:<nil> sc:{traceID:[0 0 0 0 0 0 0 0 0 0 0 0 0 0 0 0] spanID:[0 0 0 0 0 0 0 0] traceFlags:0 traceState:{list:[]} remote:false}}]
[2026-07-26 20:15:53.34] local.info: [0.795ms] [rows:3] SELECT * FROM `procs` WHERE `procs`.`entry_id` = 4
[Context] map[trace.traceContextKeyType:{Span:<nil> sc:{traceID:[0 0 0 0 0 0 0 0 0 0 0 0 0 0 0 0] spanID:[0 0 0 0 0 0 0 0] traceFlags:0 traceState:{list:[]} remote:false}}]
[2026-07-26 20:15:53.34] local.info: [3.799ms] [rows:1] SELECT * FROM `entries` WHERE id = 4 ORDER BY `entries`.`id` LIMIT 1
[Context] map[trace.traceContextKeyType:{Span:<nil> sc:{traceID:[0 0 0 0 0 0 0 0 0 0 0 0 0 0 0 0] spanID:[0 0 0 0 0 0 0 0] traceFlags:0 traceState:{list:[]} remote:false}}]
[2026-07-26 20:15:53.341] local.info: [0.634ms] [rows:0] SELECT * FROM `proc_comments` WHERE entry_id = 4 AND status = 1
[Context] map[trace.traceContextKeyType:{Span:<nil> sc:{traceID:[0 0 0 0 0 0 0 0 0 0 0 0 0 0 0 0] spanID:[0 0 0 0 0 0 0 0] traceFlags:0 traceState:{list:[]} remote:false}}]
[2026-07-26 20:15:53.342] local.info: [0.607ms] [rows:0] SELECT * FROM `cc_records` WHERE entry_id = 4
[Context] map[trace.traceContextKeyType:{Span:<nil> sc:{traceID:[0 0 0 0 0 0 0 0 0 0 0 0 0 0 0 0] spanID:[0 0 0 0 0 0 0 0] traceFlags:0 traceState:{list:[]} remote:false}}]
[2026-07-26 20:15:53.345] local.info: [2.918ms] [rows:0] SELECT * FROM `entry_archives` WHERE entry_id = 4 ORDER BY `entry_archives`.`id` LIMIT 1
[Context] map[trace.traceContextKeyType:{Span:<nil> sc:{traceID:[0 0 0 0 0 0 0 0 0 0 0 0 0 0 0 0] spanID:[0 0 0 0 0 0 0 0] traceFlags:0 traceState:{list:[]} remote:false}}]
[2026-07-26 20:15:53.35] local.info: [4.397ms] [rows:1] INSERT INTO `entry_archives` (`created_at`,`updated_at`,`entry_id`,`flow_id`,`status`,`title`,`flow_snapshot`,`entry_snapshot`,`form_data_snapshot`,`procs_snapshot`,`comments_snapshot`,`cc_snapshot`) VALUES ('2026-07-26 20:15:53.345','2026-07-26 20:15:53.345',4,3,9,'加签测试','{"created_at":"2026-07-26 19:57:55","updated_at":"2026-07-26 20:00:30","id":3,"flow_no":"JQ001","flow_name":"加签流程","template_id":3,"flowchart":"","jsplumb":"{\"total\":3,\"list\":{\"6\":{\"id\":6,\"flow_id\":3,\"process_name\":\"开始\",\"process_to\":\"7\",\"icon\":\"\",\"style\":\"width:200px;height:48px;line-height:30px;color:#78a300;left:230px;top:169px;\"},\"7\":{\"id\":7,\"flow_id\":3,\"process_name\":\"市场部\",\"process_to\":\"8\",\"icon\":\"\",\"style\":\"width:200px;height:48px;line-height:30px;color:#78a300;left:625px;top:200px;\"},\"8\":{\"id\":8,\"flow_id\":3,\"process_name\":\"结束\",\"process_to\":\"\",\"icon\":\"\",\"style\":\"width:200px;height:48px;line-height:30px;color:#78a300;left:1091px;top:225px;\"}}}","type_id":1,"is_publish":true,"is_show":true,"Processes":null,"ProcessVars":null,"Template":{"created_at":null,"updated_at":null,"id":0,"template_name":"","TemplateForms":null},"Flowtype":{"created_at":null,"updated_at":null,"id":0,"type_name":"","Flows":null}}','{"created_at":"2026-07-26 20:05:02","updated_at":"2026-07-26 20:15:53","id":4,"title":"加签测试","flow_id":3,"emp_id":13,"process_id":7,"circle":1,"status":9,"pid":0,"enter_process_id":0,"enter_proc_id":0,"child":0,"Flow":{"created_at":"2026-07-26 19:57:55","updated_at":"2026-07-26 20:00:30","id":3,"flow_no":"JQ001","flow_name":"加签流程","template_id":3,"flowchart":"","jsplumb":"{\"total\":3,\"list\":{\"6\":{\"id\":6,\"flow_id\":3,\"process_name\":\"开始\",\"process_to\":\"7\",\"icon\":\"\",\"style\":\"width:200px;height:48px;line-height:30px;color:#78a300;left:230px;top:169px;\"},\"7\":{\"id\":7,\"flow_id\":3,\"process_name\":\"市场部\",\"process_to\":\"8\",\"icon\":\"\",\"style\":\"width:200px;height:48px;line-height:30px;color:#78a300;left:625px;top:200px;\"},\"8\":{\"id\":8,\"flow_id\":3,\"process_name\":\"结束\",\"process_to\":\"\",\"icon\":\"\",\"style\":\"width:200px;height:48px;line-height:30px;color:#78a300;left:1091px;top:225px;\"}}}","type_id":1,"is_publish":true,"is_show":true,"Processes":null,"ProcessVars":null,"Template":{"created_at":null,"updated_at":null,"id":0,"template_name":"","TemplateForms":null},"Flowtype":{"created_at":null,"updated_at":null,"id":0,"type_name":"","Flows":null}},"Emp":{"created_at":"2026-07-26 18:16:57","updated_at":"2026-07-26 18:16:57","id":13,"name":"市场部-销售部-员工1","email":"","password":"$2a$12$wObLURrraLOFJskncHOl4eCAKhFmgtFAskUYzq/gwdsbHIxcU9/0e","workno":"30013","dept_id":5,"leave":0,"user_id":13,"Dept":{"created_at":"2026-07-26 18:16:57","updated_at":"2026-07-26 18:16:57","id":5,"dept_name":"市场部-销售部","pid":4,"director_id":12,"manager_id":11,"rank":1,"html":"|-","level":0,"Director":null,"Manager":null}},"Procs":[{"created_at":"2026-07-26 20:05:02","updated_at":"2026-07-26 20:05:02","id":7,"entry_id":4,"flow_id":3,"process_id":6,"process_name":"开始","emp_id":13,"emp_name":"市场部-销售部-员工1","dept_name":"市场部-销售部","auditor_id":13,"auditor_name":"市场部-销售部-员工1","auditor_dept":"市场部-销售部","status":9,"content":"","is_read":0,"is_real":true,"circle":1,"beizhu":"","concurrence":"2026-07-26 20:05:02","unpass_target_process_id":0,"Emp":{"created_at":null,"updated_at":null,"id":0,"name":"","email":"","password":"","workno":"","dept_id":0,"leave":0,"user_id":0,"Dept":{"created_at":null,"updated_at":null,"id":0,"dept_name":"","pid":0,"director_id":0,"manager_id":0,"rank":0,"html":"","level":0,"Director":null,"Manager":null}},"Entry":{"created_at":null,"updated_at":null,"id":0,"title":"","flow_id":0,"emp_id":0,"process_id":0,"circle":0,"status":0,"pid":0,"enter_process_id":0,"enter_proc_id":0,"child":0,"Flow":{"created_at":null,"updated_at":null,"id":0,"flow_no":"","flow_name":"","template_id":0,"flowchart":"","jsplumb":"","type_id":0,"is_publish":false,"is_show":false,"Processes":null,"ProcessVars":null,"Template":{"created_at":null,"updated_at":null,"id":0,"template_name":"","TemplateForms":null},"Flowtype":{"created_at":null,"updated_at":null,"id":0,"type_name":"","Flows":null}},"Emp":{"created_at":null,"updated_at":null,"id":0,"name":"","email":"","password":"","workno":"","dept_id":0,"leave":0,"user_id":0,"Dept":{"created_at":null,"updated_at":null,"id":0,"dept_name":"","pid":0,"director_id":0,"manager_id":0,"rank":0,"html":"","level":0,"Director":null,"Manager":null}},"Procs":null,"Process":{"created_at":null,"updated_at":null,"id":0,"flow_id":0,"process_name":"","limit_time":0,"type":"","process_to":"","style_color":"","style_height":0,"style_width":0,"position_left":"","position_top":"","position":0,"child_flow_id":0,"child_after":0,"child_back_process":0,"description":"","cc_emp_ids":"","process_vars":null,"Flow":{"created_at":null,"updated_at":null,"id":0,"flow_no":"","flow_name":"","template_id":0,"flowchart":"","jsplumb":"","type_id":0,"is_publish":false,"is_show":false,"Processes":null,"ProcessVars":null,"Template":{"created_at":null,"updated_at":null,"id":0,"template_name":"","TemplateForms":null},"Flowtype":{"created_at":null,"updated_at":null,"id":0,"type_name":"","Flows":null}}},"EntryDatas":null,"ParentEntry":null,"Children":null,"EnterProcess":{"created_at":null,"updated_at":null,"id":0,"flow_id":0,"process_name":"","limit_time":0,"type":"","process_to":"","style_color":"","style_height":0,"style_width":0,"position_left":"","position_top":"","position":0,"child_flow_id":0,"child_after":0,"child_back_process":0,"description":"","cc_emp_ids":"","process_vars":null,"Flow":{"created_at":null,"updated_at":null,"id":0,"flow_no":"","flow_name":"","template_id":0,"flowchart":"","jsplumb":"","type_id":0,"is_publish":false,"is_show":false,"Processes":null,"ProcessVars":null,"Template":{"created_at":null,"updated_at":null,"id":0,"template_name":"","TemplateForms":null},"Flowtype":{"created_at":null,"updated_at":null,"id":0,"type_name":"","Flows":null}}}},"Process":{"created_at":null,"updated_at":null,"id":0,"flow_id":0,"process_name":"","limit_time":0,"type":"","process_to":"","style_color":"","style_height":0,"style_width":0,"position_left":"","position_top":"","position":0,"child_flow_id":0,"child_after":0,"child_back_process":0,"description":"","cc_emp_ids":"","process_vars":null,"Flow":{"created_at":null,"updated_at":null,"id":0,"flow_no":"","flow_name":"","template_id":0,"flowchart":"","jsplumb":"","type_id":0,"is_publish":false,"is_show":false,"Processes":null,"ProcessVars":null,"Template":{"created_at":null,"updated_at":null,"id":0,"template_name":"","TemplateForms":null},"Flowtype":{"created_at":null,"updated_at":null,"id":0,"type_name":"","Flows":null}}},"Flow":{"created_at":null,"updated_at":null,"id":0,"flow_no":"","flow_name":"","template_id":0,"flowchart":"","jsplumb":"","type_id":0,"is_publish":false,"is_show":false,"Processes":null,"ProcessVars":null,"Template":{"created_at":null,"updated_at":null,"id":0,"template_name":"","TemplateForms":null},"Flowtype":{"created_at":null,"updated_at":null,"id":0,"type_name":"","Flows":null}},"SubProcs":null,"AddedSigns":null},{"created_at":"2026-07-26 20:05:02","updated_at":"2026-07-26 20:05:02","id":8,"entry_id":4,"flow_id":3,"process_id":7,"process_name":"市场部","emp_id":8,"emp_name":"市场部-经理","dept_name":"市场部","auditor_id":0,"auditor_name":"","auditor_dept":"","status":0,"content":"","is_read":0,"is_real":true,"circle":1,"beizhu":"","concurrence":"2026-07-26 20:05:02","unpass_target_process_id":0,"Emp":{"created_at":null,"updated_at":null,"id":0,"name":"","email":"","password":"","workno":"","dept_id":0,"leave":0,"user_id":0,"Dept":{"created_at":null,"updated_at":null,"id":0,"dept_name":"","pid":0,"director_id":0,"manager_id":0,"rank":0,"html":"","level":0,"Director":null,"Manager":null}},"Entry":{"created_at":null,"updated_at":null,"id":0,"title":"","flow_id":0,"emp_id":0,"process_id":0,"circle":0,"status":0,"pid":0,"enter_process_id":0,"enter_proc_id":0,"child":0,"Flow":{"created_at":null,"updated_at":null,"id":0,"flow_no":"","flow_name":"","template_id":0,"flowchart":"","jsplumb":"","type_id":0,"is_publish":false,"is_show":false,"Processes":null,"ProcessVars":null,"Template":{"created_at":null,"updated_at":null,"id":0,"template_name":"","TemplateForms":null},"Flowtype":{"created_at":null,"updated_at":null,"id":0,"type_name":"","Flows":null}},"Emp":{"created_at":null,"updated_at":null,"id":0,"name":"","email":"","password":"","workno":"","dept_id":0,"leave":0,"user_id":0,"Dept":{"created_at":null,"updated_at":null,"id":0,"dept_name":"","pid":0,"director_id":0,"manager_id":0,"rank":0,"html":"","level":0,"Director":null,"Manager":null}},"Procs":null,"Process":{"created_at":null,"updated_at":null,"id":0,"flow_id":0,"process_name":"","limit_time":0,"type":"","process_to":"","style_color":"","style_height":0,"style_width":0,"position_left":"","position_top":"","position":0,"child_flow_id":0,"child_after":0,"child_back_process":0,"description":"","cc_emp_ids":"","process_vars":null,"Flow":{"created_at":null,"updated_at":null,"id":0,"flow_no":"","flow_name":"","template_id":0,"flowchart":"","jsplumb":"","type_id":0,"is_publish":false,"is_show":false,"Processes":null,"ProcessVars":null,"Template":{"created_at":null,"updated_at":null,"id":0,"template_name":"","TemplateForms":null},"Flowtype":{"created_at":null,"updated_at":null,"id":0,"type_name":"","Flows":null}}},"EntryDatas":null,"ParentEntry":null,"Children":null,"EnterProcess":{"created_at":null,"updated_at":null,"id":0,"flow_id":0,"process_name":"","limit_time":0,"type":"","process_to":"","style_color":"","style_height":0,"style_width":0,"position_left":"","position_top":"","position":0,"child_flow_id":0,"child_after":0,"child_back_process":0,"description":"","cc_emp_ids":"","process_vars":null,"Flow":{"created_at":null,"updated_at":null,"id":0,"flow_no":"","flow_name":"","template_id":0,"flowchart":"","jsplumb":"","type_id":0,"is_publish":false,"is_show":false,"Processes":null,"ProcessVars":null,"Template":{"created_at":null,"updated_at":null,"id":0,"template_name":"","TemplateForms":null},"Flowtype":{"created_at":null,"updated_at":null,"id":0,"type_name":"","Flows":null}}}},"Process":{"created_at":null,"updated_at":null,"id":0,"flow_id":0,"process_name":"","limit_time":0,"type":"","process_to":"","style_color":"","style_height":0,"style_width":0,"position_left":"","position_top":"","position":0,"child_flow_id":0,"child_after":0,"child_back_process":0,"description":"","cc_emp_ids":"","process_vars":null,"Flow":{"created_at":null,"updated_at":null,"id":0,"flow_no":"","flow_name":"","template_id":0,"flowchart":"","jsplumb":"","type_id":0,"is_publish":false,"is_show":false,"Processes":null,"ProcessVars":null,"Template":{"created_at":null,"updated_at":null,"id":0,"template_name":"","TemplateForms":null},"Flowtype":{"created_at":null,"updated_at":null,"id":0,"type_name":"","Flows":null}}},"Flow":{"created_at":null,"updated_at":null,"id":0,"flow_no":"","flow_name":"","template_id":0,"flowchart":"","jsplumb":"","type_id":0,"is_publish":false,"is_show":false,"Processes":null,"ProcessVars":null,"Template":{"created_at":null,"updated_at":null,"id":0,"template_name":"","TemplateForms":null},"Flowtype":{"created_at":null,"updated_at":null,"id":0,"type_name":"","Flows":null}},"SubProcs":null,"AddedSigns":null},{"created_at":"2026-07-26 20:15:13","updated_at":"2026-07-26 20:15:13","id":9,"entry_id":4,"flow_id":3,"process_id":7,"process_name":"市场部","emp_id":1,"emp_name":"董事长","dept_name":"总部","auditor_id":0,"auditor_name":"","auditor_dept":"","status":0,"content":"","is_read":0,"is_real":true,"circle":1,"beizhu":"","concurrence":"2026-07-26 20:15:13","unpass_target_process_id":0,"Emp":{"created_at":null,"updated_at":null,"id":0,"name":"","email":"","password":"","workno":"","dept_id":0,"leave":0,"user_id":0,"Dept":{"created_at":null,"updated_at":null,"id":0,"dept_name":"","pid":0,"director_id":0,"manager_id":0,"rank":0,"html":"","level":0,"Director":null,"Manager":null}},"Entry":{"created_at":null,"updated_at":null,"id":0,"title":"","flow_id":0,"emp_id":0,"process_id":0,"circle":0,"status":0,"pid":0,"enter_process_id":0,"enter_proc_id":0,"child":0,"Flow":{"created_at":null,"updated_at":null,"id":0,"flow_no":"","flow_name":"","template_id":0,"flowchart":"","jsplumb":"","type_id":0,"is_publish":false,"is_show":false,"Processes":null,"ProcessVars":null,"Template":{"created_at":null,"updated_at":null,"id":0,"template_name":"","TemplateForms":null},"Flowtype":{"created_at":null,"updated_at":null,"id":0,"type_name":"","Flows":null}},"Emp":{"created_at":null,"updated_at":null,"id":0,"name":"","email":"","password":"","workno":"","dept_id":0,"leave":0,"user_id":0,"Dept":{"created_at":null,"updated_at":null,"id":0,"dept_name":"","pid":0,"director_id":0,"manager_id":0,"rank":0,"html":"","level":0,"Director":null,"Manager":null}},"Procs":null,"Process":{"created_at":null,"updated_at":null,"id":0,"flow_id":0,"process_name":"","limit_time":0,"type":"","process_to":"","style_color":"","style_height":0,"style_width":0,"position_left":"","position_top":"","position":0,"child_flow_id":0,"child_after":0,"child_back_process":0,"description":"","cc_emp_ids":"","process_vars":null,"Flow":{"created_at":null,"updated_at":null,"id":0,"flow_no":"","flow_name":"","template_id":0,"flowchart":"","jsplumb":"","type_id":0,"is_publish":false,"is_show":false,"Processes":null,"ProcessVars":null,"Template":{"created_at":null,"updated_at":null,"id":0,"template_name":"","TemplateForms":null},"Flowtype":{"created_at":null,"updated_at":null,"id":0,"type_name":"","Flows":null}}},"EntryDatas":null,"ParentEntry":null,"Children":null,"EnterProcess":{"created_at":null,"updated_at":null,"id":0,"flow_id":0,"process_name":"","limit_time":0,"type":"","process_to":"","style_color":"","style_height":0,"style_width":0,"position_left":"","position_top":"","position":0,"child_flow_id":0,"child_after":0,"child_back_process":0,"description":"","cc_emp_ids":"","process_vars":null,"Flow":{"created_at":null,"updated_at":null,"id":0,"flow_no":"","flow_name":"","template_id":0,"flowchart":"","jsplumb":"","type_id":0,"is_publish":false,"is_show":false,"Processes":null,"ProcessVars":null,"Template":{"created_at":null,"updated_at":null,"id":0,"template_name":"","TemplateForms":null},"Flowtype":{"created_at":null,"updated_at":null,"id":0,"type_name":"","Flows":null}}}},"Process":{"created_at":null,"updated_at":null,"id":0,"flow_id":0,"process_name":"","limit_time":0,"type":"","process_to":"","style_color":"","style_height":0,"style_width":0,"position_left":"","position_top":"","position":0,"child_flow_id":0,"child_after":0,"child_back_process":0,"description":"","cc_emp_ids":"","process_vars":null,"Flow":{"created_at":null,"updated_at":null,"id":0,"flow_no":"","flow_name":"","template_id":0,"flowchart":"","jsplumb":"","type_id":0,"is_publish":false,"is_show":false,"Processes":null,"ProcessVars":null,"Template":{"created_at":null,"updated_at":null,"id":0,"template_name":"","TemplateForms":null},"Flowtype":{"created_at":null,"updated_at":null,"id":0,"type_name":"","Flows":null}}},"Flow":{"created_at":null,"updated_at":null,"id":0,"flow_no":"","flow_name":"","template_id":0,"flowchart":"","jsplumb":"","type_id":0,"is_publish":false,"is_show":false,"Processes":null,"ProcessVars":null,"Template":{"created_at":null,"updated_at":null,"id":0,"template_name":"","TemplateForms":null},"Flowtype":{"created_at":null,"updated_at":null,"id":0,"type_name":"","Flows":null}},"SubProcs":null,"AddedSigns":null}],"Process":{"created_at":"2026-07-26 19:58:15","updated_at":"2026-07-26 20:00:08","id":7,"flow_id":3,"process_name":"市场部","limit_time":0,"type":"operation","process_to":"8","style":"width:200px;height:48px;line-height:30px;color:#78a300;left:625px;top:200px;","style_color":"#78a300","style_height":48,"style_width":200,"position_left":"625px","position_top":"200px","position":1,"child_flow_id":0,"child_after":2,"child_back_process":0,"description":"","cc_emp_ids":"","process_vars":null,"Flow":{"created_at":null,"updated_at":null,"id":0,"flow_no":"","flow_name":"","template_id":0,"flowchart":"","jsplumb":"","type_id":0,"is_publish":false,"is_show":false,"Processes":null,"ProcessVars":null,"Template":{"created_at":null,"updated_at":null,"id":0,"template_name":"","TemplateForms":null},"Flowtype":{"created_at":null,"updated_at":null,"id":0,"type_name":"","Flows":null}}},"EntryDatas":[{"created_at":"2026-07-26 20:05:02","updated_at":"2026-07-26 20:05:02","id":4,"entry_id":4,"flow_id":3,"field_name":"username","field_value":"加签测试","field_remark":""}],"ParentEntry":null,"Children":null,"EnterProcess":{"created_at":null,"updated_at":null,"id":0,"flow_id":0,"process_name":"","limit_time":0,"type":"","process_to":"","style_color":"","style_height":0,"style_width":0,"position_left":"","position_top":"","position":0,"child_flow_id":0,"child_after":0,"child_back_process":0,"description":"","cc_emp_ids":"","process_vars":null,"Flow":{"created_at":null,"updated_at":null,"id":0,"flow_no":"","flow_name":"","template_id":0,"flowchart":"","jsplumb":"","type_id":0,"is_publish":false,"is_show":false,"Processes":null,"ProcessVars":null,"Template":{"created_at":null,"updated_at":null,"id":0,"template_name":"","TemplateForms":null},"Flowtype":{"created_at":null,"updated_at":null,"id":0,"type_name":"","Flows":null}}}}','[{"created_at":"2026-07-26 20:05:02","updated_at":"2026-07-26 20:05:02","id":4,"entry_id":4,"flow_id":3,"field_name":"username","field_value":"加签测试","field_remark":""}]','[{"created_at":"2026-07-26 20:05:02","updated_at":"2026-07-26 20:05:02","id":7,"entry_id":4,"flow_id":3,"process_id":6,"process_name":"开始","emp_id":13,"emp_name":"市场部-销售部-员工1","dept_name":"市场部-销售部","auditor_id":13,"auditor_name":"市场部-销售部-员工1","auditor_dept":"市场部-销售部","status":9,"content":"","is_read":0,"is_real":true,"circle":1,"beizhu":"","concurrence":"2026-07-26 20:05:02","unpass_target_process_id":0,"Emp":{"created_at":null,"updated_at":null,"id":0,"name":"","email":"","password":"","workno":"","dept_id":0,"leave":0,"user_id":0,"Dept":{"created_at":null,"updated_at":null,"id":0,"dept_name":"","pid":0,"director_id":0,"manager_id":0,"rank":0,"html":"","level":0,"Director":null,"Manager":null}},"Entry":{"created_at":null,"updated_at":null,"id":0,"title":"","flow_id":0,"emp_id":0,"process_id":0,"circle":0,"status":0,"pid":0,"enter_process_id":0,"enter_proc_id":0,"child":0,"Flow":{"created_at":null,"updated_at":null,"id":0,"flow_no":"","flow_name":"","template_id":0,"flowchart":"","jsplumb":"","type_id":0,"is_publish":false,"is_show":false,"Processes":null,"ProcessVars":null,"Template":{"created_at":null,"updated_at":null,"id":0,"template_name":"","TemplateForms":null},"Flowtype":{"created_at":null,"updated_at":null,"id":0,"type_name":"","Flows":null}},"Emp":{"created_at":null,"updated_at":null,"id":0,"name":"","email":"","password":"","workno":"","dept_id":0,"leave":0,"user_id":0,"Dept":{"created_at":null,"updated_at":null,"id":0,"dept_name":"","pid":0,"director_id":0,"manager_id":0,"rank":0,"html":"","level":0,"Director":null,"Manager":null}},"Procs":null,"Process":{"created_at":null,"updated_at":null,"id":0,"flow_id":0,"process_name":"","limit_time":0,"type":"","process_to":"","style_color":"","style_height":0,"style_width":0,"position_left":"","position_top":"","position":0,"child_flow_id":0,"child_after":0,"child_back_process":0,"description":"","cc_emp_ids":"","process_vars":null,"Flow":{"created_at":null,"updated_at":null,"id":0,"flow_no":"","flow_name":"","template_id":0,"flowchart":"","jsplumb":"","type_id":0,"is_publish":false,"is_show":false,"Processes":null,"ProcessVars":null,"Template":{"created_at":null,"updated_at":null,"id":0,"template_name":"","TemplateForms":null},"Flowtype":{"created_at":null,"updated_at":null,"id":0,"type_name":"","Flows":null}}},"EntryDatas":null,"ParentEntry":null,"Children":null,"EnterProcess":{"created_at":null,"updated_at":null,"id":0,"flow_id":0,"process_name":"","limit_time":0,"type":"","process_to":"","style_color":"","style_height":0,"style_width":0,"position_left":"","position_top":"","position":0,"child_flow_id":0,"child_after":0,"child_back_process":0,"description":"","cc_emp_ids":"","process_vars":null,"Flow":{"created_at":null,"updated_at":null,"id":0,"flow_no":"","flow_name":"","template_id":0,"flowchart":"","jsplumb":"","type_id":0,"is_publish":false,"is_show":false,"Processes":null,"ProcessVars":null,"Template":{"created_at":null,"updated_at":null,"id":0,"template_name":"","TemplateForms":null},"Flowtype":{"created_at":null,"updated_at":null,"id":0,"type_name":"","Flows":null}}}},"Process":{"created_at":null,"updated_at":null,"id":0,"flow_id":0,"process_name":"","limit_time":0,"type":"","process_to":"","style_color":"","style_height":0,"style_width":0,"position_left":"","position_top":"","position":0,"child_flow_id":0,"child_after":0,"child_back_process":0,"description":"","cc_emp_ids":"","process_vars":null,"Flow":{"created_at":null,"updated_at":null,"id":0,"flow_no":"","flow_name":"","template_id":0,"flowchart":"","jsplumb":"","type_id":0,"is_publish":false,"is_show":false,"Processes":null,"ProcessVars":null,"Template":{"created_at":null,"updated_at":null,"id":0,"template_name":"","TemplateForms":null},"Flowtype":{"created_at":null,"updated_at":null,"id":0,"type_name":"","Flows":null}}},"Flow":{"created_at":null,"updated_at":null,"id":0,"flow_no":"","flow_name":"","template_id":0,"flowchart":"","jsplumb":"","type_id":0,"is_publish":false,"is_show":false,"Processes":null,"ProcessVars":null,"Template":{"created_at":null,"updated_at":null,"id":0,"template_name":"","TemplateForms":null},"Flowtype":{"created_at":null,"updated_at":null,"id":0,"type_name":"","Flows":null}},"SubProcs":null,"AddedSigns":null},{"created_at":"2026-07-26 20:05:02","updated_at":"2026-07-26 20:05:02","id":8,"entry_id":4,"flow_id":3,"process_id":7,"process_name":"市场部","emp_id":8,"emp_name":"市场部-经理","dept_name":"市场部","auditor_id":0,"auditor_name":"","auditor_dept":"","status":0,"content":"","is_read":0,"is_real":true,"circle":1,"beizhu":"","concurrence":"2026-07-26 20:05:02","unpass_target_process_id":0,"Emp":{"created_at":null,"updated_at":null,"id":0,"name":"","email":"","password":"","workno":"","dept_id":0,"leave":0,"user_id":0,"Dept":{"created_at":null,"updated_at":null,"id":0,"dept_name":"","pid":0,"director_id":0,"manager_id":0,"rank":0,"html":"","level":0,"Director":null,"Manager":null}},"Entry":{"created_at":null,"updated_at":null,"id":0,"title":"","flow_id":0,"emp_id":0,"process_id":0,"circle":0,"status":0,"pid":0,"enter_process_id":0,"enter_proc_id":0,"child":0,"Flow":{"created_at":null,"updated_at":null,"id":0,"flow_no":"","flow_name":"","template_id":0,"flowchart":"","jsplumb":"","type_id":0,"is_publish":false,"is_show":false,"Processes":null,"ProcessVars":null,"Template":{"created_at":null,"updated_at":null,"id":0,"template_name":"","TemplateForms":null},"Flowtype":{"created_at":null,"updated_at":null,"id":0,"type_name":"","Flows":null}},"Emp":{"created_at":null,"updated_at":null,"id":0,"name":"","email":"","password":"","workno":"","dept_id":0,"leave":0,"user_id":0,"Dept":{"created_at":null,"updated_at":null,"id":0,"dept_name":"","pid":0,"director_id":0,"manager_id":0,"rank":0,"html":"","level":0,"Director":null,"Manager":null}},"Procs":null,"Process":{"created_at":null,"updated_at":null,"id":0,"flow_id":0,"process_name":"","limit_time":0,"type":"","process_to":"","style_color":"","style_height":0,"style_width":0,"position_left":"","position_top":"","position":0,"child_flow_id":0,"child_after":0,"child_back_process":0,"description":"","cc_emp_ids":"","process_vars":null,"Flow":{"created_at":null,"updated_at":null,"id":0,"flow_no":"","flow_name":"","template_id":0,"flowchart":"","jsplumb":"","type_id":0,"is_publish":false,"is_show":false,"Processes":null,"ProcessVars":null,"Template":{"created_at":null,"updated_at":null,"id":0,"template_name":"","TemplateForms":null},"Flowtype":{"created_at":null,"updated_at":null,"id":0,"type_name":"","Flows":null}}},"EntryDatas":null,"ParentEntry":null,"Children":null,"EnterProcess":{"created_at":null,"updated_at":null,"id":0,"flow_id":0,"process_name":"","limit_time":0,"type":"","process_to":"","style_color":"","style_height":0,"style_width":0,"position_left":"","position_top":"","position":0,"child_flow_id":0,"child_after":0,"child_back_process":0,"description":"","cc_emp_ids":"","process_vars":null,"Flow":{"created_at":null,"updated_at":null,"id":0,"flow_no":"","flow_name":"","template_id":0,"flowchart":"","jsplumb":"","type_id":0,"is_publish":false,"is_show":false,"Processes":null,"ProcessVars":null,"Template":{"created_at":null,"updated_at":null,"id":0,"template_name":"","TemplateForms":null},"Flowtype":{"created_at":null,"updated_at":null,"id":0,"type_name":"","Flows":null}}}},"Process":{"created_at":null,"updated_at":null,"id":0,"flow_id":0,"process_name":"","limit_time":0,"type":"","process_to":"","style_color":"","style_height":0,"style_width":0,"position_left":"","position_top":"","position":0,"child_flow_id":0,"child_after":0,"child_back_process":0,"description":"","cc_emp_ids":"","process_vars":null,"Flow":{"created_at":null,"updated_at":null,"id":0,"flow_no":"","flow_name":"","template_id":0,"flowchart":"","jsplumb":"","type_id":0,"is_publish":false,"is_show":false,"Processes":null,"ProcessVars":null,"Template":{"created_at":null,"updated_at":null,"id":0,"template_name":"","TemplateForms":null},"Flowtype":{"created_at":null,"updated_at":null,"id":0,"type_name":"","Flows":null}}},"Flow":{"created_at":null,"updated_at":null,"id":0,"flow_no":"","flow_name":"","template_id":0,"flowchart":"","jsplumb":"","type_id":0,"is_publish":false,"is_show":false,"Processes":null,"ProcessVars":null,"Template":{"created_at":null,"updated_at":null,"id":0,"template_name":"","TemplateForms":null},"Flowtype":{"created_at":null,"updated_at":null,"id":0,"type_name":"","Flows":null}},"SubProcs":null,"AddedSigns":null},{"created_at":"2026-07-26 20:15:13","updated_at":"2026-07-26 20:15:13","id":9,"entry_id":4,"flow_id":3,"process_id":7,"process_name":"市场部","emp_id":1,"emp_name":"董事长","dept_name":"总部","auditor_id":0,"auditor_name":"","auditor_dept":"","status":0,"content":"","is_read":0,"is_real":true,"circle":1,"beizhu":"","concurrence":"2026-07-26 20:15:13","unpass_target_process_id":0,"Emp":{"created_at":null,"updated_at":null,"id":0,"name":"","email":"","password":"","workno":"","dept_id":0,"leave":0,"user_id":0,"Dept":{"created_at":null,"updated_at":null,"id":0,"dept_name":"","pid":0,"director_id":0,"manager_id":0,"rank":0,"html":"","level":0,"Director":null,"Manager":null}},"Entry":{"created_at":null,"updated_at":null,"id":0,"title":"","flow_id":0,"emp_id":0,"process_id":0,"circle":0,"status":0,"pid":0,"enter_process_id":0,"enter_proc_id":0,"child":0,"Flow":{"created_at":null,"updated_at":null,"id":0,"flow_no":"","flow_name":"","template_id":0,"flowchart":"","jsplumb":"","type_id":0,"is_publish":false,"is_show":false,"Processes":null,"ProcessVars":null,"Template":{"created_at":null,"updated_at":null,"id":0,"template_name":"","TemplateForms":null},"Flowtype":{"created_at":null,"updated_at":null,"id":0,"type_name":"","Flows":null}},"Emp":{"created_at":null,"updated_at":null,"id":0,"name":"","email":"","password":"","workno":"","dept_id":0,"leave":0,"user_id":0,"Dept":{"created_at":null,"updated_at":null,"id":0,"dept_name":"","pid":0,"director_id":0,"manager_id":0,"rank":0,"html":"","level":0,"Director":null,"Manager":null}},"Procs":null,"Process":{"created_at":null,"updated_at":null,"id":0,"flow_id":0,"process_name":"","limit_time":0,"type":"","process_to":"","style_color":"","style_height":0,"style_width":0,"position_left":"","position_top":"","position":0,"child_flow_id":0,"child_after":0,"child_back_process":0,"description":"","cc_emp_ids":"","process_vars":null,"Flow":{"created_at":null,"updated_at":null,"id":0,"flow_no":"","flow_name":"","template_id":0,"flowchart":"","jsplumb":"","type_id":0,"is_publish":false,"is_show":false,"Processes":null,"ProcessVars":null,"Template":{"created_at":null,"updated_at":null,"id":0,"template_name":"","TemplateForms":null},"Flowtype":{"created_at":null,"updated_at":null,"id":0,"type_name":"","Flows":null}}},"EntryDatas":null,"ParentEntry":null,"Children":null,"EnterProcess":{"created_at":null,"updated_at":null,"id":0,"flow_id":0,"process_name":"","limit_time":0,"type":"","process_to":"","style_color":"","style_height":0,"style_width":0,"position_left":"","position_top":"","position":0,"child_flow_id":0,"child_after":0,"child_back_process":0,"description":"","cc_emp_ids":"","process_vars":null,"Flow":{"created_at":null,"updated_at":null,"id":0,"flow_no":"","flow_name":"","template_id":0,"flowchart":"","jsplumb":"","type_id":0,"is_publish":false,"is_show":false,"Processes":null,"ProcessVars":null,"Template":{"created_at":null,"updated_at":null,"id":0,"template_name":"","TemplateForms":null},"Flowtype":{"created_at":null,"updated_at":null,"id":0,"type_name":"","Flows":null}}}},"Process":{"created_at":null,"updated_at":null,"id":0,"flow_id":0,"process_name":"","limit_time":0,"type":"","process_to":"","style_color":"","style_height":0,"style_width":0,"position_left":"","position_top":"","position":0,"child_flow_id":0,"child_after":0,"child_back_process":0,"description":"","cc_emp_ids":"","process_vars":null,"Flow":{"created_at":null,"updated_at":null,"id":0,"flow_no":"","flow_name":"","template_id":0,"flowchart":"","jsplumb":"","type_id":0,"is_publish":false,"is_show":false,"Processes":null,"ProcessVars":null,"Template":{"created_at":null,"updated_at":null,"id":0,"template_name":"","TemplateForms":null},"Flowtype":{"created_at":null,"updated_at":null,"id":0,"type_name":"","Flows":null}}},"Flow":{"created_at":null,"updated_at":null,"id":0,"flow_no":"","flow_name":"","template_id":0,"flowchart":"","jsplumb":"","type_id":0,"is_publish":false,"is_show":false,"Processes":null,"ProcessVars":null,"Template":{"created_at":null,"updated_at":null,"id":0,"template_name":"","TemplateForms":null},"Flowtype":{"created_at":null,"updated_at":null,"id":0,"type_name":"","Flows":null}},"SubProcs":null,"AddedSigns":null}]','[]','[]')
[Context] map[trace.traceContextKeyType:{Span:<nil> sc:{traceID:[0 0 0 0 0 0 0 0 0 0 0 0 0 0 0 0] spanID:[0 0 0 0 0 0 0 0] traceFlags:0 traceState:{list:[]} remote:false}}]
[2026-07-26 20:15:53.351] local.error: [0.613ms] [rows:0] SELECT * FROM `plugin_configs` WHERE process_id=7	Error 1146 (42S02): Table 'workflow_test.plugin_configs' doesn't exist
[Context] map[trace.traceContextKeyType:{Span:<nil> sc:{traceID:[0 0 0 0 0 0 0 0 0 0 0 0 0 0 0 0] spanID:[0 0 0 0 0 0 0 0] traceFlags:0 traceState:{list:[]} remote:false}}]
[Trace] /Users/mac/go/pkg/mod/github.com/goravel/framework@v1.18.0/log/writer.go:209 [log.(*Writer).withStackTrace]
/Users/mac/go/pkg/mod/github.com/goravel/framework@v1.18.0/log/writer.go:65 [log.(*Writer).Errorf]
/Users/mac/go/pkg/mod/github.com/goravel/framework@v1.18.0/database/db/logger.go:79 [db.(*Logger).Errorf]
/Users/mac/go/pkg/mod/github.com/goravel/framework@v1.18.0/database/db/logger.go:102 [db.(*Logger).Trace]
/Users/mac/go/pkg/mod/github.com/goravel/framework@v1.18.0/database/db/logger.go:153 [db.(*Gorm).Trace]
/Users/mac/go/pkg/mod/gorm.io/gorm@v1.31.2/callbacks.go:140 [gorm.(*processor).Execute]
/Users/mac/go/pkg/mod/gorm.io/gorm@v1.31.2/finisher_api.go:182 [gorm.(*DB).Find]
/Users/mac/go/pkg/mod/github.com/goravel/framework@v1.18.0/database/gorm/query.go:278 [gorm.(*Query).Find]
/Users/mac/code/Sites/goland/workflow_test/packages/goravel-workflow/services/workflow/workflow.go:969 [workflow.(*Workflow).finalizeProc]
/Users/mac/code/Sites/goland/workflow_test/packages/goravel-workflow/services/workflow/workflow.go:872 [workflow.(*Workflow).handleLastStep]
/Users/mac/code/Sites/goland/workflow_test/packages/goravel-workflow/services/workflow/workflow.go:943 [workflow.(*Workflow).handleNextStep]
/Users/mac/code/Sites/goland/workflow_test/packages/goravel-workflow/services/workflow/workflow.go:627 [workflow.(*Workflow).Transfer]
/Users/mac/code/Sites/goland/workflow_test/packages/goravel-workflow/services/workflow/workflow.go:1031 [workflow.(*Workflow).Pass]
/Users/mac/code/Sites/goland/workflow_test/packages/goravel-workflow/controllers/proc_controller.go:36 [controllers.(*ProcController).Pass]
/Users/mac/go/pkg/mod/github.com/goravel/gin@v1.18.0/utils.go:37 [gin.handlerToGinHandler.func1]
/Users/mac/go/pkg/mod/github.com/gin-gonic/gin@v1.12.0/context.go:192 [gin.(*Context).Next]
/Users/mac/go/pkg/mod/github.com/goravel/gin@v1.18.0/context_request.go:233 [gin.(*ContextRequest).Next]
/Users/mac/go/pkg/mod/github.com/goravel/gin@v1.18.0/context_response.go:164 [gin.(*responseMiddleware).Handle]
/Users/mac/go/pkg/mod/github.com/goravel/gin@v1.18.0/utils.go:66 [gin.middlewareToGinHandler.func1]
/Users/mac/go/pkg/mod/github.com/gin-gonic/gin@v1.12.0/context.go:192 [gin.(*Context).Next]
/Users/mac/go/pkg/mod/github.com/goravel/gin@v1.18.0/context_request.go:233 [gin.(*ContextRequest).Next]
/Users/mac/code/Sites/goland/workflow_test/packages/goravel-workflow/middleware/jwt.go:34 [middleware.(*Jwt).Handle]
/Users/mac/go/pkg/mod/github.com/goravel/gin@v1.18.0/utils.go:66 [gin.middlewareToGinHandler.func1]
/Users/mac/go/pkg/mod/github.com/gin-gonic/gin@v1.12.0/context.go:192 [gin.(*Context).Next]
/Users/mac/go/pkg/mod/github.com/goravel/gin@v1.18.0/context_request.go:233 [gin.(*ContextRequest).Next]
/Users/mac/go/pkg/mod/github.com/goravel/framework@v1.18.0/http/middleware/check_for_maintenance_mode.go:34 [middleware.(*maintenanceMode).Handle]
/Users/mac/go/pkg/mod/github.com/goravel/gin@v1.18.0/utils.go:66 [gin.middlewareToGinHandler.func1]
/Users/mac/go/pkg/mod/github.com/gin-gonic/gin@v1.12.0/context.go:192 [gin.(*Context).Next]
/Users/mac/go/pkg/mod/github.com/goravel/gin@v1.18.0/context_request.go:233 [gin.(*ContextRequest).Next]
/Users/mac/go/pkg/mod/github.com/goravel/gin@v1.18.0/middleware_tls.go:23 [gin.(*TlsMiddleware).Handle]
/Users/mac/go/pkg/mod/github.com/goravel/gin@v1.18.0/utils.go:66 [gin.middlewareToGinHandler.func1]
/Users/mac/go/pkg/mod/github.com/gin-gonic/gin@v1.12.0/context.go:192 [gin.(*Context).Next]
/Users/mac/go/pkg/mod/github.com/goravel/gin@v1.18.0/context_request.go:233 [gin.(*ContextRequest).Next]
/Users/mac/go/pkg/mod/github.com/goravel/gin@v1.18.0/middleware_cors.go:42 [gin.(*CorsMiddleware).Handle]
/Users/mac/go/pkg/mod/github.com/goravel/gin@v1.18.0/utils.go:66 [gin.middlewareToGinHandler.func1]
/Users/mac/go/pkg/mod/github.com/gin-gonic/gin@v1.12.0/context.go:192 [gin.(*Context).Next]
[2026-07-26 20:15:53.352] local.info: [1.132ms] [rows:1] SELECT * FROM `procs` WHERE entry_id=4 AND process_id=7 AND circle=1 AND status=0 ORDER BY `procs`.`id` LIMIT 1
[Context] map[trace.traceContextKeyType:{Span:<nil> sc:{traceID:[0 0 0 0 0 0 0 0 0 0 0 0 0 0 0 0] spanID:[0 0 0 0 0 0 0 0] traceFlags:0 traceState:{list:[]} remote:false}}]
[2026-07-26 20:15:53.354] local.info: [1.623ms] [rows:1] UPDATE `procs` SET `created_at`='2026-07-26 20:05:02',`updated_at`='2026-07-26 20:15:53.352',`id`=8,`entry_id`=4,`flow_id`=3,`process_id`=7,`process_name`='市场部',`emp_id`=8,`emp_name`='市场部-经理',`dept_name`='市场部',`auditor_id`=8,`auditor_name`='市场部-经理',`auditor_dept`='',`status`=1,`content`='',`is_read`=0,`is_real`=true,`circle`=1,`beizhu`='[]',`concurrence`='2026-07-26 20:15:53.352',`unpass_target_process_id`=0 WHERE id=8
[Context] map[trace.traceContextKeyType:{Span:<nil> sc:{traceID:[0 0 0 0 0 0 0 0 0 0 0 0 0 0 0 0] spanID:[0 0 0 0 0 0 0 0] traceFlags:0 traceState:{list:[]} remote:false}}]
[2026-07-26 20:15:53.354] local.info: [0.499ms] [rows:1] SELECT `cc_emp_ids` FROM `processes` WHERE id=7
[Context] map[trace.traceContextKeyType:{Span:<nil> sc:{traceID:[0 0 0 0 0 0 0 0 0 0 0 0 0 0 0 0] spanID:[0 0 0 0 0 0 0 0] traceFlags:0 traceState:{list:[]} remote:false}}]
[2026-07-26 20:15:53.389] local.info: [1.293ms] [rows:1] SELECT * FROM `emps` WHERE `emps`.`id` = '8'
[Context] map[trace.traceContextKeyType:{Span:<nil> sc:{traceID:[0 0 0 0 0 0 0 0 0 0 0 0 0 0 0 0] spanID:[0 0 0 0 0 0 0 0] traceFlags:0 traceState:{list:[]} remote:false}}]
[2026-07-26 20:15:53.39] local.info: [0.931ms] [rows:1] SELECT * FROM `emps` WHERE user_id=8
[Context] map[trace.traceContextKeyType:{Span:<nil> sc:{traceID:[0 0 0 0 0 0 0 0 0 0 0 0 0 0 0 0] spanID:[0 0 0 0 0 0 0 0] traceFlags:0 traceState:{list:[]} remote:false}}]
[2026-07-26 20:15:53.39] local.info: [0.495ms] [rows:1] SELECT count(*) FROM `depts`
[Context] map[trace.traceContextKeyType:{Span:<nil> sc:{traceID:[0 0 0 0 0 0 0 0 0 0 0 0 0 0 0 0] spanID:[0 0 0 0 0 0 0 0] traceFlags:0 traceState:{list:[]} remote:false}}]
[2026-07-26 20:15:53.391] local.info: [0.209ms] [rows:1] SELECT count(*) FROM `emps`
[Context] map[trace.traceContextKeyType:{Span:<nil> sc:{traceID:[0 0 0 0 0 0 0 0 0 0 0 0 0 0 0 0] spanID:[0 0 0 0 0 0 0 0] traceFlags:0 traceState:{list:[]} remote:false}}]
[2026-07-26 20:15:53.391] local.info: [0.349ms] [rows:1] SELECT count(*) FROM `flows`
[Context] map[trace.traceContextKeyType:{Span:<nil> sc:{traceID:[0 0 0 0 0 0 0 0 0 0 0 0 0 0 0 0] spanID:[0 0 0 0 0 0 0 0] traceFlags:0 traceState:{list:[]} remote:false}}]
[2026-07-26 20:15:53.392] local.info: [0.485ms] [rows:1] SELECT count(*) FROM `templates`
[Context] map[trace.traceContextKeyType:{Span:<nil> sc:{traceID:[0 0 0 0 0 0 0 0 0 0 0 0 0 0 0 0] spanID:[0 0 0 0 0 0 0 0] traceFlags:0 traceState:{list:[]} remote:false}}]
[2026-07-26 20:15:53.392] local.info: [0.163ms] [rows:1] SELECT count(*) FROM `entries`
[Context] map[trace.traceContextKeyType:{Span:<nil> sc:{traceID:[0 0 0 0 0 0 0 0 0 0 0 0 0 0 0 0] spanID:[0 0 0 0 0 0 0 0] traceFlags:0 traceState:{list:[]} remote:false}}]
[2026-07-26 20:15:53.392] local.info: [0.338ms] [rows:1] SELECT count(*) FROM `procs` WHERE status=0
[Context] map[trace.traceContextKeyType:{Span:<nil> sc:{traceID:[0 0 0 0 0 0 0 0 0 0 0 0 0 0 0 0] spanID:[0 0 0 0 0 0 0 0] traceFlags:0 traceState:{list:[]} remote:false}}]
[2026-07-26 20:15:53.395] local.info: [1.227ms] [rows:0] SELECT * FROM `entries` WHERE emp_id=8 AND pid=0 ORDER BY id desc
[Context] map[trace.traceContextKeyType:{Span:<nil> sc:{traceID:[0 0 0 0 0 0 0 0 0 0 0 0 0 0 0 0] spanID:[0 0 0 0 0 0 0 0] traceFlags:0 traceState:{list:[]} remote:false}}]
[2026-07-26 20:15:53.396] local.info: [0.667ms] [rows:0] SELECT * FROM `procs` WHERE emp_id=8 AND status=0 ORDER BY id desc
[Context] map[trace.traceContextKeyType:{Span:<nil> sc:{traceID:[0 0 0 0 0 0 0 0 0 0 0 0 0 0 0 0] spanID:[0 0 0 0 0 0 0 0] traceFlags:0 traceState:{list:[]} remote:false}}]
[2026-07-26 20:15:53.397] local.info: [0.489ms] [rows:3] SELECT * FROM `flows` WHERE is_publish=1 AND is_show=1
[Context] map[trace.traceContextKeyType:{Span:<nil> sc:{traceID:[0 0 0 0 0 0 0 0 0 0 0 0 0 0 0 0] spanID:[0 0 0 0 0 0 0 0] traceFlags:0 traceState:{list:[]} remote:false}}]
[2026-07-26 20:15:53.398] local.info: [0.359ms] [rows:1] SELECT * FROM `emps` WHERE `emps`.`id` = 8
[Context] map[trace.traceContextKeyType:{Span:<nil> sc:{traceID:[0 0 0 0 0 0 0 0 0 0 0 0 0 0 0 0] spanID:[0 0 0 0 0 0 0 0] traceFlags:0 traceState:{list:[]} remote:false}}]
[2026-07-26 20:15:53.398] local.info: [0.330ms] [rows:1] SELECT * FROM `entries` WHERE `entries`.`id` = 4
[Context] map[trace.traceContextKeyType:{Span:<nil> sc:{traceID:[0 0 0 0 0 0 0 0 0 0 0 0 0 0 0 0] spanID:[0 0 0 0 0 0 0 0] traceFlags:0 traceState:{list:[]} remote:false}}]
[2026-07-26 20:15:53.398] local.info: [1.395ms] [rows:1] SELECT * FROM `procs` WHERE emp_id=8 AND status!=0 ORDER BY id desc
[Context] map[trace.traceContextKeyType:{Span:<nil> sc:{traceID:[0 0 0 0 0 0 0 0 0 0 0 0 0 0 0 0] spanID:[0 0 0 0 0 0 0 0] traceFlags:0 traceState:{list:[]} remote:false}}]
[2026-07-26 20:15:53.399] local.info: [0.454ms] [rows:0] SELECT * FROM `cc_records` WHERE emp_id=8 ORDER BY id desc
[Context] map[trace.traceContextKeyType:{Span:<nil> sc:{traceID:[0 0 0 0 0 0 0 0 0 0 0 0 0 0 0 0] spanID:[0 0 0 0 0 0 0 0] traceFlags:0 traceState:{list:[]} remote:false}}]
[2026-07-26 20:15:58.488] local.info: [0.505ms] [rows:1] SELECT * FROM `depts` WHERE `depts`.`id` = 5
[Context] map[trace.traceContextKeyType:{Span:<nil> sc:{traceID:[0 0 0 0 0 0 0 0 0 0 0 0 0 0 0 0] spanID:[0 0 0 0 0 0 0 0] traceFlags:0 traceState:{list:[]} remote:false}}]
[2026-07-26 20:15:58.489] local.info: [1.138ms] [rows:1] SELECT * FROM `emps` WHERE `emps`.`id` = 13
[Context] map[trace.traceContextKeyType:{Span:<nil> sc:{traceID:[0 0 0 0 0 0 0 0 0 0 0 0 0 0 0 0] spanID:[0 0 0 0 0 0 0 0] traceFlags:0 traceState:{list:[]} remote:false}}]
[2026-07-26 20:15:58.489] local.info: [0.503ms] [rows:1] SELECT * FROM `entrydatas` WHERE `entrydatas`.`entry_id` = 4
[Context] map[trace.traceContextKeyType:{Span:<nil> sc:{traceID:[0 0 0 0 0 0 0 0 0 0 0 0 0 0 0 0] spanID:[0 0 0 0 0 0 0 0] traceFlags:0 traceState:{list:[]} remote:false}}]
[2026-07-26 20:15:58.49] local.info: [0.482ms] [rows:1] SELECT * FROM `templateforms` WHERE `templateforms`.`template_id` = 3
[Context] map[trace.traceContextKeyType:{Span:<nil> sc:{traceID:[0 0 0 0 0 0 0 0 0 0 0 0 0 0 0 0] spanID:[0 0 0 0 0 0 0 0] traceFlags:0 traceState:{list:[]} remote:false}}]
[2026-07-26 20:15:58.491] local.info: [0.957ms] [rows:1] SELECT * FROM `templates` WHERE `templates`.`id` = 3
[Context] map[trace.traceContextKeyType:{Span:<nil> sc:{traceID:[0 0 0 0 0 0 0 0 0 0 0 0 0 0 0 0] spanID:[0 0 0 0 0 0 0 0] traceFlags:0 traceState:{list:[]} remote:false}}]
[2026-07-26 20:15:58.491] local.info: [1.430ms] [rows:1] SELECT * FROM `flows` WHERE `flows`.`id` = 3
[Context] map[trace.traceContextKeyType:{Span:<nil> sc:{traceID:[0 0 0 0 0 0 0 0 0 0 0 0 0 0 0 0] spanID:[0 0 0 0 0 0 0 0] traceFlags:0 traceState:{list:[]} remote:false}}]
[2026-07-26 20:15:58.491] local.info: [0.487ms] [rows:1] SELECT * FROM `processes` WHERE `processes`.`id` = 7
[Context] map[trace.traceContextKeyType:{Span:<nil> sc:{traceID:[0 0 0 0 0 0 0 0 0 0 0 0 0 0 0 0] spanID:[0 0 0 0 0 0 0 0] traceFlags:0 traceState:{list:[]} remote:false}}]
[2026-07-26 20:15:58.492] local.info: [0.667ms] [rows:3] SELECT * FROM `procs` WHERE `procs`.`entry_id` = 4 ORDER BY id asc
[Context] map[trace.traceContextKeyType:{Span:<nil> sc:{traceID:[0 0 0 0 0 0 0 0 0 0 0 0 0 0 0 0] spanID:[0 0 0 0 0 0 0 0] traceFlags:0 traceState:{list:[]} remote:false}}]
[2026-07-26 20:15:58.492] local.info: [5.659ms] [rows:1] SELECT * FROM `entries` WHERE `id` = 4
[Context] map[trace.traceContextKeyType:{Span:<nil> sc:{traceID:[0 0 0 0 0 0 0 0 0 0 0 0 0 0 0 0] spanID:[0 0 0 0 0 0 0 0] traceFlags:0 traceState:{list:[]} remote:false}}]
[2026-07-26 20:15:58.493] local.info: [0.336ms] [rows:0] SELECT * FROM `proc_comments` WHERE entry_id = 4 AND status = 1 ORDER BY id asc
[Context] map[trace.traceContextKeyType:{Span:<nil> sc:{traceID:[0 0 0 0 0 0 0 0 0 0 0 0 0 0 0 0] spanID:[0 0 0 0 0 0 0 0] traceFlags:0 traceState:{list:[]} remote:false}}]
[2026-07-26 20:15:58.493] local.info: [0.353ms] [rows:0] SELECT * FROM `entries` WHERE pid = 4
[Context] map[trace.traceContextKeyType:{Span:<nil> sc:{traceID:[0 0 0 0 0 0 0 0 0 0 0 0 0 0 0 0] spanID:[0 0 0 0 0 0 0 0] traceFlags:0 traceState:{list:[]} remote:false}}]
[2026-07-26 20:16:04.311] local.info: [1.151ms] [rows:1] SELECT * FROM `emps` WHERE `workno` = '0001'
[Context] map[trace.traceContextKeyType:{Span:<nil> sc:{traceID:[0 0 0 0 0 0 0 0 0 0 0 0 0 0 0 0] spanID:[0 0 0 0 0 0 0 0] traceFlags:0 traceState:{list:[]} remote:false}}]
[2026-07-26 20:16:04.311] local.info: [0.481ms] [rows:1] SELECT * FROM `emps` WHERE workno='0001'
[Context] map[trace.traceContextKeyType:{Span:<nil> sc:{traceID:[0 0 0 0 0 0 0 0 0 0 0 0 0 0 0 0] spanID:[0 0 0 0 0 0 0 0] traceFlags:0 traceState:{list:[]} remote:false}}]
[2026-07-26 20:16:04.634] local.info: [0.740ms] [rows:1] SELECT * FROM `emps` WHERE `emps`.`id` = '1'
[Context] map[trace.traceContextKeyType:{Span:<nil> sc:{traceID:[0 0 0 0 0 0 0 0 0 0 0 0 0 0 0 0] spanID:[0 0 0 0 0 0 0 0] traceFlags:0 traceState:{list:[]} remote:false}}]
[2026-07-26 20:16:04.635] local.info: [0.479ms] [rows:1] SELECT * FROM `emps` WHERE user_id=1
[Context] map[trace.traceContextKeyType:{Span:<nil> sc:{traceID:[0 0 0 0 0 0 0 0 0 0 0 0 0 0 0 0] spanID:[0 0 0 0 0 0 0 0] traceFlags:0 traceState:{list:[]} remote:false}}]
[2026-07-26 20:16:04.636] local.info: [0.556ms] [rows:1] SELECT count(*) FROM `depts`
[Context] map[trace.traceContextKeyType:{Span:<nil> sc:{traceID:[0 0 0 0 0 0 0 0 0 0 0 0 0 0 0 0] spanID:[0 0 0 0 0 0 0 0] traceFlags:0 traceState:{list:[]} remote:false}}]
[2026-07-26 20:16:04.636] local.info: [0.173ms] [rows:1] SELECT count(*) FROM `emps`
[Context] map[trace.traceContextKeyType:{Span:<nil> sc:{traceID:[0 0 0 0 0 0 0 0 0 0 0 0 0 0 0 0] spanID:[0 0 0 0 0 0 0 0] traceFlags:0 traceState:{list:[]} remote:false}}]
[2026-07-26 20:16:04.637] local.info: [1.320ms] [rows:1] SELECT count(*) FROM `flows`
[Context] map[trace.traceContextKeyType:{Span:<nil> sc:{traceID:[0 0 0 0 0 0 0 0 0 0 0 0 0 0 0 0] spanID:[0 0 0 0 0 0 0 0] traceFlags:0 traceState:{list:[]} remote:false}}]
[2026-07-26 20:16:04.639] local.info: [0.892ms] [rows:1] SELECT count(*) FROM `templates`
[Context] map[trace.traceContextKeyType:{Span:<nil> sc:{traceID:[0 0 0 0 0 0 0 0 0 0 0 0 0 0 0 0] spanID:[0 0 0 0 0 0 0 0] traceFlags:0 traceState:{list:[]} remote:false}}]
[2026-07-26 20:16:04.64] local.info: [0.523ms] [rows:1] SELECT count(*) FROM `entries`
[Context] map[trace.traceContextKeyType:{Span:<nil> sc:{traceID:[0 0 0 0 0 0 0 0 0 0 0 0 0 0 0 0] spanID:[0 0 0 0 0 0 0 0] traceFlags:0 traceState:{list:[]} remote:false}}]
[2026-07-26 20:16:04.64] local.info: [0.517ms] [rows:1] SELECT count(*) FROM `procs` WHERE status=0
[Context] map[trace.traceContextKeyType:{Span:<nil> sc:{traceID:[0 0 0 0 0 0 0 0 0 0 0 0 0 0 0 0] spanID:[0 0 0 0 0 0 0 0] traceFlags:0 traceState:{list:[]} remote:false}}]
[2026-07-26 20:16:04.641] local.info: [0.578ms] [rows:0] SELECT * FROM `entries` WHERE emp_id=1 AND pid=0 ORDER BY id desc
[Context] map[trace.traceContextKeyType:{Span:<nil> sc:{traceID:[0 0 0 0 0 0 0 0 0 0 0 0 0 0 0 0] spanID:[0 0 0 0 0 0 0 0] traceFlags:0 traceState:{list:[]} remote:false}}]
[2026-07-26 20:16:04.642] local.info: [0.372ms] [rows:1] SELECT * FROM `emps` WHERE `emps`.`id` = 1
[Context] map[trace.traceContextKeyType:{Span:<nil> sc:{traceID:[0 0 0 0 0 0 0 0 0 0 0 0 0 0 0 0] spanID:[0 0 0 0 0 0 0 0] traceFlags:0 traceState:{list:[]} remote:false}}]
[2026-07-26 20:16:04.643] local.info: [0.329ms] [rows:1] SELECT * FROM `emps` WHERE `emps`.`id` = 13
[Context] map[trace.traceContextKeyType:{Span:<nil> sc:{traceID:[0 0 0 0 0 0 0 0 0 0 0 0 0 0 0 0] spanID:[0 0 0 0 0 0 0 0] traceFlags:0 traceState:{list:[]} remote:false}}]
[2026-07-26 20:16:04.643] local.info: [0.783ms] [rows:1] SELECT * FROM `entries` WHERE `entries`.`id` = 4
[Context] map[trace.traceContextKeyType:{Span:<nil> sc:{traceID:[0 0 0 0 0 0 0 0 0 0 0 0 0 0 0 0] spanID:[0 0 0 0 0 0 0 0] traceFlags:0 traceState:{list:[]} remote:false}}]
[2026-07-26 20:16:04.643] local.info: [2.098ms] [rows:1] SELECT * FROM `procs` WHERE emp_id=1 AND status=0 ORDER BY id desc
[Context] map[trace.traceContextKeyType:{Span:<nil> sc:{traceID:[0 0 0 0 0 0 0 0 0 0 0 0 0 0 0 0] spanID:[0 0 0 0 0 0 0 0] traceFlags:0 traceState:{list:[]} remote:false}}]
[2026-07-26 20:16:04.644] local.info: [0.408ms] [rows:3] SELECT * FROM `flows` WHERE is_publish=1 AND is_show=1
[Context] map[trace.traceContextKeyType:{Span:<nil> sc:{traceID:[0 0 0 0 0 0 0 0 0 0 0 0 0 0 0 0] spanID:[0 0 0 0 0 0 0 0] traceFlags:0 traceState:{list:[]} remote:false}}]
[2026-07-26 20:16:04.645] local.info: [0.442ms] [rows:0] SELECT * FROM `procs` WHERE emp_id=1 AND status!=0 ORDER BY id desc
[Context] map[trace.traceContextKeyType:{Span:<nil> sc:{traceID:[0 0 0 0 0 0 0 0 0 0 0 0 0 0 0 0] spanID:[0 0 0 0 0 0 0 0] traceFlags:0 traceState:{list:[]} remote:false}}]
[2026-07-26 20:16:04.645] local.info: [0.317ms] [rows:0] SELECT * FROM `cc_records` WHERE emp_id=1 ORDER BY id desc
[Context] map[trace.traceContextKeyType:{Span:<nil> sc:{traceID:[0 0 0 0 0 0 0 0 0 0 0 0 0 0 0 0] spanID:[0 0 0 0 0 0 0 0] traceFlags:0 traceState:{list:[]} remote:false}}]
[2026-07-26 20:16:06.347] local.info: [0.534ms] [rows:1] SELECT * FROM `templateforms` WHERE `templateforms`.`template_id` = 3
[Context] map[trace.traceContextKeyType:{Span:<nil> sc:{traceID:[0 0 0 0 0 0 0 0 0 0 0 0 0 0 0 0] spanID:[0 0 0 0 0 0 0 0] traceFlags:0 traceState:{list:[]} remote:false}}]
[2026-07-26 20:16:06.348] local.info: [1.294ms] [rows:1] SELECT * FROM `templates` WHERE `templates`.`id` = 3
[Context] map[trace.traceContextKeyType:{Span:<nil> sc:{traceID:[0 0 0 0 0 0 0 0 0 0 0 0 0 0 0 0] spanID:[0 0 0 0 0 0 0 0] traceFlags:0 traceState:{list:[]} remote:false}}]
[2026-07-26 20:16:06.348] local.info: [2.244ms] [rows:1] SELECT * FROM `flows` WHERE `id` = 3
[Context] map[trace.traceContextKeyType:{Span:<nil> sc:{traceID:[0 0 0 0 0 0 0 0 0 0 0 0 0 0 0 0] spanID:[0 0 0 0 0 0 0 0] traceFlags:0 traceState:{list:[]} remote:false}}]
[2026-07-26 20:16:06.358] local.info: [0.641ms] [rows:1] SELECT * FROM `entries` WHERE id=4
[Context] map[trace.traceContextKeyType:{Span:<nil> sc:{traceID:[0 0 0 0 0 0 0 0 0 0 0 0 0 0 0 0] spanID:[0 0 0 0 0 0 0 0] traceFlags:0 traceState:{list:[]} remote:false}}]
[2026-07-26 20:16:06.358] local.info: [0.571ms] [rows:1] SELECT * FROM `entrydatas` WHERE entry_id=4 OR entry_id=0
[Context] map[trace.traceContextKeyType:{Span:<nil> sc:{traceID:[0 0 0 0 0 0 0 0 0 0 0 0 0 0 0 0] spanID:[0 0 0 0 0 0 0 0] traceFlags:0 traceState:{list:[]} remote:false}}]
[2026-07-26 20:16:06.359] local.info: [0.503ms] [rows:0] SELECT * FROM `flowlinks` WHERE next_process_id=7 AND type='Condition'
[Context] map[trace.traceContextKeyType:{Span:<nil> sc:{traceID:[0 0 0 0 0 0 0 0 0 0 0 0 0 0 0 0] spanID:[0 0 0 0 0 0 0 0] traceFlags:0 traceState:{list:[]} remote:false}}]
[2026-07-26 20:16:06.36] local.error: [0.519ms] [rows:0] SELECT * FROM `plugin_configs` WHERE process_id=0	Error 1146 (42S02): Table 'workflow_test.plugin_configs' doesn't exist
[Context] map[trace.traceContextKeyType:{Span:<nil> sc:{traceID:[0 0 0 0 0 0 0 0 0 0 0 0 0 0 0 0] spanID:[0 0 0 0 0 0 0 0] traceFlags:0 traceState:{list:[]} remote:false}}]
[Trace] /Users/mac/go/pkg/mod/github.com/goravel/framework@v1.18.0/log/writer.go:209 [log.(*Writer).withStackTrace]
/Users/mac/go/pkg/mod/github.com/goravel/framework@v1.18.0/log/writer.go:65 [log.(*Writer).Errorf]
/Users/mac/go/pkg/mod/github.com/goravel/framework@v1.18.0/database/db/logger.go:79 [db.(*Logger).Errorf]
/Users/mac/go/pkg/mod/github.com/goravel/framework@v1.18.0/database/db/logger.go:102 [db.(*Logger).Trace]
/Users/mac/go/pkg/mod/github.com/goravel/framework@v1.18.0/database/db/logger.go:153 [db.(*Gorm).Trace]
/Users/mac/go/pkg/mod/gorm.io/gorm@v1.31.2/callbacks.go:140 [gorm.(*processor).Execute]
/Users/mac/go/pkg/mod/gorm.io/gorm@v1.31.2/finisher_api.go:182 [gorm.(*DB).Find]
/Users/mac/go/pkg/mod/github.com/goravel/framework@v1.18.0/database/gorm/query.go:278 [gorm.(*Query).Find]
/Users/mac/code/Sites/goland/workflow_test/packages/goravel-workflow/controllers/entry_controller.go:135 [controllers.(*EntryController).EntryData]
/Users/mac/go/pkg/mod/github.com/goravel/gin@v1.18.0/utils.go:37 [gin.handlerToGinHandler.func1]
/Users/mac/go/pkg/mod/github.com/gin-gonic/gin@v1.12.0/context.go:192 [gin.(*Context).Next]
/Users/mac/go/pkg/mod/github.com/goravel/gin@v1.18.0/context_request.go:233 [gin.(*ContextRequest).Next]
/Users/mac/go/pkg/mod/github.com/goravel/gin@v1.18.0/context_response.go:164 [gin.(*responseMiddleware).Handle]
/Users/mac/go/pkg/mod/github.com/goravel/gin@v1.18.0/utils.go:66 [gin.middlewareToGinHandler.func1]
/Users/mac/go/pkg/mod/github.com/gin-gonic/gin@v1.12.0/context.go:192 [gin.(*Context).Next]
/Users/mac/go/pkg/mod/github.com/goravel/gin@v1.18.0/context_request.go:233 [gin.(*ContextRequest).Next]
/Users/mac/code/Sites/goland/workflow_test/packages/goravel-workflow/middleware/jwt.go:34 [middleware.(*Jwt).Handle]
/Users/mac/go/pkg/mod/github.com/goravel/gin@v1.18.0/utils.go:66 [gin.middlewareToGinHandler.func1]
/Users/mac/go/pkg/mod/github.com/gin-gonic/gin@v1.12.0/context.go:192 [gin.(*Context).Next]
/Users/mac/go/pkg/mod/github.com/goravel/gin@v1.18.0/context_request.go:233 [gin.(*ContextRequest).Next]
/Users/mac/go/pkg/mod/github.com/goravel/framework@v1.18.0/http/middleware/check_for_maintenance_mode.go:34 [middleware.(*maintenanceMode).Handle]
/Users/mac/go/pkg/mod/github.com/goravel/gin@v1.18.0/utils.go:66 [gin.middlewareToGinHandler.func1]
/Users/mac/go/pkg/mod/github.com/gin-gonic/gin@v1.12.0/context.go:192 [gin.(*Context).Next]
/Users/mac/go/pkg/mod/github.com/goravel/gin@v1.18.0/context_request.go:233 [gin.(*ContextRequest).Next]
/Users/mac/go/pkg/mod/github.com/goravel/gin@v1.18.0/middleware_tls.go:23 [gin.(*TlsMiddleware).Handle]
/Users/mac/go/pkg/mod/github.com/goravel/gin@v1.18.0/utils.go:66 [gin.middlewareToGinHandler.func1]
/Users/mac/go/pkg/mod/github.com/gin-gonic/gin@v1.12.0/context.go:192 [gin.(*Context).Next]
/Users/mac/go/pkg/mod/github.com/goravel/gin@v1.18.0/context_request.go:233 [gin.(*ContextRequest).Next]
/Users/mac/go/pkg/mod/github.com/goravel/gin@v1.18.0/middleware_cors.go:42 [gin.(*CorsMiddleware).Handle]
/Users/mac/go/pkg/mod/github.com/goravel/gin@v1.18.0/utils.go:66 [gin.middlewareToGinHandler.func1]
/Users/mac/go/pkg/mod/github.com/gin-gonic/gin@v1.12.0/context.go:192 [gin.(*Context).Next]
[2026-07-26 20:16:06.378] local.info: [1.085ms] [rows:0] SELECT * FROM `proc_comments` WHERE entry_id=4 AND status=1 ORDER BY id asc
[Context] map[trace.traceContextKeyType:{Span:<nil> sc:{traceID:[0 0 0 0 0 0 0 0 0 0 0 0 0 0 0 0] spanID:[0 0 0 0 0 0 0 0] traceFlags:0 traceState:{list:[]} remote:false}}]
[2026-07-26 20:16:07.258] local.info: [1.433ms] [rows:1] SELECT * FROM `emps` WHERE `emps`.`id` = '1'
[Context] map[trace.traceContextKeyType:{Span:<nil> sc:{traceID:[0 0 0 0 0 0 0 0 0 0 0 0 0 0 0 0] spanID:[0 0 0 0 0 0 0 0] traceFlags:0 traceState:{list:[]} remote:false}}]
[2026-07-26 20:16:07.26] local.info: [0.583ms] [rows:1] SELECT * FROM `depts` WHERE `depts`.`id` = 1
[Context] map[trace.traceContextKeyType:{Span:<nil> sc:{traceID:[0 0 0 0 0 0 0 0 0 0 0 0 0 0 0 0] spanID:[0 0 0 0 0 0 0 0] traceFlags:0 traceState:{list:[]} remote:false}}]
[2026-07-26 20:16:07.26] local.info: [1.664ms] [rows:1] SELECT * FROM `emps` WHERE user_id=1 ORDER BY `emps`.`id` LIMIT 1
[Context] map[trace.traceContextKeyType:{Span:<nil> sc:{traceID:[0 0 0 0 0 0 0 0 0 0 0 0 0 0 0 0] spanID:[0 0 0 0 0 0 0 0] traceFlags:0 traceState:{list:[]} remote:false}}]
[2026-07-26 20:16:07.263] local.info: [0.416ms] [rows:1] SELECT * FROM `depts` WHERE `depts`.`id` = 5
[Context] map[trace.traceContextKeyType:{Span:<nil> sc:{traceID:[0 0 0 0 0 0 0 0 0 0 0 0 0 0 0 0] spanID:[0 0 0 0 0 0 0 0] traceFlags:0 traceState:{list:[]} remote:false}}]
[2026-07-26 20:16:07.263] local.info: [1.086ms] [rows:1] SELECT * FROM `emps` WHERE `emps`.`id` = 13
[Context] map[trace.traceContextKeyType:{Span:<nil> sc:{traceID:[0 0 0 0 0 0 0 0 0 0 0 0 0 0 0 0] spanID:[0 0 0 0 0 0 0 0] traceFlags:0 traceState:{list:[]} remote:false}}]
[2026-07-26 20:16:07.263] local.info: [1.670ms] [rows:1] SELECT * FROM `entries` WHERE `entries`.`id` = 4
[Context] map[trace.traceContextKeyType:{Span:<nil> sc:{traceID:[0 0 0 0 0 0 0 0 0 0 0 0 0 0 0 0] spanID:[0 0 0 0 0 0 0 0] traceFlags:0 traceState:{list:[]} remote:false}}]
[2026-07-26 20:16:07.263] local.info: [2.520ms] [rows:1] SELECT * FROM `procs` WHERE process_id=7 AND emp_id=1 AND status=0 ORDER BY `procs`.`id` LIMIT 1
[Context] map[trace.traceContextKeyType:{Span:<nil> sc:{traceID:[0 0 0 0 0 0 0 0 0 0 0 0 0 0 0 0] spanID:[0 0 0 0 0 0 0 0] traceFlags:0 traceState:{list:[]} remote:false}}]
[2026-07-26 20:16:07.264] local.info: [0.576ms] [rows:1] SELECT * FROM `processes` WHERE id=7 ORDER BY `processes`.`id` LIMIT 1
[Context] map[trace.traceContextKeyType:{Span:<nil> sc:{traceID:[0 0 0 0 0 0 0 0 0 0 0 0 0 0 0 0] spanID:[0 0 0 0 0 0 0 0] traceFlags:0 traceState:{list:[]} remote:false}}]
[2026-07-26 20:16:07.264] local.info: [0.461ms] [rows:1] SELECT * FROM `flowlinks` WHERE process_id=7 AND type != 'Condition' ORDER BY `flowlinks`.`id` LIMIT 1
[Context] map[trace.traceContextKeyType:{Span:<nil> sc:{traceID:[0 0 0 0 0 0 0 0 0 0 0 0 0 0 0 0] spanID:[0 0 0 0 0 0 0 0] traceFlags:0 traceState:{list:[]} remote:false}}]
[2026-07-26 20:16:07.265] local.info: [0.373ms] [rows:1] SELECT count(*) FROM `flowlinks` WHERE process_id=7 AND type='Condition'
[Context] map[trace.traceContextKeyType:{Span:<nil> sc:{traceID:[0 0 0 0 0 0 0 0 0 0 0 0 0 0 0 0] spanID:[0 0 0 0 0 0 0 0] traceFlags:0 traceState:{list:[]} remote:false}}]
[2026-07-26 20:16:07.266] local.info: [0.427ms] [rows:1] SELECT * FROM `processes` WHERE `processes`.`id` = 8
[Context] map[trace.traceContextKeyType:{Span:<nil> sc:{traceID:[0 0 0 0 0 0 0 0 0 0 0 0 0 0 0 0] spanID:[0 0 0 0 0 0 0 0] traceFlags:0 traceState:{list:[]} remote:false}}]
[2026-07-26 20:16:07.266] local.info: [0.457ms] [rows:1] SELECT * FROM `processes` WHERE `processes`.`id` = 7
[Context] map[trace.traceContextKeyType:{Span:<nil> sc:{traceID:[0 0 0 0 0 0 0 0 0 0 0 0 0 0 0 0] spanID:[0 0 0 0 0 0 0 0] traceFlags:0 traceState:{list:[]} remote:false}}]
[2026-07-26 20:16:07.267] local.info: [1.592ms] [rows:1] SELECT * FROM `flowlinks` WHERE process_id=7 AND type != 'Condition' ORDER BY `flowlinks`.`id` LIMIT 1
[Context] map[trace.traceContextKeyType:{Span:<nil> sc:{traceID:[0 0 0 0 0 0 0 0 0 0 0 0 0 0 0 0] spanID:[0 0 0 0 0 0 0 0] traceFlags:0 traceState:{list:[]} remote:false}}]
[2026-07-26 20:16:07.267] local.info: [0.368ms] [rows:0] SELECT * FROM `flowlinks` WHERE type = 'Sys' AND process_id=8 ORDER BY `flowlinks`.`id` LIMIT 1
[Context] map[trace.traceContextKeyType:{Span:<nil> sc:{traceID:[0 0 0 0 0 0 0 0 0 0 0 0 0 0 0 0] spanID:[0 0 0 0 0 0 0 0] traceFlags:0 traceState:{list:[]} remote:false}}]
[2026-07-26 20:16:07.267] local.info: [0.296ms] [rows:0] SELECT * FROM `flowlinks` WHERE type = 'Emp' AND process_id=8 ORDER BY `flowlinks`.`id` LIMIT 1
[Context] map[trace.traceContextKeyType:{Span:<nil> sc:{traceID:[0 0 0 0 0 0 0 0 0 0 0 0 0 0 0 0] spanID:[0 0 0 0 0 0 0 0] traceFlags:0 traceState:{list:[]} remote:false}}]
[2026-07-26 20:16:07.268] local.info: [0.564ms] [rows:0] SELECT * FROM `flowlinks` WHERE type = 'Dept' AND process_id=8 ORDER BY `flowlinks`.`id` LIMIT 1
[Context] map[trace.traceContextKeyType:{Span:<nil> sc:{traceID:[0 0 0 0 0 0 0 0 0 0 0 0 0 0 0 0] spanID:[0 0 0 0 0 0 0 0] traceFlags:0 traceState:{list:[]} remote:false}}]
[2026-07-26 20:16:07.269] local.info: [0.568ms] [rows:1] SELECT * FROM `entries` WHERE id=4 ORDER BY `entries`.`id` LIMIT 1
[Context] map[trace.traceContextKeyType:{Span:<nil> sc:{traceID:[0 0 0 0 0 0 0 0 0 0 0 0 0 0 0 0] spanID:[0 0 0 0 0 0 0 0] traceFlags:0 traceState:{list:[]} remote:false}}]
[2026-07-26 20:16:07.271] local.info: [1.815ms] [rows:1] UPDATE `entries` SET `created_at`='2026-07-26 20:05:02',`updated_at`='2026-07-26 20:16:07.269',`id`=4,`title`='加签测试',`flow_id`=3,`emp_id`=13,`process_id`=7,`circle`=1,`status`=9,`pid`=0,`enter_process_id`=0,`enter_proc_id`=0,`child`=0 WHERE id=4
[Context] map[trace.traceContextKeyType:{Span:<nil> sc:{traceID:[0 0 0 0 0 0 0 0 0 0 0 0 0 0 0 0] spanID:[0 0 0 0 0 0 0 0] traceFlags:0 traceState:{list:[]} remote:false}}]
[2026-07-26 20:16:07.272] local.info: [0.290ms] [rows:1] SELECT * FROM `depts` WHERE `depts`.`id` = 5
[Context] map[trace.traceContextKeyType:{Span:<nil> sc:{traceID:[0 0 0 0 0 0 0 0 0 0 0 0 0 0 0 0] spanID:[0 0 0 0 0 0 0 0] traceFlags:0 traceState:{list:[]} remote:false}}]
[2026-07-26 20:16:07.272] local.info: [0.724ms] [rows:1] SELECT * FROM `emps` WHERE `emps`.`id` = 13
[Context] map[trace.traceContextKeyType:{Span:<nil> sc:{traceID:[0 0 0 0 0 0 0 0 0 0 0 0 0 0 0 0] spanID:[0 0 0 0 0 0 0 0] traceFlags:0 traceState:{list:[]} remote:false}}]
[2026-07-26 20:16:07.272] local.info: [0.347ms] [rows:1] SELECT * FROM `entrydatas` WHERE `entrydatas`.`entry_id` = 4
[Context] map[trace.traceContextKeyType:{Span:<nil> sc:{traceID:[0 0 0 0 0 0 0 0 0 0 0 0 0 0 0 0] spanID:[0 0 0 0 0 0 0 0] traceFlags:0 traceState:{list:[]} remote:false}}]
[2026-07-26 20:16:07.273] local.info: [0.326ms] [rows:1] SELECT * FROM `flows` WHERE `flows`.`id` = 3
[Context] map[trace.traceContextKeyType:{Span:<nil> sc:{traceID:[0 0 0 0 0 0 0 0 0 0 0 0 0 0 0 0] spanID:[0 0 0 0 0 0 0 0] traceFlags:0 traceState:{list:[]} remote:false}}]
[2026-07-26 20:16:07.273] local.info: [0.505ms] [rows:1] SELECT * FROM `processes` WHERE `processes`.`id` = 7
[Context] map[trace.traceContextKeyType:{Span:<nil> sc:{traceID:[0 0 0 0 0 0 0 0 0 0 0 0 0 0 0 0] spanID:[0 0 0 0 0 0 0 0] traceFlags:0 traceState:{list:[]} remote:false}}]
[2026-07-26 20:16:07.274] local.info: [0.495ms] [rows:3] SELECT * FROM `procs` WHERE `procs`.`entry_id` = 4
[Context] map[trace.traceContextKeyType:{Span:<nil> sc:{traceID:[0 0 0 0 0 0 0 0 0 0 0 0 0 0 0 0] spanID:[0 0 0 0 0 0 0 0] traceFlags:0 traceState:{list:[]} remote:false}}]
[2026-07-26 20:16:07.274] local.info: [3.200ms] [rows:1] SELECT * FROM `entries` WHERE id = 4 ORDER BY `entries`.`id` LIMIT 1
[Context] map[trace.traceContextKeyType:{Span:<nil> sc:{traceID:[0 0 0 0 0 0 0 0 0 0 0 0 0 0 0 0] spanID:[0 0 0 0 0 0 0 0] traceFlags:0 traceState:{list:[]} remote:false}}]
[2026-07-26 20:16:07.275] local.info: [0.369ms] [rows:0] SELECT * FROM `proc_comments` WHERE entry_id = 4 AND status = 1
[Context] map[trace.traceContextKeyType:{Span:<nil> sc:{traceID:[0 0 0 0 0 0 0 0 0 0 0 0 0 0 0 0] spanID:[0 0 0 0 0 0 0 0] traceFlags:0 traceState:{list:[]} remote:false}}]
[2026-07-26 20:16:07.275] local.info: [0.304ms] [rows:0] SELECT * FROM `cc_records` WHERE entry_id = 4
[Context] map[trace.traceContextKeyType:{Span:<nil> sc:{traceID:[0 0 0 0 0 0 0 0 0 0 0 0 0 0 0 0] spanID:[0 0 0 0 0 0 0 0] traceFlags:0 traceState:{list:[]} remote:false}}]
[2026-07-26 20:16:07.277] local.info: [0.900ms] [rows:1] SELECT * FROM `entry_archives` WHERE entry_id = 4 ORDER BY `entry_archives`.`id` LIMIT 1
[Context] map[trace.traceContextKeyType:{Span:<nil> sc:{traceID:[0 0 0 0 0 0 0 0 0 0 0 0 0 0 0 0] spanID:[0 0 0 0 0 0 0 0] traceFlags:0 traceState:{list:[]} remote:false}}]
[2026-07-26 20:16:07.28] local.info: [3.172ms] [rows:1] INSERT INTO `entry_archives` (`created_at`,`updated_at`,`entry_id`,`flow_id`,`status`,`title`,`flow_snapshot`,`entry_snapshot`,`form_data_snapshot`,`procs_snapshot`,`comments_snapshot`,`cc_snapshot`) VALUES ('2026-07-26 20:16:07.277','2026-07-26 20:16:07.277',4,3,9,'加签测试','{"created_at":"2026-07-26 19:57:55","updated_at":"2026-07-26 20:00:30","id":3,"flow_no":"JQ001","flow_name":"加签流程","template_id":3,"flowchart":"","jsplumb":"{\"total\":3,\"list\":{\"6\":{\"id\":6,\"flow_id\":3,\"process_name\":\"开始\",\"process_to\":\"7\",\"icon\":\"\",\"style\":\"width:200px;height:48px;line-height:30px;color:#78a300;left:230px;top:169px;\"},\"7\":{\"id\":7,\"flow_id\":3,\"process_name\":\"市场部\",\"process_to\":\"8\",\"icon\":\"\",\"style\":\"width:200px;height:48px;line-height:30px;color:#78a300;left:625px;top:200px;\"},\"8\":{\"id\":8,\"flow_id\":3,\"process_name\":\"结束\",\"process_to\":\"\",\"icon\":\"\",\"style\":\"width:200px;height:48px;line-height:30px;color:#78a300;left:1091px;top:225px;\"}}}","type_id":1,"is_publish":true,"is_show":true,"Processes":null,"ProcessVars":null,"Template":{"created_at":null,"updated_at":null,"id":0,"template_name":"","TemplateForms":null},"Flowtype":{"created_at":null,"updated_at":null,"id":0,"type_name":"","Flows":null}}','{"created_at":"2026-07-26 20:05:02","updated_at":"2026-07-26 20:16:07","id":4,"title":"加签测试","flow_id":3,"emp_id":13,"process_id":7,"circle":1,"status":9,"pid":0,"enter_process_id":0,"enter_proc_id":0,"child":0,"Flow":{"created_at":"2026-07-26 19:57:55","updated_at":"2026-07-26 20:00:30","id":3,"flow_no":"JQ001","flow_name":"加签流程","template_id":3,"flowchart":"","jsplumb":"{\"total\":3,\"list\":{\"6\":{\"id\":6,\"flow_id\":3,\"process_name\":\"开始\",\"process_to\":\"7\",\"icon\":\"\",\"style\":\"width:200px;height:48px;line-height:30px;color:#78a300;left:230px;top:169px;\"},\"7\":{\"id\":7,\"flow_id\":3,\"process_name\":\"市场部\",\"process_to\":\"8\",\"icon\":\"\",\"style\":\"width:200px;height:48px;line-height:30px;color:#78a300;left:625px;top:200px;\"},\"8\":{\"id\":8,\"flow_id\":3,\"process_name\":\"结束\",\"process_to\":\"\",\"icon\":\"\",\"style\":\"width:200px;height:48px;line-height:30px;color:#78a300;left:1091px;top:225px;\"}}}","type_id":1,"is_publish":true,"is_show":true,"Processes":null,"ProcessVars":null,"Template":{"created_at":null,"updated_at":null,"id":0,"template_name":"","TemplateForms":null},"Flowtype":{"created_at":null,"updated_at":null,"id":0,"type_name":"","Flows":null}},"Emp":{"created_at":"2026-07-26 18:16:57","updated_at":"2026-07-26 18:16:57","id":13,"name":"市场部-销售部-员工1","email":"","password":"$2a$12$wObLURrraLOFJskncHOl4eCAKhFmgtFAskUYzq/gwdsbHIxcU9/0e","workno":"30013","dept_id":5,"leave":0,"user_id":13,"Dept":{"created_at":"2026-07-26 18:16:57","updated_at":"2026-07-26 18:16:57","id":5,"dept_name":"市场部-销售部","pid":4,"director_id":12,"manager_id":11,"rank":1,"html":"|-","level":0,"Director":null,"Manager":null}},"Procs":[{"created_at":"2026-07-26 20:05:02","updated_at":"2026-07-26 20:05:02","id":7,"entry_id":4,"flow_id":3,"process_id":6,"process_name":"开始","emp_id":13,"emp_name":"市场部-销售部-员工1","dept_name":"市场部-销售部","auditor_id":13,"auditor_name":"市场部-销售部-员工1","auditor_dept":"市场部-销售部","status":9,"content":"","is_read":0,"is_real":true,"circle":1,"beizhu":"","concurrence":"2026-07-26 20:05:02","unpass_target_process_id":0,"Emp":{"created_at":null,"updated_at":null,"id":0,"name":"","email":"","password":"","workno":"","dept_id":0,"leave":0,"user_id":0,"Dept":{"created_at":null,"updated_at":null,"id":0,"dept_name":"","pid":0,"director_id":0,"manager_id":0,"rank":0,"html":"","level":0,"Director":null,"Manager":null}},"Entry":{"created_at":null,"updated_at":null,"id":0,"title":"","flow_id":0,"emp_id":0,"process_id":0,"circle":0,"status":0,"pid":0,"enter_process_id":0,"enter_proc_id":0,"child":0,"Flow":{"created_at":null,"updated_at":null,"id":0,"flow_no":"","flow_name":"","template_id":0,"flowchart":"","jsplumb":"","type_id":0,"is_publish":false,"is_show":false,"Processes":null,"ProcessVars":null,"Template":{"created_at":null,"updated_at":null,"id":0,"template_name":"","TemplateForms":null},"Flowtype":{"created_at":null,"updated_at":null,"id":0,"type_name":"","Flows":null}},"Emp":{"created_at":null,"updated_at":null,"id":0,"name":"","email":"","password":"","workno":"","dept_id":0,"leave":0,"user_id":0,"Dept":{"created_at":null,"updated_at":null,"id":0,"dept_name":"","pid":0,"director_id":0,"manager_id":0,"rank":0,"html":"","level":0,"Director":null,"Manager":null}},"Procs":null,"Process":{"created_at":null,"updated_at":null,"id":0,"flow_id":0,"process_name":"","limit_time":0,"type":"","process_to":"","style_color":"","style_height":0,"style_width":0,"position_left":"","position_top":"","position":0,"child_flow_id":0,"child_after":0,"child_back_process":0,"description":"","cc_emp_ids":"","process_vars":null,"Flow":{"created_at":null,"updated_at":null,"id":0,"flow_no":"","flow_name":"","template_id":0,"flowchart":"","jsplumb":"","type_id":0,"is_publish":false,"is_show":false,"Processes":null,"ProcessVars":null,"Template":{"created_at":null,"updated_at":null,"id":0,"template_name":"","TemplateForms":null},"Flowtype":{"created_at":null,"updated_at":null,"id":0,"type_name":"","Flows":null}}},"EntryDatas":null,"ParentEntry":null,"Children":null,"EnterProcess":{"created_at":null,"updated_at":null,"id":0,"flow_id":0,"process_name":"","limit_time":0,"type":"","process_to":"","style_color":"","style_height":0,"style_width":0,"position_left":"","position_top":"","position":0,"child_flow_id":0,"child_after":0,"child_back_process":0,"description":"","cc_emp_ids":"","process_vars":null,"Flow":{"created_at":null,"updated_at":null,"id":0,"flow_no":"","flow_name":"","template_id":0,"flowchart":"","jsplumb":"","type_id":0,"is_publish":false,"is_show":false,"Processes":null,"ProcessVars":null,"Template":{"created_at":null,"updated_at":null,"id":0,"template_name":"","TemplateForms":null},"Flowtype":{"created_at":null,"updated_at":null,"id":0,"type_name":"","Flows":null}}}},"Process":{"created_at":null,"updated_at":null,"id":0,"flow_id":0,"process_name":"","limit_time":0,"type":"","process_to":"","style_color":"","style_height":0,"style_width":0,"position_left":"","position_top":"","position":0,"child_flow_id":0,"child_after":0,"child_back_process":0,"description":"","cc_emp_ids":"","process_vars":null,"Flow":{"created_at":null,"updated_at":null,"id":0,"flow_no":"","flow_name":"","template_id":0,"flowchart":"","jsplumb":"","type_id":0,"is_publish":false,"is_show":false,"Processes":null,"ProcessVars":null,"Template":{"created_at":null,"updated_at":null,"id":0,"template_name":"","TemplateForms":null},"Flowtype":{"created_at":null,"updated_at":null,"id":0,"type_name":"","Flows":null}}},"Flow":{"created_at":null,"updated_at":null,"id":0,"flow_no":"","flow_name":"","template_id":0,"flowchart":"","jsplumb":"","type_id":0,"is_publish":false,"is_show":false,"Processes":null,"ProcessVars":null,"Template":{"created_at":null,"updated_at":null,"id":0,"template_name":"","TemplateForms":null},"Flowtype":{"created_at":null,"updated_at":null,"id":0,"type_name":"","Flows":null}},"SubProcs":null,"AddedSigns":null},{"created_at":"2026-07-26 20:05:02","updated_at":"2026-07-26 20:15:53","id":8,"entry_id":4,"flow_id":3,"process_id":7,"process_name":"市场部","emp_id":8,"emp_name":"市场部-经理","dept_name":"市场部","auditor_id":8,"auditor_name":"市场部-经理","auditor_dept":"","status":1,"content":"","is_read":0,"is_real":true,"circle":1,"beizhu":"[]","concurrence":"2026-07-26 20:15:53","unpass_target_process_id":0,"Emp":{"created_at":null,"updated_at":null,"id":0,"name":"","email":"","password":"","workno":"","dept_id":0,"leave":0,"user_id":0,"Dept":{"created_at":null,"updated_at":null,"id":0,"dept_name":"","pid":0,"director_id":0,"manager_id":0,"rank":0,"html":"","level":0,"Director":null,"Manager":null}},"Entry":{"created_at":null,"updated_at":null,"id":0,"title":"","flow_id":0,"emp_id":0,"process_id":0,"circle":0,"status":0,"pid":0,"enter_process_id":0,"enter_proc_id":0,"child":0,"Flow":{"created_at":null,"updated_at":null,"id":0,"flow_no":"","flow_name":"","template_id":0,"flowchart":"","jsplumb":"","type_id":0,"is_publish":false,"is_show":false,"Processes":null,"ProcessVars":null,"Template":{"created_at":null,"updated_at":null,"id":0,"template_name":"","TemplateForms":null},"Flowtype":{"created_at":null,"updated_at":null,"id":0,"type_name":"","Flows":null}},"Emp":{"created_at":null,"updated_at":null,"id":0,"name":"","email":"","password":"","workno":"","dept_id":0,"leave":0,"user_id":0,"Dept":{"created_at":null,"updated_at":null,"id":0,"dept_name":"","pid":0,"director_id":0,"manager_id":0,"rank":0,"html":"","level":0,"Director":null,"Manager":null}},"Procs":null,"Process":{"created_at":null,"updated_at":null,"id":0,"flow_id":0,"process_name":"","limit_time":0,"type":"","process_to":"","style_color":"","style_height":0,"style_width":0,"position_left":"","position_top":"","position":0,"child_flow_id":0,"child_after":0,"child_back_process":0,"description":"","cc_emp_ids":"","process_vars":null,"Flow":{"created_at":null,"updated_at":null,"id":0,"flow_no":"","flow_name":"","template_id":0,"flowchart":"","jsplumb":"","type_id":0,"is_publish":false,"is_show":false,"Processes":null,"ProcessVars":null,"Template":{"created_at":null,"updated_at":null,"id":0,"template_name":"","TemplateForms":null},"Flowtype":{"created_at":null,"updated_at":null,"id":0,"type_name":"","Flows":null}}},"EntryDatas":null,"ParentEntry":null,"Children":null,"EnterProcess":{"created_at":null,"updated_at":null,"id":0,"flow_id":0,"process_name":"","limit_time":0,"type":"","process_to":"","style_color":"","style_height":0,"style_width":0,"position_left":"","position_top":"","position":0,"child_flow_id":0,"child_after":0,"child_back_process":0,"description":"","cc_emp_ids":"","process_vars":null,"Flow":{"created_at":null,"updated_at":null,"id":0,"flow_no":"","flow_name":"","template_id":0,"flowchart":"","jsplumb":"","type_id":0,"is_publish":false,"is_show":false,"Processes":null,"ProcessVars":null,"Template":{"created_at":null,"updated_at":null,"id":0,"template_name":"","TemplateForms":null},"Flowtype":{"created_at":null,"updated_at":null,"id":0,"type_name":"","Flows":null}}}},"Process":{"created_at":null,"updated_at":null,"id":0,"flow_id":0,"process_name":"","limit_time":0,"type":"","process_to":"","style_color":"","style_height":0,"style_width":0,"position_left":"","position_top":"","position":0,"child_flow_id":0,"child_after":0,"child_back_process":0,"description":"","cc_emp_ids":"","process_vars":null,"Flow":{"created_at":null,"updated_at":null,"id":0,"flow_no":"","flow_name":"","template_id":0,"flowchart":"","jsplumb":"","type_id":0,"is_publish":false,"is_show":false,"Processes":null,"ProcessVars":null,"Template":{"created_at":null,"updated_at":null,"id":0,"template_name":"","TemplateForms":null},"Flowtype":{"created_at":null,"updated_at":null,"id":0,"type_name":"","Flows":null}}},"Flow":{"created_at":null,"updated_at":null,"id":0,"flow_no":"","flow_name":"","template_id":0,"flowchart":"","jsplumb":"","type_id":0,"is_publish":false,"is_show":false,"Processes":null,"ProcessVars":null,"Template":{"created_at":null,"updated_at":null,"id":0,"template_name":"","TemplateForms":null},"Flowtype":{"created_at":null,"updated_at":null,"id":0,"type_name":"","Flows":null}},"SubProcs":null,"AddedSigns":null},{"created_at":"2026-07-26 20:15:13","updated_at":"2026-07-26 20:15:13","id":9,"entry_id":4,"flow_id":3,"process_id":7,"process_name":"市场部","emp_id":1,"emp_name":"董事长","dept_name":"总部","auditor_id":0,"auditor_name":"","auditor_dept":"","status":0,"content":"","is_read":0,"is_real":true,"circle":1,"beizhu":"","concurrence":"2026-07-26 20:15:13","unpass_target_process_id":0,"Emp":{"created_at":null,"updated_at":null,"id":0,"name":"","email":"","password":"","workno":"","dept_id":0,"leave":0,"user_id":0,"Dept":{"created_at":null,"updated_at":null,"id":0,"dept_name":"","pid":0,"director_id":0,"manager_id":0,"rank":0,"html":"","level":0,"Director":null,"Manager":null}},"Entry":{"created_at":null,"updated_at":null,"id":0,"title":"","flow_id":0,"emp_id":0,"process_id":0,"circle":0,"status":0,"pid":0,"enter_process_id":0,"enter_proc_id":0,"child":0,"Flow":{"created_at":null,"updated_at":null,"id":0,"flow_no":"","flow_name":"","template_id":0,"flowchart":"","jsplumb":"","type_id":0,"is_publish":false,"is_show":false,"Processes":null,"ProcessVars":null,"Template":{"created_at":null,"updated_at":null,"id":0,"template_name":"","TemplateForms":null},"Flowtype":{"created_at":null,"updated_at":null,"id":0,"type_name":"","Flows":null}},"Emp":{"created_at":null,"updated_at":null,"id":0,"name":"","email":"","password":"","workno":"","dept_id":0,"leave":0,"user_id":0,"Dept":{"created_at":null,"updated_at":null,"id":0,"dept_name":"","pid":0,"director_id":0,"manager_id":0,"rank":0,"html":"","level":0,"Director":null,"Manager":null}},"Procs":null,"Process":{"created_at":null,"updated_at":null,"id":0,"flow_id":0,"process_name":"","limit_time":0,"type":"","process_to":"","style_color":"","style_height":0,"style_width":0,"position_left":"","position_top":"","position":0,"child_flow_id":0,"child_after":0,"child_back_process":0,"description":"","cc_emp_ids":"","process_vars":null,"Flow":{"created_at":null,"updated_at":null,"id":0,"flow_no":"","flow_name":"","template_id":0,"flowchart":"","jsplumb":"","type_id":0,"is_publish":false,"is_show":false,"Processes":null,"ProcessVars":null,"Template":{"created_at":null,"updated_at":null,"id":0,"template_name":"","TemplateForms":null},"Flowtype":{"created_at":null,"updated_at":null,"id":0,"type_name":"","Flows":null}}},"EntryDatas":null,"ParentEntry":null,"Children":null,"EnterProcess":{"created_at":null,"updated_at":null,"id":0,"flow_id":0,"process_name":"","limit_time":0,"type":"","process_to":"","style_color":"","style_height":0,"style_width":0,"position_left":"","position_top":"","position":0,"child_flow_id":0,"child_after":0,"child_back_process":0,"description":"","cc_emp_ids":"","process_vars":null,"Flow":{"created_at":null,"updated_at":null,"id":0,"flow_no":"","flow_name":"","template_id":0,"flowchart":"","jsplumb":"","type_id":0,"is_publish":false,"is_show":false,"Processes":null,"ProcessVars":null,"Template":{"created_at":null,"updated_at":null,"id":0,"template_name":"","TemplateForms":null},"Flowtype":{"created_at":null,"updated_at":null,"id":0,"type_name":"","Flows":null}}}},"Process":{"created_at":null,"updated_at":null,"id":0,"flow_id":0,"process_name":"","limit_time":0,"type":"","process_to":"","style_color":"","style_height":0,"style_width":0,"position_left":"","position_top":"","position":0,"child_flow_id":0,"child_after":0,"child_back_process":0,"description":"","cc_emp_ids":"","process_vars":null,"Flow":{"created_at":null,"updated_at":null,"id":0,"flow_no":"","flow_name":"","template_id":0,"flowchart":"","jsplumb":"","type_id":0,"is_publish":false,"is_show":false,"Processes":null,"ProcessVars":null,"Template":{"created_at":null,"updated_at":null,"id":0,"template_name":"","TemplateForms":null},"Flowtype":{"created_at":null,"updated_at":null,"id":0,"type_name":"","Flows":null}}},"Flow":{"created_at":null,"updated_at":null,"id":0,"flow_no":"","flow_name":"","template_id":0,"flowchart":"","jsplumb":"","type_id":0,"is_publish":false,"is_show":false,"Processes":null,"ProcessVars":null,"Template":{"created_at":null,"updated_at":null,"id":0,"template_name":"","TemplateForms":null},"Flowtype":{"created_at":null,"updated_at":null,"id":0,"type_name":"","Flows":null}},"SubProcs":null,"AddedSigns":null}],"Process":{"created_at":"2026-07-26 19:58:15","updated_at":"2026-07-26 20:00:08","id":7,"flow_id":3,"process_name":"市场部","limit_time":0,"type":"operation","process_to":"8","style":"width:200px;height:48px;line-height:30px;color:#78a300;left:625px;top:200px;","style_color":"#78a300","style_height":48,"style_width":200,"position_left":"625px","position_top":"200px","position":1,"child_flow_id":0,"child_after":2,"child_back_process":0,"description":"","cc_emp_ids":"","process_vars":null,"Flow":{"created_at":null,"updated_at":null,"id":0,"flow_no":"","flow_name":"","template_id":0,"flowchart":"","jsplumb":"","type_id":0,"is_publish":false,"is_show":false,"Processes":null,"ProcessVars":null,"Template":{"created_at":null,"updated_at":null,"id":0,"template_name":"","TemplateForms":null},"Flowtype":{"created_at":null,"updated_at":null,"id":0,"type_name":"","Flows":null}}},"EntryDatas":[{"created_at":"2026-07-26 20:05:02","updated_at":"2026-07-26 20:05:02","id":4,"entry_id":4,"flow_id":3,"field_name":"username","field_value":"加签测试","field_remark":""}],"ParentEntry":null,"Children":null,"EnterProcess":{"created_at":null,"updated_at":null,"id":0,"flow_id":0,"process_name":"","limit_time":0,"type":"","process_to":"","style_color":"","style_height":0,"style_width":0,"position_left":"","position_top":"","position":0,"child_flow_id":0,"child_after":0,"child_back_process":0,"description":"","cc_emp_ids":"","process_vars":null,"Flow":{"created_at":null,"updated_at":null,"id":0,"flow_no":"","flow_name":"","template_id":0,"flowchart":"","jsplumb":"","type_id":0,"is_publish":false,"is_show":false,"Processes":null,"ProcessVars":null,"Template":{"created_at":null,"updated_at":null,"id":0,"template_name":"","TemplateForms":null},"Flowtype":{"created_at":null,"updated_at":null,"id":0,"type_name":"","Flows":null}}}}','[{"created_at":"2026-07-26 20:05:02","updated_at":"2026-07-26 20:05:02","id":4,"entry_id":4,"flow_id":3,"field_name":"username","field_value":"加签测试","field_remark":""}]','[{"created_at":"2026-07-26 20:05:02","updated_at":"2026-07-26 20:05:02","id":7,"entry_id":4,"flow_id":3,"process_id":6,"process_name":"开始","emp_id":13,"emp_name":"市场部-销售部-员工1","dept_name":"市场部-销售部","auditor_id":13,"auditor_name":"市场部-销售部-员工1","auditor_dept":"市场部-销售部","status":9,"content":"","is_read":0,"is_real":true,"circle":1,"beizhu":"","concurrence":"2026-07-26 20:05:02","unpass_target_process_id":0,"Emp":{"created_at":null,"updated_at":null,"id":0,"name":"","email":"","password":"","workno":"","dept_id":0,"leave":0,"user_id":0,"Dept":{"created_at":null,"updated_at":null,"id":0,"dept_name":"","pid":0,"director_id":0,"manager_id":0,"rank":0,"html":"","level":0,"Director":null,"Manager":null}},"Entry":{"created_at":null,"updated_at":null,"id":0,"title":"","flow_id":0,"emp_id":0,"process_id":0,"circle":0,"status":0,"pid":0,"enter_process_id":0,"enter_proc_id":0,"child":0,"Flow":{"created_at":null,"updated_at":null,"id":0,"flow_no":"","flow_name":"","template_id":0,"flowchart":"","jsplumb":"","type_id":0,"is_publish":false,"is_show":false,"Processes":null,"ProcessVars":null,"Template":{"created_at":null,"updated_at":null,"id":0,"template_name":"","TemplateForms":null},"Flowtype":{"created_at":null,"updated_at":null,"id":0,"type_name":"","Flows":null}},"Emp":{"created_at":null,"updated_at":null,"id":0,"name":"","email":"","password":"","workno":"","dept_id":0,"leave":0,"user_id":0,"Dept":{"created_at":null,"updated_at":null,"id":0,"dept_name":"","pid":0,"director_id":0,"manager_id":0,"rank":0,"html":"","level":0,"Director":null,"Manager":null}},"Procs":null,"Process":{"created_at":null,"updated_at":null,"id":0,"flow_id":0,"process_name":"","limit_time":0,"type":"","process_to":"","style_color":"","style_height":0,"style_width":0,"position_left":"","position_top":"","position":0,"child_flow_id":0,"child_after":0,"child_back_process":0,"description":"","cc_emp_ids":"","process_vars":null,"Flow":{"created_at":null,"updated_at":null,"id":0,"flow_no":"","flow_name":"","template_id":0,"flowchart":"","jsplumb":"","type_id":0,"is_publish":false,"is_show":false,"Processes":null,"ProcessVars":null,"Template":{"created_at":null,"updated_at":null,"id":0,"template_name":"","TemplateForms":null},"Flowtype":{"created_at":null,"updated_at":null,"id":0,"type_name":"","Flows":null}}},"EntryDatas":null,"ParentEntry":null,"Children":null,"EnterProcess":{"created_at":null,"updated_at":null,"id":0,"flow_id":0,"process_name":"","limit_time":0,"type":"","process_to":"","style_color":"","style_height":0,"style_width":0,"position_left":"","position_top":"","position":0,"child_flow_id":0,"child_after":0,"child_back_process":0,"description":"","cc_emp_ids":"","process_vars":null,"Flow":{"created_at":null,"updated_at":null,"id":0,"flow_no":"","flow_name":"","template_id":0,"flowchart":"","jsplumb":"","type_id":0,"is_publish":false,"is_show":false,"Processes":null,"ProcessVars":null,"Template":{"created_at":null,"updated_at":null,"id":0,"template_name":"","TemplateForms":null},"Flowtype":{"created_at":null,"updated_at":null,"id":0,"type_name":"","Flows":null}}}},"Process":{"created_at":null,"updated_at":null,"id":0,"flow_id":0,"process_name":"","limit_time":0,"type":"","process_to":"","style_color":"","style_height":0,"style_width":0,"position_left":"","position_top":"","position":0,"child_flow_id":0,"child_after":0,"child_back_process":0,"description":"","cc_emp_ids":"","process_vars":null,"Flow":{"created_at":null,"updated_at":null,"id":0,"flow_no":"","flow_name":"","template_id":0,"flowchart":"","jsplumb":"","type_id":0,"is_publish":false,"is_show":false,"Processes":null,"ProcessVars":null,"Template":{"created_at":null,"updated_at":null,"id":0,"template_name":"","TemplateForms":null},"Flowtype":{"created_at":null,"updated_at":null,"id":0,"type_name":"","Flows":null}}},"Flow":{"created_at":null,"updated_at":null,"id":0,"flow_no":"","flow_name":"","template_id":0,"flowchart":"","jsplumb":"","type_id":0,"is_publish":false,"is_show":false,"Processes":null,"ProcessVars":null,"Template":{"created_at":null,"updated_at":null,"id":0,"template_name":"","TemplateForms":null},"Flowtype":{"created_at":null,"updated_at":null,"id":0,"type_name":"","Flows":null}},"SubProcs":null,"AddedSigns":null},{"created_at":"2026-07-26 20:05:02","updated_at":"2026-07-26 20:15:53","id":8,"entry_id":4,"flow_id":3,"process_id":7,"process_name":"市场部","emp_id":8,"emp_name":"市场部-经理","dept_name":"市场部","auditor_id":8,"auditor_name":"市场部-经理","auditor_dept":"","status":1,"content":"","is_read":0,"is_real":true,"circle":1,"beizhu":"[]","concurrence":"2026-07-26 20:15:53","unpass_target_process_id":0,"Emp":{"created_at":null,"updated_at":null,"id":0,"name":"","email":"","password":"","workno":"","dept_id":0,"leave":0,"user_id":0,"Dept":{"created_at":null,"updated_at":null,"id":0,"dept_name":"","pid":0,"director_id":0,"manager_id":0,"rank":0,"html":"","level":0,"Director":null,"Manager":null}},"Entry":{"created_at":null,"updated_at":null,"id":0,"title":"","flow_id":0,"emp_id":0,"process_id":0,"circle":0,"status":0,"pid":0,"enter_process_id":0,"enter_proc_id":0,"child":0,"Flow":{"created_at":null,"updated_at":null,"id":0,"flow_no":"","flow_name":"","template_id":0,"flowchart":"","jsplumb":"","type_id":0,"is_publish":false,"is_show":false,"Processes":null,"ProcessVars":null,"Template":{"created_at":null,"updated_at":null,"id":0,"template_name":"","TemplateForms":null},"Flowtype":{"created_at":null,"updated_at":null,"id":0,"type_name":"","Flows":null}},"Emp":{"created_at":null,"updated_at":null,"id":0,"name":"","email":"","password":"","workno":"","dept_id":0,"leave":0,"user_id":0,"Dept":{"created_at":null,"updated_at":null,"id":0,"dept_name":"","pid":0,"director_id":0,"manager_id":0,"rank":0,"html":"","level":0,"Director":null,"Manager":null}},"Procs":null,"Process":{"created_at":null,"updated_at":null,"id":0,"flow_id":0,"process_name":"","limit_time":0,"type":"","process_to":"","style_color":"","style_height":0,"style_width":0,"position_left":"","position_top":"","position":0,"child_flow_id":0,"child_after":0,"child_back_process":0,"description":"","cc_emp_ids":"","process_vars":null,"Flow":{"created_at":null,"updated_at":null,"id":0,"flow_no":"","flow_name":"","template_id":0,"flowchart":"","jsplumb":"","type_id":0,"is_publish":false,"is_show":false,"Processes":null,"ProcessVars":null,"Template":{"created_at":null,"updated_at":null,"id":0,"template_name":"","TemplateForms":null},"Flowtype":{"created_at":null,"updated_at":null,"id":0,"type_name":"","Flows":null}}},"EntryDatas":null,"ParentEntry":null,"Children":null,"EnterProcess":{"created_at":null,"updated_at":null,"id":0,"flow_id":0,"process_name":"","limit_time":0,"type":"","process_to":"","style_color":"","style_height":0,"style_width":0,"position_left":"","position_top":"","position":0,"child_flow_id":0,"child_after":0,"child_back_process":0,"description":"","cc_emp_ids":"","process_vars":null,"Flow":{"created_at":null,"updated_at":null,"id":0,"flow_no":"","flow_name":"","template_id":0,"flowchart":"","jsplumb":"","type_id":0,"is_publish":false,"is_show":false,"Processes":null,"ProcessVars":null,"Template":{"created_at":null,"updated_at":null,"id":0,"template_name":"","TemplateForms":null},"Flowtype":{"created_at":null,"updated_at":null,"id":0,"type_name":"","Flows":null}}}},"Process":{"created_at":null,"updated_at":null,"id":0,"flow_id":0,"process_name":"","limit_time":0,"type":"","process_to":"","style_color":"","style_height":0,"style_width":0,"position_left":"","position_top":"","position":0,"child_flow_id":0,"child_after":0,"child_back_process":0,"description":"","cc_emp_ids":"","process_vars":null,"Flow":{"created_at":null,"updated_at":null,"id":0,"flow_no":"","flow_name":"","template_id":0,"flowchart":"","jsplumb":"","type_id":0,"is_publish":false,"is_show":false,"Processes":null,"ProcessVars":null,"Template":{"created_at":null,"updated_at":null,"id":0,"template_name":"","TemplateForms":null},"Flowtype":{"created_at":null,"updated_at":null,"id":0,"type_name":"","Flows":null}}},"Flow":{"created_at":null,"updated_at":null,"id":0,"flow_no":"","flow_name":"","template_id":0,"flowchart":"","jsplumb":"","type_id":0,"is_publish":false,"is_show":false,"Processes":null,"ProcessVars":null,"Template":{"created_at":null,"updated_at":null,"id":0,"template_name":"","TemplateForms":null},"Flowtype":{"created_at":null,"updated_at":null,"id":0,"type_name":"","Flows":null}},"SubProcs":null,"AddedSigns":null},{"created_at":"2026-07-26 20:15:13","updated_at":"2026-07-26 20:15:13","id":9,"entry_id":4,"flow_id":3,"process_id":7,"process_name":"市场部","emp_id":1,"emp_name":"董事长","dept_name":"总部","auditor_id":0,"auditor_name":"","auditor_dept":"","status":0,"content":"","is_read":0,"is_real":true,"circle":1,"beizhu":"","concurrence":"2026-07-26 20:15:13","unpass_target_process_id":0,"Emp":{"created_at":null,"updated_at":null,"id":0,"name":"","email":"","password":"","workno":"","dept_id":0,"leave":0,"user_id":0,"Dept":{"created_at":null,"updated_at":null,"id":0,"dept_name":"","pid":0,"director_id":0,"manager_id":0,"rank":0,"html":"","level":0,"Director":null,"Manager":null}},"Entry":{"created_at":null,"updated_at":null,"id":0,"title":"","flow_id":0,"emp_id":0,"process_id":0,"circle":0,"status":0,"pid":0,"enter_process_id":0,"enter_proc_id":0,"child":0,"Flow":{"created_at":null,"updated_at":null,"id":0,"flow_no":"","flow_name":"","template_id":0,"flowchart":"","jsplumb":"","type_id":0,"is_publish":false,"is_show":false,"Processes":null,"ProcessVars":null,"Template":{"created_at":null,"updated_at":null,"id":0,"template_name":"","TemplateForms":null},"Flowtype":{"created_at":null,"updated_at":null,"id":0,"type_name":"","Flows":null}},"Emp":{"created_at":null,"updated_at":null,"id":0,"name":"","email":"","password":"","workno":"","dept_id":0,"leave":0,"user_id":0,"Dept":{"created_at":null,"updated_at":null,"id":0,"dept_name":"","pid":0,"director_id":0,"manager_id":0,"rank":0,"html":"","level":0,"Director":null,"Manager":null}},"Procs":null,"Process":{"created_at":null,"updated_at":null,"id":0,"flow_id":0,"process_name":"","limit_time":0,"type":"","process_to":"","style_color":"","style_height":0,"style_width":0,"position_left":"","position_top":"","position":0,"child_flow_id":0,"child_after":0,"child_back_process":0,"description":"","cc_emp_ids":"","process_vars":null,"Flow":{"created_at":null,"updated_at":null,"id":0,"flow_no":"","flow_name":"","template_id":0,"flowchart":"","jsplumb":"","type_id":0,"is_publish":false,"is_show":false,"Processes":null,"ProcessVars":null,"Template":{"created_at":null,"updated_at":null,"id":0,"template_name":"","TemplateForms":null},"Flowtype":{"created_at":null,"updated_at":null,"id":0,"type_name":"","Flows":null}}},"EntryDatas":null,"ParentEntry":null,"Children":null,"EnterProcess":{"created_at":null,"updated_at":null,"id":0,"flow_id":0,"process_name":"","limit_time":0,"type":"","process_to":"","style_color":"","style_height":0,"style_width":0,"position_left":"","position_top":"","position":0,"child_flow_id":0,"child_after":0,"child_back_process":0,"description":"","cc_emp_ids":"","process_vars":null,"Flow":{"created_at":null,"updated_at":null,"id":0,"flow_no":"","flow_name":"","template_id":0,"flowchart":"","jsplumb":"","type_id":0,"is_publish":false,"is_show":false,"Processes":null,"ProcessVars":null,"Template":{"created_at":null,"updated_at":null,"id":0,"template_name":"","TemplateForms":null},"Flowtype":{"created_at":null,"updated_at":null,"id":0,"type_name":"","Flows":null}}}},"Process":{"created_at":null,"updated_at":null,"id":0,"flow_id":0,"process_name":"","limit_time":0,"type":"","process_to":"","style_color":"","style_height":0,"style_width":0,"position_left":"","position_top":"","position":0,"child_flow_id":0,"child_after":0,"child_back_process":0,"description":"","cc_emp_ids":"","process_vars":null,"Flow":{"created_at":null,"updated_at":null,"id":0,"flow_no":"","flow_name":"","template_id":0,"flowchart":"","jsplumb":"","type_id":0,"is_publish":false,"is_show":false,"Processes":null,"ProcessVars":null,"Template":{"created_at":null,"updated_at":null,"id":0,"template_name":"","TemplateForms":null},"Flowtype":{"created_at":null,"updated_at":null,"id":0,"type_name":"","Flows":null}}},"Flow":{"created_at":null,"updated_at":null,"id":0,"flow_no":"","flow_name":"","template_id":0,"flowchart":"","jsplumb":"","type_id":0,"is_publish":false,"is_show":false,"Processes":null,"ProcessVars":null,"Template":{"created_at":null,"updated_at":null,"id":0,"template_name":"","TemplateForms":null},"Flowtype":{"created_at":null,"updated_at":null,"id":0,"type_name":"","Flows":null}},"SubProcs":null,"AddedSigns":null}]','[]','[]')
[Context] map[trace.traceContextKeyType:{Span:<nil> sc:{traceID:[0 0 0 0 0 0 0 0 0 0 0 0 0 0 0 0] spanID:[0 0 0 0 0 0 0 0] traceFlags:0 traceState:{list:[]} remote:false}}]
[2026-07-26 20:16:07.281] local.error: [0.584ms] [rows:0] SELECT * FROM `plugin_configs` WHERE process_id=7	Error 1146 (42S02): Table 'workflow_test.plugin_configs' doesn't exist
[Context] map[trace.traceContextKeyType:{Span:<nil> sc:{traceID:[0 0 0 0 0 0 0 0 0 0 0 0 0 0 0 0] spanID:[0 0 0 0 0 0 0 0] traceFlags:0 traceState:{list:[]} remote:false}}]
[Trace] /Users/mac/go/pkg/mod/github.com/goravel/framework@v1.18.0/log/writer.go:209 [log.(*Writer).withStackTrace]
/Users/mac/go/pkg/mod/github.com/goravel/framework@v1.18.0/log/writer.go:65 [log.(*Writer).Errorf]
/Users/mac/go/pkg/mod/github.com/goravel/framework@v1.18.0/database/db/logger.go:79 [db.(*Logger).Errorf]
/Users/mac/go/pkg/mod/github.com/goravel/framework@v1.18.0/database/db/logger.go:102 [db.(*Logger).Trace]
/Users/mac/go/pkg/mod/github.com/goravel/framework@v1.18.0/database/db/logger.go:153 [db.(*Gorm).Trace]
/Users/mac/go/pkg/mod/gorm.io/gorm@v1.31.2/callbacks.go:140 [gorm.(*processor).Execute]
/Users/mac/go/pkg/mod/gorm.io/gorm@v1.31.2/finisher_api.go:182 [gorm.(*DB).Find]
/Users/mac/go/pkg/mod/github.com/goravel/framework@v1.18.0/database/gorm/query.go:278 [gorm.(*Query).Find]
/Users/mac/code/Sites/goland/workflow_test/packages/goravel-workflow/services/workflow/workflow.go:969 [workflow.(*Workflow).finalizeProc]
/Users/mac/code/Sites/goland/workflow_test/packages/goravel-workflow/services/workflow/workflow.go:872 [workflow.(*Workflow).handleLastStep]
/Users/mac/code/Sites/goland/workflow_test/packages/goravel-workflow/services/workflow/workflow.go:943 [workflow.(*Workflow).handleNextStep]
/Users/mac/code/Sites/goland/workflow_test/packages/goravel-workflow/services/workflow/workflow.go:627 [workflow.(*Workflow).Transfer]
/Users/mac/code/Sites/goland/workflow_test/packages/goravel-workflow/services/workflow/workflow.go:1031 [workflow.(*Workflow).Pass]
/Users/mac/code/Sites/goland/workflow_test/packages/goravel-workflow/controllers/proc_controller.go:36 [controllers.(*ProcController).Pass]
/Users/mac/go/pkg/mod/github.com/goravel/gin@v1.18.0/utils.go:37 [gin.handlerToGinHandler.func1]
/Users/mac/go/pkg/mod/github.com/gin-gonic/gin@v1.12.0/context.go:192 [gin.(*Context).Next]
/Users/mac/go/pkg/mod/github.com/goravel/gin@v1.18.0/context_request.go:233 [gin.(*ContextRequest).Next]
/Users/mac/go/pkg/mod/github.com/goravel/gin@v1.18.0/context_response.go:164 [gin.(*responseMiddleware).Handle]
/Users/mac/go/pkg/mod/github.com/goravel/gin@v1.18.0/utils.go:66 [gin.middlewareToGinHandler.func1]
/Users/mac/go/pkg/mod/github.com/gin-gonic/gin@v1.12.0/context.go:192 [gin.(*Context).Next]
/Users/mac/go/pkg/mod/github.com/goravel/gin@v1.18.0/context_request.go:233 [gin.(*ContextRequest).Next]
/Users/mac/code/Sites/goland/workflow_test/packages/goravel-workflow/middleware/jwt.go:34 [middleware.(*Jwt).Handle]
/Users/mac/go/pkg/mod/github.com/goravel/gin@v1.18.0/utils.go:66 [gin.middlewareToGinHandler.func1]
/Users/mac/go/pkg/mod/github.com/gin-gonic/gin@v1.12.0/context.go:192 [gin.(*Context).Next]
/Users/mac/go/pkg/mod/github.com/goravel/gin@v1.18.0/context_request.go:233 [gin.(*ContextRequest).Next]
/Users/mac/go/pkg/mod/github.com/goravel/framework@v1.18.0/http/middleware/check_for_maintenance_mode.go:34 [middleware.(*maintenanceMode).Handle]
/Users/mac/go/pkg/mod/github.com/goravel/gin@v1.18.0/utils.go:66 [gin.middlewareToGinHandler.func1]
/Users/mac/go/pkg/mod/github.com/gin-gonic/gin@v1.12.0/context.go:192 [gin.(*Context).Next]
/Users/mac/go/pkg/mod/github.com/goravel/gin@v1.18.0/context_request.go:233 [gin.(*ContextRequest).Next]
/Users/mac/go/pkg/mod/github.com/goravel/gin@v1.18.0/middleware_tls.go:23 [gin.(*TlsMiddleware).Handle]
/Users/mac/go/pkg/mod/github.com/goravel/gin@v1.18.0/utils.go:66 [gin.middlewareToGinHandler.func1]
/Users/mac/go/pkg/mod/github.com/gin-gonic/gin@v1.12.0/context.go:192 [gin.(*Context).Next]
/Users/mac/go/pkg/mod/github.com/goravel/gin@v1.18.0/context_request.go:233 [gin.(*ContextRequest).Next]
/Users/mac/go/pkg/mod/github.com/goravel/gin@v1.18.0/middleware_cors.go:42 [gin.(*CorsMiddleware).Handle]
/Users/mac/go/pkg/mod/github.com/goravel/gin@v1.18.0/utils.go:66 [gin.middlewareToGinHandler.func1]
/Users/mac/go/pkg/mod/github.com/gin-gonic/gin@v1.12.0/context.go:192 [gin.(*Context).Next]
[2026-07-26 20:16:07.282] local.info: [0.534ms] [rows:1] SELECT * FROM `procs` WHERE entry_id=4 AND process_id=7 AND circle=1 AND status=0 ORDER BY `procs`.`id` LIMIT 1
[Context] map[trace.traceContextKeyType:{Span:<nil> sc:{traceID:[0 0 0 0 0 0 0 0 0 0 0 0 0 0 0 0] spanID:[0 0 0 0 0 0 0 0] traceFlags:0 traceState:{list:[]} remote:false}}]
[2026-07-26 20:16:07.283] local.info: [0.873ms] [rows:1] UPDATE `procs` SET `created_at`='2026-07-26 20:15:13',`updated_at`='2026-07-26 20:16:07.282',`id`=9,`entry_id`=4,`flow_id`=3,`process_id`=7,`process_name`='市场部',`emp_id`=1,`emp_name`='董事长',`dept_name`='总部',`auditor_id`=1,`auditor_name`='董事长',`auditor_dept`='',`status`=1,`content`='',`is_read`=0,`is_real`=true,`circle`=1,`beizhu`='[]',`concurrence`='2026-07-26 20:16:07.282',`unpass_target_process_id`=0 WHERE id=9
[Context] map[trace.traceContextKeyType:{Span:<nil> sc:{traceID:[0 0 0 0 0 0 0 0 0 0 0 0 0 0 0 0] spanID:[0 0 0 0 0 0 0 0] traceFlags:0 traceState:{list:[]} remote:false}}]
[2026-07-26 20:16:07.283] local.info: [0.250ms] [rows:1] SELECT `cc_emp_ids` FROM `processes` WHERE id=7
[Context] map[trace.traceContextKeyType:{Span:<nil> sc:{traceID:[0 0 0 0 0 0 0 0 0 0 0 0 0 0 0 0] spanID:[0 0 0 0 0 0 0 0] traceFlags:0 traceState:{list:[]} remote:false}}]
[2026-07-26 20:16:07.31] local.info: [0.756ms] [rows:1] SELECT * FROM `emps` WHERE `emps`.`id` = '1'
[Context] map[trace.traceContextKeyType:{Span:<nil> sc:{traceID:[0 0 0 0 0 0 0 0 0 0 0 0 0 0 0 0] spanID:[0 0 0 0 0 0 0 0] traceFlags:0 traceState:{list:[]} remote:false}}]
[2026-07-26 20:16:07.311] local.info: [0.518ms] [rows:1] SELECT * FROM `emps` WHERE user_id=1
[Context] map[trace.traceContextKeyType:{Span:<nil> sc:{traceID:[0 0 0 0 0 0 0 0 0 0 0 0 0 0 0 0] spanID:[0 0 0 0 0 0 0 0] traceFlags:0 traceState:{list:[]} remote:false}}]
[2026-07-26 20:16:07.312] local.info: [0.837ms] [rows:1] SELECT count(*) FROM `depts`
[Context] map[trace.traceContextKeyType:{Span:<nil> sc:{traceID:[0 0 0 0 0 0 0 0 0 0 0 0 0 0 0 0] spanID:[0 0 0 0 0 0 0 0] traceFlags:0 traceState:{list:[]} remote:false}}]
[2026-07-26 20:16:07.312] local.info: [0.266ms] [rows:1] SELECT count(*) FROM `emps`
[Context] map[trace.traceContextKeyType:{Span:<nil> sc:{traceID:[0 0 0 0 0 0 0 0 0 0 0 0 0 0 0 0] spanID:[0 0 0 0 0 0 0 0] traceFlags:0 traceState:{list:[]} remote:false}}]
[2026-07-26 20:16:07.313] local.info: [0.419ms] [rows:1] SELECT count(*) FROM `flows`
[Context] map[trace.traceContextKeyType:{Span:<nil> sc:{traceID:[0 0 0 0 0 0 0 0 0 0 0 0 0 0 0 0] spanID:[0 0 0 0 0 0 0 0] traceFlags:0 traceState:{list:[]} remote:false}}]
[2026-07-26 20:16:07.313] local.info: [0.396ms] [rows:1] SELECT count(*) FROM `templates`
[Context] map[trace.traceContextKeyType:{Span:<nil> sc:{traceID:[0 0 0 0 0 0 0 0 0 0 0 0 0 0 0 0] spanID:[0 0 0 0 0 0 0 0] traceFlags:0 traceState:{list:[]} remote:false}}]
[2026-07-26 20:16:07.314] local.info: [0.184ms] [rows:1] SELECT count(*) FROM `entries`
[Context] map[trace.traceContextKeyType:{Span:<nil> sc:{traceID:[0 0 0 0 0 0 0 0 0 0 0 0 0 0 0 0] spanID:[0 0 0 0 0 0 0 0] traceFlags:0 traceState:{list:[]} remote:false}}]
[2026-07-26 20:16:07.314] local.info: [0.386ms] [rows:1] SELECT count(*) FROM `procs` WHERE status=0
[Context] map[trace.traceContextKeyType:{Span:<nil> sc:{traceID:[0 0 0 0 0 0 0 0 0 0 0 0 0 0 0 0] spanID:[0 0 0 0 0 0 0 0] traceFlags:0 traceState:{list:[]} remote:false}}]
[2026-07-26 20:16:07.314] local.info: [0.407ms] [rows:0] SELECT * FROM `entries` WHERE emp_id=1 AND pid=0 ORDER BY id desc
[Context] map[trace.traceContextKeyType:{Span:<nil> sc:{traceID:[0 0 0 0 0 0 0 0 0 0 0 0 0 0 0 0] spanID:[0 0 0 0 0 0 0 0] traceFlags:0 traceState:{list:[]} remote:false}}]
[2026-07-26 20:16:07.315] local.info: [0.498ms] [rows:0] SELECT * FROM `procs` WHERE emp_id=1 AND status=0 ORDER BY id desc
[Context] map[trace.traceContextKeyType:{Span:<nil> sc:{traceID:[0 0 0 0 0 0 0 0 0 0 0 0 0 0 0 0] spanID:[0 0 0 0 0 0 0 0] traceFlags:0 traceState:{list:[]} remote:false}}]
[2026-07-26 20:16:07.316] local.info: [0.653ms] [rows:3] SELECT * FROM `flows` WHERE is_publish=1 AND is_show=1
[Context] map[trace.traceContextKeyType:{Span:<nil> sc:{traceID:[0 0 0 0 0 0 0 0 0 0 0 0 0 0 0 0] spanID:[0 0 0 0 0 0 0 0] traceFlags:0 traceState:{list:[]} remote:false}}]
[2026-07-26 20:16:07.317] local.info: [0.301ms] [rows:1] SELECT * FROM `emps` WHERE `emps`.`id` = 1
[Context] map[trace.traceContextKeyType:{Span:<nil> sc:{traceID:[0 0 0 0 0 0 0 0 0 0 0 0 0 0 0 0] spanID:[0 0 0 0 0 0 0 0] traceFlags:0 traceState:{list:[]} remote:false}}]
[2026-07-26 20:16:07.317] local.info: [0.293ms] [rows:1] SELECT * FROM `entries` WHERE `entries`.`id` = 4
[Context] map[trace.traceContextKeyType:{Span:<nil> sc:{traceID:[0 0 0 0 0 0 0 0 0 0 0 0 0 0 0 0] spanID:[0 0 0 0 0 0 0 0] traceFlags:0 traceState:{list:[]} remote:false}}]
[2026-07-26 20:16:07.317] local.info: [1.491ms] [rows:1] SELECT * FROM `procs` WHERE emp_id=1 AND status!=0 ORDER BY id desc
[Context] map[trace.traceContextKeyType:{Span:<nil> sc:{traceID:[0 0 0 0 0 0 0 0 0 0 0 0 0 0 0 0] spanID:[0 0 0 0 0 0 0 0] traceFlags:0 traceState:{list:[]} remote:false}}]
[2026-07-26 20:16:07.318] local.info: [0.289ms] [rows:0] SELECT * FROM `cc_records` WHERE emp_id=1 ORDER BY id desc
[Context] map[trace.traceContextKeyType:{Span:<nil> sc:{traceID:[0 0 0 0 0 0 0 0 0 0 0 0 0 0 0 0] spanID:[0 0 0 0 0 0 0 0] traceFlags:0 traceState:{list:[]} remote:false}}]
[2026-07-26 20:16:11.379] local.info: [1.338ms] [rows:1] SELECT * FROM `emps` WHERE `workno` = '30013'
[Context] map[trace.traceContextKeyType:{Span:<nil> sc:{traceID:[0 0 0 0 0 0 0 0 0 0 0 0 0 0 0 0] spanID:[0 0 0 0 0 0 0 0] traceFlags:0 traceState:{list:[]} remote:false}}]
[2026-07-26 20:16:11.38] local.info: [0.666ms] [rows:1] SELECT * FROM `emps` WHERE workno='30013'
[Context] map[trace.traceContextKeyType:{Span:<nil> sc:{traceID:[0 0 0 0 0 0 0 0 0 0 0 0 0 0 0 0] spanID:[0 0 0 0 0 0 0 0] traceFlags:0 traceState:{list:[]} remote:false}}]
[2026-07-26 20:16:11.695] local.info: [0.864ms] [rows:1] SELECT * FROM `emps` WHERE `emps`.`id` = '13'
[Context] map[trace.traceContextKeyType:{Span:<nil> sc:{traceID:[0 0 0 0 0 0 0 0 0 0 0 0 0 0 0 0] spanID:[0 0 0 0 0 0 0 0] traceFlags:0 traceState:{list:[]} remote:false}}]
[2026-07-26 20:16:11.696] local.info: [0.573ms] [rows:1] SELECT * FROM `emps` WHERE user_id=13
[Context] map[trace.traceContextKeyType:{Span:<nil> sc:{traceID:[0 0 0 0 0 0 0 0 0 0 0 0 0 0 0 0] spanID:[0 0 0 0 0 0 0 0] traceFlags:0 traceState:{list:[]} remote:false}}]
[2026-07-26 20:16:11.697] local.info: [0.431ms] [rows:1] SELECT count(*) FROM `depts`
[Context] map[trace.traceContextKeyType:{Span:<nil> sc:{traceID:[0 0 0 0 0 0 0 0 0 0 0 0 0 0 0 0] spanID:[0 0 0 0 0 0 0 0] traceFlags:0 traceState:{list:[]} remote:false}}]
[2026-07-26 20:16:11.697] local.info: [0.161ms] [rows:1] SELECT count(*) FROM `emps`
[Context] map[trace.traceContextKeyType:{Span:<nil> sc:{traceID:[0 0 0 0 0 0 0 0 0 0 0 0 0 0 0 0] spanID:[0 0 0 0 0 0 0 0] traceFlags:0 traceState:{list:[]} remote:false}}]
[2026-07-26 20:16:11.697] local.info: [0.323ms] [rows:1] SELECT count(*) FROM `flows`
[Context] map[trace.traceContextKeyType:{Span:<nil> sc:{traceID:[0 0 0 0 0 0 0 0 0 0 0 0 0 0 0 0] spanID:[0 0 0 0 0 0 0 0] traceFlags:0 traceState:{list:[]} remote:false}}]
[2026-07-26 20:16:11.697] local.info: [0.285ms] [rows:1] SELECT count(*) FROM `templates`
[Context] map[trace.traceContextKeyType:{Span:<nil> sc:{traceID:[0 0 0 0 0 0 0 0 0 0 0 0 0 0 0 0] spanID:[0 0 0 0 0 0 0 0] traceFlags:0 traceState:{list:[]} remote:false}}]
[2026-07-26 20:16:11.698] local.info: [0.144ms] [rows:1] SELECT count(*) FROM `entries`
[Context] map[trace.traceContextKeyType:{Span:<nil> sc:{traceID:[0 0 0 0 0 0 0 0 0 0 0 0 0 0 0 0] spanID:[0 0 0 0 0 0 0 0] traceFlags:0 traceState:{list:[]} remote:false}}]
[2026-07-26 20:16:11.698] local.info: [0.285ms] [rows:1] SELECT count(*) FROM `procs` WHERE status=0
[Context] map[trace.traceContextKeyType:{Span:<nil> sc:{traceID:[0 0 0 0 0 0 0 0 0 0 0 0 0 0 0 0] spanID:[0 0 0 0 0 0 0 0] traceFlags:0 traceState:{list:[]} remote:false}}]
[2026-07-26 20:16:11.699] local.info: [0.317ms] [rows:1] SELECT * FROM `emps` WHERE `emps`.`id` = 13
[Context] map[trace.traceContextKeyType:{Span:<nil> sc:{traceID:[0 0 0 0 0 0 0 0 0 0 0 0 0 0 0 0] spanID:[0 0 0 0 0 0 0 0] traceFlags:0 traceState:{list:[]} remote:false}}]
[2026-07-26 20:16:11.699] local.info: [0.419ms] [rows:2] SELECT * FROM `flows` WHERE `flows`.`id` IN (3,1)
[Context] map[trace.traceContextKeyType:{Span:<nil> sc:{traceID:[0 0 0 0 0 0 0 0 0 0 0 0 0 0 0 0] spanID:[0 0 0 0 0 0 0 0] traceFlags:0 traceState:{list:[]} remote:false}}]
[2026-07-26 20:16:11.7] local.info: [0.571ms] [rows:2] SELECT * FROM `processes` WHERE `processes`.`id` IN (7,2)
[Context] map[trace.traceContextKeyType:{Span:<nil> sc:{traceID:[0 0 0 0 0 0 0 0 0 0 0 0 0 0 0 0] spanID:[0 0 0 0 0 0 0 0] traceFlags:0 traceState:{list:[]} remote:false}}]
[2026-07-26 20:16:11.701] local.info: [0.411ms] [rows:1] SELECT * FROM `procs` WHERE `procs`.`entry_id` IN (4,3,2,1) ORDER BY id desc LIMIT 1
[Context] map[trace.traceContextKeyType:{Span:<nil> sc:{traceID:[0 0 0 0 0 0 0 0 0 0 0 0 0 0 0 0] spanID:[0 0 0 0 0 0 0 0] traceFlags:0 traceState:{list:[]} remote:false}}]
[2026-07-26 20:16:11.701] local.info: [2.591ms] [rows:4] SELECT * FROM `entries` WHERE emp_id=13 AND pid=0 ORDER BY id desc
[Context] map[trace.traceContextKeyType:{Span:<nil> sc:{traceID:[0 0 0 0 0 0 0 0 0 0 0 0 0 0 0 0] spanID:[0 0 0 0 0 0 0 0] traceFlags:0 traceState:{list:[]} remote:false}}]
[2026-07-26 20:16:11.701] local.info: [0.429ms] [rows:0] SELECT * FROM `procs` WHERE emp_id=13 AND status=0 ORDER BY id desc
[Context] map[trace.traceContextKeyType:{Span:<nil> sc:{traceID:[0 0 0 0 0 0 0 0 0 0 0 0 0 0 0 0] spanID:[0 0 0 0 0 0 0 0] traceFlags:0 traceState:{list:[]} remote:false}}]
[2026-07-26 20:16:11.701] local.info: [0.287ms] [rows:3] SELECT * FROM `flows` WHERE is_publish=1 AND is_show=1
[Context] map[trace.traceContextKeyType:{Span:<nil> sc:{traceID:[0 0 0 0 0 0 0 0 0 0 0 0 0 0 0 0] spanID:[0 0 0 0 0 0 0 0] traceFlags:0 traceState:{list:[]} remote:false}}]
[2026-07-26 20:16:11.702] local.info: [0.275ms] [rows:1] SELECT * FROM `emps` WHERE `emps`.`id` = 13
[Context] map[trace.traceContextKeyType:{Span:<nil> sc:{traceID:[0 0 0 0 0 0 0 0 0 0 0 0 0 0 0 0] spanID:[0 0 0 0 0 0 0 0] traceFlags:0 traceState:{list:[]} remote:false}}]
[2026-07-26 20:16:11.703] local.info: [0.341ms] [rows:4] SELECT * FROM `entries` WHERE `entries`.`id` IN (4,3,2,1)
[Context] map[trace.traceContextKeyType:{Span:<nil> sc:{traceID:[0 0 0 0 0 0 0 0 0 0 0 0 0 0 0 0] spanID:[0 0 0 0 0 0 0 0] traceFlags:0 traceState:{list:[]} remote:false}}]
[2026-07-26 20:16:11.703] local.info: [1.192ms] [rows:4] SELECT * FROM `procs` WHERE emp_id=13 AND status!=0 ORDER BY id desc
[Context] map[trace.traceContextKeyType:{Span:<nil> sc:{traceID:[0 0 0 0 0 0 0 0 0 0 0 0 0 0 0 0] spanID:[0 0 0 0 0 0 0 0] traceFlags:0 traceState:{list:[]} remote:false}}]
[2026-07-26 20:16:11.703] local.info: [0.345ms] [rows:0] SELECT * FROM `cc_records` WHERE emp_id=13 ORDER BY id desc
[Context] map[trace.traceContextKeyType:{Span:<nil> sc:{traceID:[0 0 0 0 0 0 0 0 0 0 0 0 0 0 0 0] spanID:[0 0 0 0 0 0 0 0] traceFlags:0 traceState:{list:[]} remote:false}}]
[2026-07-26 20:16:14.917] local.info: [0.407ms] [rows:1] SELECT * FROM `depts` WHERE `depts`.`id` = 5
[Context] map[trace.traceContextKeyType:{Span:<nil> sc:{traceID:[0 0 0 0 0 0 0 0 0 0 0 0 0 0 0 0] spanID:[0 0 0 0 0 0 0 0] traceFlags:0 traceState:{list:[]} remote:false}}]
[2026-07-26 20:16:14.917] local.info: [0.964ms] [rows:1] SELECT * FROM `emps` WHERE `emps`.`id` = 13
[Context] map[trace.traceContextKeyType:{Span:<nil> sc:{traceID:[0 0 0 0 0 0 0 0 0 0 0 0 0 0 0 0] spanID:[0 0 0 0 0 0 0 0] traceFlags:0 traceState:{list:[]} remote:false}}]
[2026-07-26 20:16:14.918] local.info: [0.360ms] [rows:1] SELECT * FROM `entrydatas` WHERE `entrydatas`.`entry_id` = 4
[Context] map[trace.traceContextKeyType:{Span:<nil> sc:{traceID:[0 0 0 0 0 0 0 0 0 0 0 0 0 0 0 0] spanID:[0 0 0 0 0 0 0 0] traceFlags:0 traceState:{list:[]} remote:false}}]
[2026-07-26 20:16:14.919] local.info: [0.594ms] [rows:1] SELECT * FROM `templateforms` WHERE `templateforms`.`template_id` = 3
[Context] map[trace.traceContextKeyType:{Span:<nil> sc:{traceID:[0 0 0 0 0 0 0 0 0 0 0 0 0 0 0 0] spanID:[0 0 0 0 0 0 0 0] traceFlags:0 traceState:{list:[]} remote:false}}]
[2026-07-26 20:16:14.92] local.info: [1.155ms] [rows:1] SELECT * FROM `templates` WHERE `templates`.`id` = 3
[Context] map[trace.traceContextKeyType:{Span:<nil> sc:{traceID:[0 0 0 0 0 0 0 0 0 0 0 0 0 0 0 0] spanID:[0 0 0 0 0 0 0 0] traceFlags:0 traceState:{list:[]} remote:false}}]
[2026-07-26 20:16:14.92] local.info: [1.738ms] [rows:1] SELECT * FROM `flows` WHERE `flows`.`id` = 3
[Context] map[trace.traceContextKeyType:{Span:<nil> sc:{traceID:[0 0 0 0 0 0 0 0 0 0 0 0 0 0 0 0] spanID:[0 0 0 0 0 0 0 0] traceFlags:0 traceState:{list:[]} remote:false}}]
[2026-07-26 20:16:14.92] local.info: [0.523ms] [rows:1] SELECT * FROM `processes` WHERE `processes`.`id` = 7
[Context] map[trace.traceContextKeyType:{Span:<nil> sc:{traceID:[0 0 0 0 0 0 0 0 0 0 0 0 0 0 0 0] spanID:[0 0 0 0 0 0 0 0] traceFlags:0 traceState:{list:[]} remote:false}}]
[2026-07-26 20:16:14.921] local.info: [0.629ms] [rows:3] SELECT * FROM `procs` WHERE `procs`.`entry_id` = 4 ORDER BY id asc
[Context] map[trace.traceContextKeyType:{Span:<nil> sc:{traceID:[0 0 0 0 0 0 0 0 0 0 0 0 0 0 0 0] spanID:[0 0 0 0 0 0 0 0] traceFlags:0 traceState:{list:[]} remote:false}}]
[2026-07-26 20:16:14.921] local.info: [5.678ms] [rows:1] SELECT * FROM `entries` WHERE `id` = 4
[Context] map[trace.traceContextKeyType:{Span:<nil> sc:{traceID:[0 0 0 0 0 0 0 0 0 0 0 0 0 0 0 0] spanID:[0 0 0 0 0 0 0 0] traceFlags:0 traceState:{list:[]} remote:false}}]
[2026-07-26 20:16:14.922] local.info: [0.466ms] [rows:0] SELECT * FROM `proc_comments` WHERE entry_id = 4 AND status = 1 ORDER BY id asc
[Context] map[trace.traceContextKeyType:{Span:<nil> sc:{traceID:[0 0 0 0 0 0 0 0 0 0 0 0 0 0 0 0] spanID:[0 0 0 0 0 0 0 0] traceFlags:0 traceState:{list:[]} remote:false}}]
[2026-07-26 20:16:14.922] local.info: [0.381ms] [rows:0] SELECT * FROM `entries` WHERE pid = 4
[Context] map[trace.traceContextKeyType:{Span:<nil> sc:{traceID:[0 0 0 0 0 0 0 0 0 0 0 0 0 0 0 0] spanID:[0 0 0 0 0 0 0 0] traceFlags:0 traceState:{list:[]} remote:false}}]
[2026-07-26 20:16:19.063] local.info: [0.961ms] [rows:1] SELECT * FROM `emps` WHERE `emps`.`id` = '13'
[Context] map[trace.traceContextKeyType:{Span:<nil> sc:{traceID:[0 0 0 0 0 0 0 0 0 0 0 0 0 0 0 0] spanID:[0 0 0 0 0 0 0 0] traceFlags:0 traceState:{list:[]} remote:false}}]
[2026-07-26 20:16:19.064] local.info: [1.247ms] [rows:1] SELECT * FROM `emps` WHERE user_id=13
[Context] map[trace.traceContextKeyType:{Span:<nil> sc:{traceID:[0 0 0 0 0 0 0 0 0 0 0 0 0 0 0 0] spanID:[0 0 0 0 0 0 0 0] traceFlags:0 traceState:{list:[]} remote:false}}]
[2026-07-26 20:16:19.065] local.info: [0.597ms] [rows:1] SELECT count(*) FROM `depts`
[Context] map[trace.traceContextKeyType:{Span:<nil> sc:{traceID:[0 0 0 0 0 0 0 0 0 0 0 0 0 0 0 0] spanID:[0 0 0 0 0 0 0 0] traceFlags:0 traceState:{list:[]} remote:false}}]
[2026-07-26 20:16:19.065] local.info: [0.188ms] [rows:1] SELECT count(*) FROM `emps`
[Context] map[trace.traceContextKeyType:{Span:<nil> sc:{traceID:[0 0 0 0 0 0 0 0 0 0 0 0 0 0 0 0] spanID:[0 0 0 0 0 0 0 0] traceFlags:0 traceState:{list:[]} remote:false}}]
[2026-07-26 20:16:19.066] local.info: [0.392ms] [rows:1] SELECT count(*) FROM `flows`
[Context] map[trace.traceContextKeyType:{Span:<nil> sc:{traceID:[0 0 0 0 0 0 0 0 0 0 0 0 0 0 0 0] spanID:[0 0 0 0 0 0 0 0] traceFlags:0 traceState:{list:[]} remote:false}}]
[2026-07-26 20:16:19.066] local.info: [0.337ms] [rows:1] SELECT count(*) FROM `templates`
[Context] map[trace.traceContextKeyType:{Span:<nil> sc:{traceID:[0 0 0 0 0 0 0 0 0 0 0 0 0 0 0 0] spanID:[0 0 0 0 0 0 0 0] traceFlags:0 traceState:{list:[]} remote:false}}]
[2026-07-26 20:16:19.066] local.info: [0.162ms] [rows:1] SELECT count(*) FROM `entries`
[Context] map[trace.traceContextKeyType:{Span:<nil> sc:{traceID:[0 0 0 0 0 0 0 0 0 0 0 0 0 0 0 0] spanID:[0 0 0 0 0 0 0 0] traceFlags:0 traceState:{list:[]} remote:false}}]
[2026-07-26 20:16:19.067] local.info: [0.371ms] [rows:1] SELECT count(*) FROM `procs` WHERE status=0
[Context] map[trace.traceContextKeyType:{Span:<nil> sc:{traceID:[0 0 0 0 0 0 0 0 0 0 0 0 0 0 0 0] spanID:[0 0 0 0 0 0 0 0] traceFlags:0 traceState:{list:[]} remote:false}}]
[2026-07-26 20:16:19.068] local.info: [0.711ms] [rows:1] SELECT * FROM `emps` WHERE `emps`.`id` = 13
[Context] map[trace.traceContextKeyType:{Span:<nil> sc:{traceID:[0 0 0 0 0 0 0 0 0 0 0 0 0 0 0 0] spanID:[0 0 0 0 0 0 0 0] traceFlags:0 traceState:{list:[]} remote:false}}]
[2026-07-26 20:16:19.069] local.info: [0.492ms] [rows:2] SELECT * FROM `flows` WHERE `flows`.`id` IN (3,1)
[Context] map[trace.traceContextKeyType:{Span:<nil> sc:{traceID:[0 0 0 0 0 0 0 0 0 0 0 0 0 0 0 0] spanID:[0 0 0 0 0 0 0 0] traceFlags:0 traceState:{list:[]} remote:false}}]
[2026-07-26 20:16:19.07] local.info: [0.467ms] [rows:2] SELECT * FROM `processes` WHERE `processes`.`id` IN (7,2)
[Context] map[trace.traceContextKeyType:{Span:<nil> sc:{traceID:[0 0 0 0 0 0 0 0 0 0 0 0 0 0 0 0] spanID:[0 0 0 0 0 0 0 0] traceFlags:0 traceState:{list:[]} remote:false}}]
[2026-07-26 20:16:19.07] local.info: [0.480ms] [rows:1] SELECT * FROM `procs` WHERE `procs`.`entry_id` IN (4,3,2,1) ORDER BY id desc LIMIT 1
[Context] map[trace.traceContextKeyType:{Span:<nil> sc:{traceID:[0 0 0 0 0 0 0 0 0 0 0 0 0 0 0 0] spanID:[0 0 0 0 0 0 0 0] traceFlags:0 traceState:{list:[]} remote:false}}]
[2026-07-26 20:16:19.07] local.info: [3.297ms] [rows:4] SELECT * FROM `entries` WHERE emp_id=13 AND pid=0 ORDER BY id desc
[Context] map[trace.traceContextKeyType:{Span:<nil> sc:{traceID:[0 0 0 0 0 0 0 0 0 0 0 0 0 0 0 0] spanID:[0 0 0 0 0 0 0 0] traceFlags:0 traceState:{list:[]} remote:false}}]
[2026-07-26 20:16:19.071] local.info: [0.459ms] [rows:0] SELECT * FROM `procs` WHERE emp_id=13 AND status=0 ORDER BY id desc
[Context] map[trace.traceContextKeyType:{Span:<nil> sc:{traceID:[0 0 0 0 0 0 0 0 0 0 0 0 0 0 0 0] spanID:[0 0 0 0 0 0 0 0] traceFlags:0 traceState:{list:[]} remote:false}}]
[2026-07-26 20:16:19.072] local.info: [0.487ms] [rows:3] SELECT * FROM `flows` WHERE is_publish=1 AND is_show=1
[Context] map[trace.traceContextKeyType:{Span:<nil> sc:{traceID:[0 0 0 0 0 0 0 0 0 0 0 0 0 0 0 0] spanID:[0 0 0 0 0 0 0 0] traceFlags:0 traceState:{list:[]} remote:false}}]
[2026-07-26 20:16:19.073] local.info: [0.293ms] [rows:1] SELECT * FROM `emps` WHERE `emps`.`id` = 13
[Context] map[trace.traceContextKeyType:{Span:<nil> sc:{traceID:[0 0 0 0 0 0 0 0 0 0 0 0 0 0 0 0] spanID:[0 0 0 0 0 0 0 0] traceFlags:0 traceState:{list:[]} remote:false}}]
[2026-07-26 20:16:19.073] local.info: [0.480ms] [rows:4] SELECT * FROM `entries` WHERE `entries`.`id` IN (4,3,2,1)
[Context] map[trace.traceContextKeyType:{Span:<nil> sc:{traceID:[0 0 0 0 0 0 0 0 0 0 0 0 0 0 0 0] spanID:[0 0 0 0 0 0 0 0] traceFlags:0 traceState:{list:[]} remote:false}}]
[2026-07-26 20:16:19.073] local.info: [1.563ms] [rows:4] SELECT * FROM `procs` WHERE emp_id=13 AND status!=0 ORDER BY id desc
[Context] map[trace.traceContextKeyType:{Span:<nil> sc:{traceID:[0 0 0 0 0 0 0 0 0 0 0 0 0 0 0 0] spanID:[0 0 0 0 0 0 0 0] traceFlags:0 traceState:{list:[]} remote:false}}]
[2026-07-26 20:16:19.074] local.info: [0.342ms] [rows:0] SELECT * FROM `cc_records` WHERE emp_id=13 ORDER BY id desc
[Context] map[trace.traceContextKeyType:{Span:<nil> sc:{traceID:[0 0 0 0 0 0 0 0 0 0 0 0 0 0 0 0] spanID:[0 0 0 0 0 0 0 0] traceFlags:0 traceState:{list:[]} remote:false}}]
[2026-07-26 20:16:21.337] local.info: [1.183ms] [rows:1] SELECT count(*) FROM `flows`
[Context] map[trace.traceContextKeyType:{Span:<nil> sc:{traceID:[0 0 0 0 0 0 0 0 0 0 0 0 0 0 0 0] spanID:[0 0 0 0 0 0 0 0] traceFlags:0 traceState:{list:[]} remote:false}}]
[2026-07-26 20:16:21.338] local.info: [0.605ms] [rows:3] SELECT * FROM `flows` LIMIT 10
[Context] map[trace.traceContextKeyType:{Span:<nil> sc:{traceID:[0 0 0 0 0 0 0 0 0 0 0 0 0 0 0 0] spanID:[0 0 0 0 0 0 0 0] traceFlags:0 traceState:{list:[]} remote:false}}]
[2026-07-26 20:16:22.869] local.info: [0.505ms] [rows:0] SELECT * FROM `processvars` WHERE `processvars`.`flow_id` = 3
[Context] map[trace.traceContextKeyType:{Span:<nil> sc:{traceID:[0 0 0 0 0 0 0 0 0 0 0 0 0 0 0 0] spanID:[0 0 0 0 0 0 0 0] traceFlags:0 traceState:{list:[]} remote:false}}]
[2026-07-26 20:16:22.869] local.info: [0.584ms] [rows:3] SELECT * FROM `processes` WHERE `processes`.`flow_id` = 3
[Context] map[trace.traceContextKeyType:{Span:<nil> sc:{traceID:[0 0 0 0 0 0 0 0 0 0 0 0 0 0 0 0] spanID:[0 0 0 0 0 0 0 0] traceFlags:0 traceState:{list:[]} remote:false}}]
[2026-07-26 20:16:22.87] local.info: [2.300ms] [rows:1] SELECT * FROM `flows` WHERE id=3
[Context] map[trace.traceContextKeyType:{Span:<nil> sc:{traceID:[0 0 0 0 0 0 0 0 0 0 0 0 0 0 0 0] spanID:[0 0 0 0 0 0 0 0] traceFlags:0 traceState:{list:[]} remote:false}}]
[2026-07-26 20:16:27.616] local.info: [0.903ms] [rows:1] SELECT * FROM `processes` WHERE id=7
[Context] map[trace.traceContextKeyType:{Span:<nil> sc:{traceID:[0 0 0 0 0 0 0 0 0 0 0 0 0 0 0 0] spanID:[0 0 0 0 0 0 0 0] traceFlags:0 traceState:{list:[]} remote:false}}]
[2026-07-26 20:16:27.617] local.info: [0.402ms] [rows:1] SELECT * FROM `processes` WHERE `processes`.`id` = 8
[Context] map[trace.traceContextKeyType:{Span:<nil> sc:{traceID:[0 0 0 0 0 0 0 0 0 0 0 0 0 0 0 0] spanID:[0 0 0 0 0 0 0 0] traceFlags:0 traceState:{list:[]} remote:false}}]
[2026-07-26 20:16:27.617] local.info: [0.352ms] [rows:1] SELECT * FROM `processes` WHERE `processes`.`id` = 7
[Context] map[trace.traceContextKeyType:{Span:<nil> sc:{traceID:[0 0 0 0 0 0 0 0 0 0 0 0 0 0 0 0] spanID:[0 0 0 0 0 0 0 0] traceFlags:0 traceState:{list:[]} remote:false}}]
[2026-07-26 20:16:27.617] local.info: [1.584ms] [rows:1] SELECT * FROM `flowlinks` WHERE process_id=7 AND flow_id=3
[Context] map[trace.traceContextKeyType:{Span:<nil> sc:{traceID:[0 0 0 0 0 0 0 0 0 0 0 0 0 0 0 0] spanID:[0 0 0 0 0 0 0 0] traceFlags:0 traceState:{list:[]} remote:false}}]
[2026-07-26 20:16:27.618] local.info: [0.325ms] [rows:1] SELECT `next_process_id` FROM `flowlinks` WHERE process_id=7 AND flow_id=3
[Context] map[trace.traceContextKeyType:{Span:<nil> sc:{traceID:[0 0 0 0 0 0 0 0 0 0 0 0 0 0 0 0] spanID:[0 0 0 0 0 0 0 0] traceFlags:0 traceState:{list:[]} remote:false}}]
[2026-07-26 20:16:27.619] local.info: [0.446ms] [rows:2] SELECT * FROM `processes` WHERE `processes`.`id` IN (8,7)
[Context] map[trace.traceContextKeyType:{Span:<nil> sc:{traceID:[0 0 0 0 0 0 0 0 0 0 0 0 0 0 0 0] spanID:[0 0 0 0 0 0 0 0] traceFlags:0 traceState:{list:[]} remote:false}}]
[2026-07-26 20:16:27.619] local.info: [0.386ms] [rows:2] SELECT * FROM `processes` WHERE `processes`.`id` IN (7,6)
[Context] map[trace.traceContextKeyType:{Span:<nil> sc:{traceID:[0 0 0 0 0 0 0 0 0 0 0 0 0 0 0 0] spanID:[0 0 0 0 0 0 0 0] traceFlags:0 traceState:{list:[]} remote:false}}]
[2026-07-26 20:16:27.619] local.info: [1.469ms] [rows:2] SELECT * FROM `flowlinks` WHERE flow_id=3 AND type != 'Condition' AND process_id not in (8) AND next_process_id > 0
[Context] map[trace.traceContextKeyType:{Span:<nil> sc:{traceID:[0 0 0 0 0 0 0 0 0 0 0 0 0 0 0 0] spanID:[0 0 0 0 0 0 0 0] traceFlags:0 traceState:{list:[]} remote:false}}]
[2026-07-26 20:16:27.62] local.info: [0.385ms] [rows:1] SELECT * FROM `templates` WHERE `templates`.`id` = 3
[Context] map[trace.traceContextKeyType:{Span:<nil> sc:{traceID:[0 0 0 0 0 0 0 0 0 0 0 0 0 0 0 0] spanID:[0 0 0 0 0 0 0 0] traceFlags:0 traceState:{list:[]} remote:false}}]
[2026-07-26 20:16:27.62] local.info: [0.963ms] [rows:1] SELECT * FROM `flows` WHERE id=3
[Context] map[trace.traceContextKeyType:{Span:<nil> sc:{traceID:[0 0 0 0 0 0 0 0 0 0 0 0 0 0 0 0] spanID:[0 0 0 0 0 0 0 0] traceFlags:0 traceState:{list:[]} remote:false}}]
[2026-07-26 20:16:27.621] local.info: [0.468ms] [rows:1] SELECT * FROM `templateforms` WHERE template_id=3
[Context] map[trace.traceContextKeyType:{Span:<nil> sc:{traceID:[0 0 0 0 0 0 0 0 0 0 0 0 0 0 0 0] spanID:[0 0 0 0 0 0 0 0] traceFlags:0 traceState:{list:[]} remote:false}}]
[2026-07-26 20:16:27.622] local.info: [0.365ms] [rows:1] SELECT `auditor` FROM `flowlinks` WHERE process_id=7 AND type='Emp'
[Context] map[trace.traceContextKeyType:{Span:<nil> sc:{traceID:[0 0 0 0 0 0 0 0 0 0 0 0 0 0 0 0] spanID:[0 0 0 0 0 0 0 0] traceFlags:0 traceState:{list:[]} remote:false}}]
[2026-07-26 20:16:27.622] local.info: [0.352ms] [rows:1] SELECT * FROM `emps` WHERE id in ('8')
[Context] map[trace.traceContextKeyType:{Span:<nil> sc:{traceID:[0 0 0 0 0 0 0 0 0 0 0 0 0 0 0 0] spanID:[0 0 0 0 0 0 0 0] traceFlags:0 traceState:{list:[]} remote:false}}]
[2026-07-26 20:16:27.623] local.info: [0.419ms] [rows:0] SELECT * FROM `flowlinks` WHERE process_id = 7 AND flow_id=3 AND type='Sys'
[Context] map[trace.traceContextKeyType:{Span:<nil> sc:{traceID:[0 0 0 0 0 0 0 0 0 0 0 0 0 0 0 0] spanID:[0 0 0 0 0 0 0 0] traceFlags:0 traceState:{list:[]} remote:false}}]
[2026-07-26 20:16:27.623] local.info: [0.677ms] [rows:0] SELECT `auditor` FROM `flowlinks` WHERE type='Dept' AND process_id=7
[Context] map[trace.traceContextKeyType:{Span:<nil> sc:{traceID:[0 0 0 0 0 0 0 0 0 0 0 0 0 0 0 0] spanID:[0 0 0 0 0 0 0 0] traceFlags:0 traceState:{list:[]} remote:false}}]
[2026-07-26 20:16:27.624] local.info: [0.307ms] [rows:0] SELECT * FROM `depts` WHERE id in ('')
[Context] map[trace.traceContextKeyType:{Span:<nil> sc:{traceID:[0 0 0 0 0 0 0 0 0 0 0 0 0 0 0 0] spanID:[0 0 0 0 0 0 0 0] traceFlags:0 traceState:{list:[]} remote:false}}]
[2026-07-26 20:16:27.624] local.info: [0.432ms] [rows:2] SELECT * FROM `flows` WHERE is_publish=1 AND id!=3
[Context] map[trace.traceContextKeyType:{Span:<nil> sc:{traceID:[0 0 0 0 0 0 0 0 0 0 0 0 0 0 0 0] spanID:[0 0 0 0 0 0 0 0] traceFlags:0 traceState:{list:[]} remote:false}}]
[2026-07-26 20:16:27.625] local.info: [0.477ms] [rows:3] SELECT * FROM `processes` WHERE flow_id=3
[Context] map[trace.traceContextKeyType:{Span:<nil> sc:{traceID:[0 0 0 0 0 0 0 0 0 0 0 0 0 0 0 0] spanID:[0 0 0 0 0 0 0 0] traceFlags:0 traceState:{list:[]} remote:false}}]
[2026-07-26 20:16:27.626] local.info: [0.488ms] [rows:1] SELECT * FROM `flowlinks` WHERE process_id = 7 AND flow_id=3 AND type='Emp'
[Context] map[trace.traceContextKeyType:{Span:<nil> sc:{traceID:[0 0 0 0 0 0 0 0 0 0 0 0 0 0 0 0] spanID:[0 0 0 0 0 0 0 0] traceFlags:0 traceState:{list:[]} remote:false}}]
[2026-07-26 20:16:27.626] local.info: [0.434ms] [rows:0] SELECT * FROM `flowlinks` WHERE process_id = 7 AND flow_id=3 AND type='Dept'
[Context] map[trace.traceContextKeyType:{Span:<nil> sc:{traceID:[0 0 0 0 0 0 0 0 0 0 0 0 0 0 0 0] spanID:[0 0 0 0 0 0 0 0] traceFlags:0 traceState:{list:[]} remote:false}}]
[2026-07-26 20:16:37.22] local.info: [1.117ms] [rows:1] SELECT * FROM `processes` WHERE id=7
[Context] map[trace.traceContextKeyType:{Span:<nil> sc:{traceID:[0 0 0 0 0 0 0 0 0 0 0 0 0 0 0 0] spanID:[0 0 0 0 0 0 0 0] traceFlags:0 traceState:{list:[]} remote:false}}]
[2026-07-26 20:16:37.222] local.info: [0.546ms] [rows:1] SELECT * FROM `processes` WHERE `processes`.`id` = 8
[Context] map[trace.traceContextKeyType:{Span:<nil> sc:{traceID:[0 0 0 0 0 0 0 0 0 0 0 0 0 0 0 0] spanID:[0 0 0 0 0 0 0 0] traceFlags:0 traceState:{list:[]} remote:false}}]
[2026-07-26 20:16:37.222] local.info: [0.509ms] [rows:1] SELECT * FROM `processes` WHERE `processes`.`id` = 7
[Context] map[trace.traceContextKeyType:{Span:<nil> sc:{traceID:[0 0 0 0 0 0 0 0 0 0 0 0 0 0 0 0] spanID:[0 0 0 0 0 0 0 0] traceFlags:0 traceState:{list:[]} remote:false}}]
[2026-07-26 20:16:37.223] local.info: [2.360ms] [rows:1] SELECT * FROM `flowlinks` WHERE process_id=7 AND flow_id=3
[Context] map[trace.traceContextKeyType:{Span:<nil> sc:{traceID:[0 0 0 0 0 0 0 0 0 0 0 0 0 0 0 0] spanID:[0 0 0 0 0 0 0 0] traceFlags:0 traceState:{list:[]} remote:false}}]
[2026-07-26 20:16:37.223] local.info: [0.378ms] [rows:1] SELECT `next_process_id` FROM `flowlinks` WHERE process_id=7 AND flow_id=3
[Context] map[trace.traceContextKeyType:{Span:<nil> sc:{traceID:[0 0 0 0 0 0 0 0 0 0 0 0 0 0 0 0] spanID:[0 0 0 0 0 0 0 0] traceFlags:0 traceState:{list:[]} remote:false}}]
[2026-07-26 20:16:37.225] local.info: [0.613ms] [rows:2] SELECT * FROM `processes` WHERE `processes`.`id` IN (8,7)
[Context] map[trace.traceContextKeyType:{Span:<nil> sc:{traceID:[0 0 0 0 0 0 0 0 0 0 0 0 0 0 0 0] spanID:[0 0 0 0 0 0 0 0] traceFlags:0 traceState:{list:[]} remote:false}}]
[2026-07-26 20:16:37.225] local.info: [0.578ms] [rows:2] SELECT * FROM `processes` WHERE `processes`.`id` IN (7,6)
[Context] map[trace.traceContextKeyType:{Span:<nil> sc:{traceID:[0 0 0 0 0 0 0 0 0 0 0 0 0 0 0 0] spanID:[0 0 0 0 0 0 0 0] traceFlags:0 traceState:{list:[]} remote:false}}]
[2026-07-26 20:16:37.226] local.info: [2.339ms] [rows:2] SELECT * FROM `flowlinks` WHERE flow_id=3 AND type != 'Condition' AND process_id not in (8) AND next_process_id > 0
[Context] map[trace.traceContextKeyType:{Span:<nil> sc:{traceID:[0 0 0 0 0 0 0 0 0 0 0 0 0 0 0 0] spanID:[0 0 0 0 0 0 0 0] traceFlags:0 traceState:{list:[]} remote:false}}]
[2026-07-26 20:16:37.227] local.info: [0.642ms] [rows:1] SELECT * FROM `templates` WHERE `templates`.`id` = 3
[Context] map[trace.traceContextKeyType:{Span:<nil> sc:{traceID:[0 0 0 0 0 0 0 0 0 0 0 0 0 0 0 0] spanID:[0 0 0 0 0 0 0 0] traceFlags:0 traceState:{list:[]} remote:false}}]
[2026-07-26 20:16:37.227] local.info: [1.158ms] [rows:1] SELECT * FROM `flows` WHERE id=3
[Context] map[trace.traceContextKeyType:{Span:<nil> sc:{traceID:[0 0 0 0 0 0 0 0 0 0 0 0 0 0 0 0] spanID:[0 0 0 0 0 0 0 0] traceFlags:0 traceState:{list:[]} remote:false}}]
[2026-07-26 20:16:37.227] local.info: [0.492ms] [rows:1] SELECT * FROM `templateforms` WHERE template_id=3
[Context] map[trace.traceContextKeyType:{Span:<nil> sc:{traceID:[0 0 0 0 0 0 0 0 0 0 0 0 0 0 0 0] spanID:[0 0 0 0 0 0 0 0] traceFlags:0 traceState:{list:[]} remote:false}}]
[2026-07-26 20:16:37.228] local.info: [0.517ms] [rows:1] SELECT `auditor` FROM `flowlinks` WHERE process_id=7 AND type='Emp'
[Context] map[trace.traceContextKeyType:{Span:<nil> sc:{traceID:[0 0 0 0 0 0 0 0 0 0 0 0 0 0 0 0] spanID:[0 0 0 0 0 0 0 0] traceFlags:0 traceState:{list:[]} remote:false}}]
[2026-07-26 20:16:37.228] local.info: [0.260ms] [rows:1] SELECT * FROM `emps` WHERE id in ('8')
[Context] map[trace.traceContextKeyType:{Span:<nil> sc:{traceID:[0 0 0 0 0 0 0 0 0 0 0 0 0 0 0 0] spanID:[0 0 0 0 0 0 0 0] traceFlags:0 traceState:{list:[]} remote:false}}]
[2026-07-26 20:16:37.229] local.info: [0.288ms] [rows:0] SELECT * FROM `flowlinks` WHERE process_id = 7 AND flow_id=3 AND type='Sys'
[Context] map[trace.traceContextKeyType:{Span:<nil> sc:{traceID:[0 0 0 0 0 0 0 0 0 0 0 0 0 0 0 0] spanID:[0 0 0 0 0 0 0 0] traceFlags:0 traceState:{list:[]} remote:false}}]
[2026-07-26 20:16:37.229] local.info: [0.215ms] [rows:0] SELECT `auditor` FROM `flowlinks` WHERE type='Dept' AND process_id=7
[Context] map[trace.traceContextKeyType:{Span:<nil> sc:{traceID:[0 0 0 0 0 0 0 0 0 0 0 0 0 0 0 0] spanID:[0 0 0 0 0 0 0 0] traceFlags:0 traceState:{list:[]} remote:false}}]
[2026-07-26 20:16:37.229] local.info: [0.236ms] [rows:0] SELECT * FROM `depts` WHERE id in ('')
[Context] map[trace.traceContextKeyType:{Span:<nil> sc:{traceID:[0 0 0 0 0 0 0 0 0 0 0 0 0 0 0 0] spanID:[0 0 0 0 0 0 0 0] traceFlags:0 traceState:{list:[]} remote:false}}]
[2026-07-26 20:16:37.23] local.info: [0.310ms] [rows:2] SELECT * FROM `flows` WHERE is_publish=1 AND id!=3
[Context] map[trace.traceContextKeyType:{Span:<nil> sc:{traceID:[0 0 0 0 0 0 0 0 0 0 0 0 0 0 0 0] spanID:[0 0 0 0 0 0 0 0] traceFlags:0 traceState:{list:[]} remote:false}}]
[2026-07-26 20:16:37.23] local.info: [0.365ms] [rows:3] SELECT * FROM `processes` WHERE flow_id=3
[Context] map[trace.traceContextKeyType:{Span:<nil> sc:{traceID:[0 0 0 0 0 0 0 0 0 0 0 0 0 0 0 0] spanID:[0 0 0 0 0 0 0 0] traceFlags:0 traceState:{list:[]} remote:false}}]
[2026-07-26 20:16:37.23] local.info: [0.306ms] [rows:1] SELECT * FROM `flowlinks` WHERE process_id = 7 AND flow_id=3 AND type='Emp'
[Context] map[trace.traceContextKeyType:{Span:<nil> sc:{traceID:[0 0 0 0 0 0 0 0 0 0 0 0 0 0 0 0] spanID:[0 0 0 0 0 0 0 0] traceFlags:0 traceState:{list:[]} remote:false}}]
[2026-07-26 20:16:37.231] local.info: [0.260ms] [rows:0] SELECT * FROM `flowlinks` WHERE process_id = 7 AND flow_id=3 AND type='Dept'
[Context] map[trace.traceContextKeyType:{Span:<nil> sc:{traceID:[0 0 0 0 0 0 0 0 0 0 0 0 0 0 0 0] spanID:[0 0 0 0 0 0 0 0] traceFlags:0 traceState:{list:[]} remote:false}}]
